
*** Running vivado
    with args -log Mercury_XU5_smartconnect_00_0.vds -m64 -product Vivado -mode batch -messageDb vivado.pb -notrace -source Mercury_XU5_smartconnect_00_0.tcl


****** Vivado v2022.2 (64-bit)
  **** SW Build 3671981 on Fri Oct 14 04:59:54 MDT 2022
  **** IP Build 3669848 on Fri Oct 14 08:30:02 MDT 2022
    ** Copyright 1986-2022 Xilinx, Inc. All Rights Reserved.

WARNING: [Runs 36-547] User Strategy 'Vivado Implementation Defaults' from file '/home/wto/.Xilinx/Vivado/2022.2/strategies/Vivado Implementation Defaults_2.Vivado Implementation 2022.psg' discarded because strategy with same name already parsed from '/home/wto/Xilinx/Vivado/2022.2/strategies/VDI2022.psg'
WARNING: [Runs 36-547] User Strategy 'Vivado Synthesis Defaults' from file '/home/wto/.Xilinx/Vivado/2022.2/strategies/Vivado Synthesis Defaults.Vivado Synthesis 2022.psg' discarded because strategy with same name already parsed from '/home/wto/Xilinx/Vivado/2022.2/strategies/VDS2022.psg'
WARNING: [Runs 36-547] User Strategy 'Vivado Implementation Defaults' from file '/home/wto/.Xilinx/Vivado/2022.2/strategies/Vivado Implementation Defaults.Vivado Implementation 2022.psg' discarded because strategy with same name already parsed from '/home/wto/Xilinx/Vivado/2022.2/strategies/VDI2022.psg'
WARNING: [Runs 36-547] User Strategy 'Vivado Synthesis Defaults' from file '/home/wto/.Xilinx/Vivado/2022.2/strategies/Vivado Synthesis Defaults_2.Vivado Synthesis 2022.psg' discarded because strategy with same name already parsed from '/home/wto/Xilinx/Vivado/2022.2/strategies/VDS2022.psg'
source Mercury_XU5_smartconnect_00_0.tcl -notrace
WARNING: [Common 17-1361] You have specified a new message control rule that is equivalent to an existing rule with attributes ' -id {[BD 41-1306]}  -suppress '. The existing rule will be replaced.
WARNING: [Common 17-1361] You have specified a new message control rule that is equivalent to an existing rule with attributes ' -id {[BD 41-1306]}  -suppress '. The existing rule will be replaced.
WARNING: [Common 17-1361] You have specified a new message control rule that is equivalent to an existing rule with attributes ' -id {[BD 41-1271]}  -suppress '. The existing rule will be replaced.
WARNING: [Common 17-1361] You have specified a new message control rule that is equivalent to an existing rule with attributes ' -id {[BD 41-1306]}  -suppress '. The existing rule will be replaced.
WARNING: [Common 17-1361] You have specified a new message control rule that is equivalent to an existing rule with attributes ' -id {[BD 41-1271]}  -suppress '. The existing rule will be replaced.
WARNING: [Common 17-1361] You have specified a new message control rule that is equivalent to an existing rule with attributes ' -id {[BD 41-1306]}  -suppress '. The existing rule will be replaced.
WARNING: [Common 17-1361] You have specified a new message control rule that is equivalent to an existing rule with attributes ' -id {[BD 41-1271]}  -suppress '. The existing rule will be replaced.
WARNING: [Common 17-1361] You have specified a new message control rule that is equivalent to an existing rule with attributes ' -id {[BD 41-1306]}  -suppress '. The existing rule will be replaced.
WARNING: [Common 17-1361] You have specified a new message control rule that is equivalent to an existing rule with attributes ' -id {[BD 41-1271]}  -suppress '. The existing rule will be replaced.
WARNING: [Common 17-1361] You have specified a new message control rule that is equivalent to an existing rule with attributes ' -id {[BD 41-1306]}  -suppress '. The existing rule will be replaced.
WARNING: [Common 17-1361] You have specified a new message control rule that is equivalent to an existing rule with attributes ' -id {[BD 41-1271]}  -suppress '. The existing rule will be replaced.
WARNING: [Common 17-1361] You have specified a new message control rule that is equivalent to an existing rule with attributes ' -id {[BD 41-1306]}  -suppress '. The existing rule will be replaced.
WARNING: [Common 17-1361] You have specified a new message control rule that is equivalent to an existing rule with attributes ' -id {[BD 41-1271]}  -suppress '. The existing rule will be replaced.
WARNING: [Common 17-1361] You have specified a new message control rule that is equivalent to an existing rule with attributes ' -id {[BD 41-1306]}  -suppress '. The existing rule will be replaced.
WARNING: [Common 17-1361] You have specified a new message control rule that is equivalent to an existing rule with attributes ' -id {[BD 41-1271]}  -suppress '. The existing rule will be replaced.
WARNING: [Common 17-1361] You have specified a new message control rule that is equivalent to an existing rule with attributes ' -id {[BD 41-1306]}  -suppress '. The existing rule will be replaced.
WARNING: [Common 17-1361] You have specified a new message control rule that is equivalent to an existing rule with attributes ' -id {[BD 41-1271]}  -suppress '. The existing rule will be replaced.
WARNING: [Common 17-1361] You have specified a new message control rule that is equivalent to an existing rule with attributes ' -id {[BD 41-1306]}  -suppress '. The existing rule will be replaced.
INFO: [IP_Flow 19-234] Refreshing IP repositories
INFO: [IP_Flow 19-1700] Loaded user IP repository '/home/wto/Eos/EosMuon/ip_repo'.
INFO: [IP_Flow 19-2313] Loaded Vivado IP repository '/home/wto/Xilinx/Vivado/2022.2/data/ip'.
INFO: [IP_Flow 19-6924] IPCACHE: Running cache check for IP inst: Mercury_XU5_smartconnect_00_0
Command: synth_design -top Mercury_XU5_smartconnect_00_0 -part xczu2eg-sfvc784-1-i -incremental_mode off -mode out_of_context
Starting synth_design
Attempting to get a license for feature 'Synthesis' and/or device 'xczu2eg'
INFO: [Common 17-349] Got license for feature 'Synthesis' and/or device 'xczu2eg'
INFO: [Device 21-403] Loading part xczu2eg-sfvc784-1-i
INFO: [Synth 8-7079] Multithreading enabled for synth_design using a maximum of 4 processes.
INFO: [Synth 8-7078] Launching helper process for spawning children vivado processes
INFO: [Synth 8-7075] Helper process launched with PID 1882502
INFO: [Synth 8-11241] undeclared symbol 'REGCCE', assumed default net type 'wire' [/home/wto/Xilinx/Vivado/2022.2/data/verilog/src/unimacro/BRAM_SINGLE_MACRO.v:2170]
WARNING: [Synth 8-11067] parameter 'K_MAX_EP_ROUTE_WIDTH' declared inside package 'sc_util_v1_0_4_pkg' shall be treated as localparam [/home/wto/Eos/EosMuon/EosMuonPL/EosMuonPL.gen/sources_1/bd/Mercury_XU5/ipshared/f0b6/hdl/sc_util_v1_0_vl_rfs.sv:87]
WARNING: [Synth 8-11067] parameter 'K_MAX_SC_ROUTE_WIDTH' declared inside package 'sc_util_v1_0_4_pkg' shall be treated as localparam [/home/wto/Eos/EosMuon/EosMuonPL/EosMuonPL.gen/sources_1/bd/Mercury_XU5/ipshared/f0b6/hdl/sc_util_v1_0_vl_rfs.sv:88]
WARNING: [Synth 8-11067] parameter 'K_MAX_CMD_PTR' declared inside package 'sc_util_v1_0_4_pkg' shall be treated as localparam [/home/wto/Eos/EosMuon/EosMuonPL/EosMuonPL.gen/sources_1/bd/Mercury_XU5/ipshared/f0b6/hdl/sc_util_v1_0_vl_rfs.sv:89]
WARNING: [Synth 8-11067] parameter 'K_MAX_LUTRAM_PTR' declared inside package 'sc_util_v1_0_4_pkg' shall be treated as localparam [/home/wto/Eos/EosMuon/EosMuonPL/EosMuonPL.gen/sources_1/bd/Mercury_XU5/ipshared/f0b6/hdl/sc_util_v1_0_vl_rfs.sv:90]
WARNING: [Synth 8-11067] parameter 'K_MAX_BRAM_PTR' declared inside package 'sc_util_v1_0_4_pkg' shall be treated as localparam [/home/wto/Eos/EosMuon/EosMuonPL/EosMuonPL.gen/sources_1/bd/Mercury_XU5/ipshared/f0b6/hdl/sc_util_v1_0_vl_rfs.sv:91]
WARNING: [Synth 8-11067] parameter 'K_MIN_BRAM_PTR' declared inside package 'sc_util_v1_0_4_pkg' shall be treated as localparam [/home/wto/Eos/EosMuon/EosMuonPL/EosMuonPL.gen/sources_1/bd/Mercury_XU5/ipshared/f0b6/hdl/sc_util_v1_0_vl_rfs.sv:92]
WARNING: [Synth 8-11067] parameter 'K_MAX_SYNC_RATIO' declared inside package 'sc_util_v1_0_4_pkg' shall be treated as localparam [/home/wto/Eos/EosMuon/EosMuonPL/EosMuonPL.gen/sources_1/bd/Mercury_XU5/ipshared/f0b6/hdl/sc_util_v1_0_vl_rfs.sv:93]
WARNING: [Synth 8-11067] parameter 'K_MAX_PIPELINES' declared inside package 'sc_util_v1_0_4_pkg' shall be treated as localparam [/home/wto/Eos/EosMuon/EosMuonPL/EosMuonPL.gen/sources_1/bd/Mercury_XU5/ipshared/f0b6/hdl/sc_util_v1_0_vl_rfs.sv:94]
WARNING: [Synth 8-11067] parameter 'K_LOG_MAX_PIPELINES' declared inside package 'sc_util_v1_0_4_pkg' shall be treated as localparam [/home/wto/Eos/EosMuon/EosMuonPL/EosMuonPL.gen/sources_1/bd/Mercury_XU5/ipshared/f0b6/hdl/sc_util_v1_0_vl_rfs.sv:95]
WARNING: [Synth 8-11067] parameter 'K_MAX_LATENCY' declared inside package 'sc_util_v1_0_4_pkg' shall be treated as localparam [/home/wto/Eos/EosMuon/EosMuonPL/EosMuonPL.gen/sources_1/bd/Mercury_XU5/ipshared/f0b6/hdl/sc_util_v1_0_vl_rfs.sv:96]
WARNING: [Synth 8-11067] parameter 'K_LOG_MAX_LATENCY' declared inside package 'sc_util_v1_0_4_pkg' shall be treated as localparam [/home/wto/Eos/EosMuon/EosMuonPL/EosMuonPL.gen/sources_1/bd/Mercury_XU5/ipshared/f0b6/hdl/sc_util_v1_0_vl_rfs.sv:97]
WARNING: [Synth 8-11067] parameter 'K_AXIS_ARB_TDATA_NUM_BYTES' declared inside package 'sc_util_v1_0_4_pkg' shall be treated as localparam [/home/wto/Eos/EosMuon/EosMuonPL/EosMuonPL.gen/sources_1/bd/Mercury_XU5/ipshared/f0b6/hdl/sc_util_v1_0_vl_rfs.sv:98]
WARNING: [Synth 8-11067] parameter 'K_MAX_USER_BITS_PER_BYTE' declared inside package 'sc_util_v1_0_4_pkg' shall be treated as localparam [/home/wto/Eos/EosMuon/EosMuonPL/EosMuonPL.gen/sources_1/bd/Mercury_XU5/ipshared/f0b6/hdl/sc_util_v1_0_vl_rfs.sv:99]
WARNING: [Synth 8-11067] parameter 'K_MAX_INFO_WIDTH' declared inside package 'sc_util_v1_0_4_pkg' shall be treated as localparam [/home/wto/Eos/EosMuon/EosMuonPL/EosMuonPL.gen/sources_1/bd/Mercury_XU5/ipshared/f0b6/hdl/sc_util_v1_0_vl_rfs.sv:100]
WARNING: [Synth 8-11067] parameter 'K_MAX_OUTSTANDING_REQ' declared inside package 'sc_util_v1_0_4_pkg' shall be treated as localparam [/home/wto/Eos/EosMuon/EosMuonPL/EosMuonPL.gen/sources_1/bd/Mercury_XU5/ipshared/f0b6/hdl/sc_util_v1_0_vl_rfs.sv:101]
WARNING: [Synth 8-11067] parameter 'K_AXI_SIZE_WIDTH' declared inside package 'sc_util_v1_0_4_pkg' shall be treated as localparam [/home/wto/Eos/EosMuon/EosMuonPL/EosMuonPL.gen/sources_1/bd/Mercury_XU5/ipshared/f0b6/hdl/sc_util_v1_0_vl_rfs.sv:102]
WARNING: [Synth 8-11067] parameter 'K_AXI_BURST_WIDTH' declared inside package 'sc_util_v1_0_4_pkg' shall be treated as localparam [/home/wto/Eos/EosMuon/EosMuonPL/EosMuonPL.gen/sources_1/bd/Mercury_XU5/ipshared/f0b6/hdl/sc_util_v1_0_vl_rfs.sv:103]
WARNING: [Synth 8-11067] parameter 'K_AXI_RESP_WIDTH' declared inside package 'sc_util_v1_0_4_pkg' shall be treated as localparam [/home/wto/Eos/EosMuon/EosMuonPL/EosMuonPL.gen/sources_1/bd/Mercury_XU5/ipshared/f0b6/hdl/sc_util_v1_0_vl_rfs.sv:104]
WARNING: [Synth 8-11067] parameter 'K_AXI_LAST_WIDTH' declared inside package 'sc_util_v1_0_4_pkg' shall be treated as localparam [/home/wto/Eos/EosMuon/EosMuonPL/EosMuonPL.gen/sources_1/bd/Mercury_XU5/ipshared/f0b6/hdl/sc_util_v1_0_vl_rfs.sv:105]
WARNING: [Synth 8-11067] parameter 'K_AXI_LEN_WIDTH' declared inside package 'sc_util_v1_0_4_pkg' shall be treated as localparam [/home/wto/Eos/EosMuon/EosMuonPL/EosMuonPL.gen/sources_1/bd/Mercury_XU5/ipshared/f0b6/hdl/sc_util_v1_0_vl_rfs.sv:106]
WARNING: [Synth 8-11067] parameter 'K_AXI_EXCL_LEN_WIDTH' declared inside package 'sc_util_v1_0_4_pkg' shall be treated as localparam [/home/wto/Eos/EosMuon/EosMuonPL/EosMuonPL.gen/sources_1/bd/Mercury_XU5/ipshared/f0b6/hdl/sc_util_v1_0_vl_rfs.sv:107]
WARNING: [Synth 8-11067] parameter 'K_AXI_LOCK_WIDTH' declared inside package 'sc_util_v1_0_4_pkg' shall be treated as localparam [/home/wto/Eos/EosMuon/EosMuonPL/EosMuonPL.gen/sources_1/bd/Mercury_XU5/ipshared/f0b6/hdl/sc_util_v1_0_vl_rfs.sv:108]
WARNING: [Synth 8-11067] parameter 'K_AXI3_LEN_WIDTH' declared inside package 'sc_util_v1_0_4_pkg' shall be treated as localparam [/home/wto/Eos/EosMuon/EosMuonPL/EosMuonPL.gen/sources_1/bd/Mercury_XU5/ipshared/f0b6/hdl/sc_util_v1_0_vl_rfs.sv:109]
WARNING: [Synth 8-11067] parameter 'K_AXI3_LOCK_WIDTH' declared inside package 'sc_util_v1_0_4_pkg' shall be treated as localparam [/home/wto/Eos/EosMuon/EosMuonPL/EosMuonPL.gen/sources_1/bd/Mercury_XU5/ipshared/f0b6/hdl/sc_util_v1_0_vl_rfs.sv:110]
WARNING: [Synth 8-11067] parameter 'K_AXI_PROT_WIDTH' declared inside package 'sc_util_v1_0_4_pkg' shall be treated as localparam [/home/wto/Eos/EosMuon/EosMuonPL/EosMuonPL.gen/sources_1/bd/Mercury_XU5/ipshared/f0b6/hdl/sc_util_v1_0_vl_rfs.sv:111]
WARNING: [Synth 8-11067] parameter 'K_AXI_QOS_WIDTH' declared inside package 'sc_util_v1_0_4_pkg' shall be treated as localparam [/home/wto/Eos/EosMuon/EosMuonPL/EosMuonPL.gen/sources_1/bd/Mercury_XU5/ipshared/f0b6/hdl/sc_util_v1_0_vl_rfs.sv:112]
WARNING: [Synth 8-11067] parameter 'K_AXI_CACHE_WIDTH' declared inside package 'sc_util_v1_0_4_pkg' shall be treated as localparam [/home/wto/Eos/EosMuon/EosMuonPL/EosMuonPL.gen/sources_1/bd/Mercury_XU5/ipshared/f0b6/hdl/sc_util_v1_0_vl_rfs.sv:113]
WARNING: [Synth 8-11067] parameter 'K_MAX_ACCEPTANCE' declared inside package 'sc_util_v1_0_4_pkg' shall be treated as localparam [/home/wto/Eos/EosMuon/EosMuonPL/EosMuonPL.gen/sources_1/bd/Mercury_XU5/ipshared/f0b6/hdl/sc_util_v1_0_vl_rfs.sv:114]
WARNING: [Synth 8-11067] parameter 'K_MAX_FANOUT' declared inside package 'sc_util_v1_0_4_pkg' shall be treated as localparam [/home/wto/Eos/EosMuon/EosMuonPL/EosMuonPL.gen/sources_1/bd/Mercury_XU5/ipshared/f0b6/hdl/sc_util_v1_0_vl_rfs.sv:115]
WARNING: [Synth 8-11067] parameter 'K_MAX_READ_WATERMARK' declared inside package 'sc_util_v1_0_4_pkg' shall be treated as localparam [/home/wto/Eos/EosMuon/EosMuonPL/EosMuonPL.gen/sources_1/bd/Mercury_XU5/ipshared/f0b6/hdl/sc_util_v1_0_vl_rfs.sv:116]
WARNING: [Synth 8-11067] parameter 'K_MAX_BURST_LENGTH' declared inside package 'sc_util_v1_0_4_pkg' shall be treated as localparam [/home/wto/Eos/EosMuon/EosMuonPL/EosMuonPL.gen/sources_1/bd/Mercury_XU5/ipshared/f0b6/hdl/sc_util_v1_0_vl_rfs.sv:117]
WARNING: [Synth 8-11067] parameter 'CH_R' declared inside package 'sc_util_v1_0_4_pkg' shall be treated as localparam [/home/wto/Eos/EosMuon/EosMuonPL/EosMuonPL.gen/sources_1/bd/Mercury_XU5/ipshared/f0b6/hdl/sc_util_v1_0_vl_rfs.sv:164]
WARNING: [Synth 8-11067] parameter 'CH_W' declared inside package 'sc_util_v1_0_4_pkg' shall be treated as localparam [/home/wto/Eos/EosMuon/EosMuonPL/EosMuonPL.gen/sources_1/bd/Mercury_XU5/ipshared/f0b6/hdl/sc_util_v1_0_vl_rfs.sv:165]
WARNING: [Synth 8-11067] parameter 'CH_AR' declared inside package 'sc_util_v1_0_4_pkg' shall be treated as localparam [/home/wto/Eos/EosMuon/EosMuonPL/EosMuonPL.gen/sources_1/bd/Mercury_XU5/ipshared/f0b6/hdl/sc_util_v1_0_vl_rfs.sv:166]
WARNING: [Synth 8-11067] parameter 'CH_AW' declared inside package 'sc_util_v1_0_4_pkg' shall be treated as localparam [/home/wto/Eos/EosMuon/EosMuonPL/EosMuonPL.gen/sources_1/bd/Mercury_XU5/ipshared/f0b6/hdl/sc_util_v1_0_vl_rfs.sv:167]
WARNING: [Synth 8-11067] parameter 'CH_B' declared inside package 'sc_util_v1_0_4_pkg' shall be treated as localparam [/home/wto/Eos/EosMuon/EosMuonPL/EosMuonPL.gen/sources_1/bd/Mercury_XU5/ipshared/f0b6/hdl/sc_util_v1_0_vl_rfs.sv:168]
WARNING: [Synth 8-11067] parameter 'CLK_DOWN' declared inside package 'sc_util_v1_0_4_pkg' shall be treated as localparam [/home/wto/Eos/EosMuon/EosMuonPL/EosMuonPL.gen/sources_1/bd/Mercury_XU5/ipshared/f0b6/hdl/sc_util_v1_0_vl_rfs.sv:170]
WARNING: [Synth 8-11067] parameter 'CLK_SYNC_ALIAS' declared inside package 'sc_util_v1_0_4_pkg' shall be treated as localparam [/home/wto/Eos/EosMuon/EosMuonPL/EosMuonPL.gen/sources_1/bd/Mercury_XU5/ipshared/f0b6/hdl/sc_util_v1_0_vl_rfs.sv:171]
WARNING: [Synth 8-11067] parameter 'CLK_ASYNC' declared inside package 'sc_util_v1_0_4_pkg' shall be treated as localparam [/home/wto/Eos/EosMuon/EosMuonPL/EosMuonPL.gen/sources_1/bd/Mercury_XU5/ipshared/f0b6/hdl/sc_util_v1_0_vl_rfs.sv:172]
WARNING: [Synth 8-11067] parameter 'CLK_SYNC' declared inside package 'sc_util_v1_0_4_pkg' shall be treated as localparam [/home/wto/Eos/EosMuon/EosMuonPL/EosMuonPL.gen/sources_1/bd/Mercury_XU5/ipshared/f0b6/hdl/sc_util_v1_0_vl_rfs.sv:173]
WARNING: [Synth 8-11067] parameter 'CLK_UP' declared inside package 'sc_util_v1_0_4_pkg' shall be treated as localparam [/home/wto/Eos/EosMuon/EosMuonPL/EosMuonPL.gen/sources_1/bd/Mercury_XU5/ipshared/f0b6/hdl/sc_util_v1_0_vl_rfs.sv:174]
WARNING: [Synth 8-11067] parameter 'CLKEN_NONE' declared inside package 'sc_util_v1_0_4_pkg' shall be treated as localparam [/home/wto/Eos/EosMuon/EosMuonPL/EosMuonPL.gen/sources_1/bd/Mercury_XU5/ipshared/f0b6/hdl/sc_util_v1_0_vl_rfs.sv:176]
WARNING: [Synth 8-11067] parameter 'CLKEN_S' declared inside package 'sc_util_v1_0_4_pkg' shall be treated as localparam [/home/wto/Eos/EosMuon/EosMuonPL/EosMuonPL.gen/sources_1/bd/Mercury_XU5/ipshared/f0b6/hdl/sc_util_v1_0_vl_rfs.sv:177]
WARNING: [Synth 8-11067] parameter 'CLKEN_M' declared inside package 'sc_util_v1_0_4_pkg' shall be treated as localparam [/home/wto/Eos/EosMuon/EosMuonPL/EosMuonPL.gen/sources_1/bd/Mercury_XU5/ipshared/f0b6/hdl/sc_util_v1_0_vl_rfs.sv:178]
WARNING: [Synth 8-11067] parameter 'CLKEN_S_AND_M' declared inside package 'sc_util_v1_0_4_pkg' shall be treated as localparam [/home/wto/Eos/EosMuon/EosMuonPL/EosMuonPL.gen/sources_1/bd/Mercury_XU5/ipshared/f0b6/hdl/sc_util_v1_0_vl_rfs.sv:179]
WARNING: [Synth 8-11067] parameter 'ARB_BYPASS' declared inside package 'sc_util_v1_0_4_pkg' shall be treated as localparam [/home/wto/Eos/EosMuon/EosMuonPL/EosMuonPL.gen/sources_1/bd/Mercury_XU5/ipshared/f0b6/hdl/sc_util_v1_0_vl_rfs.sv:180]
WARNING: [Synth 8-11067] parameter 'ARB_ROUNDROBIN' declared inside package 'sc_util_v1_0_4_pkg' shall be treated as localparam [/home/wto/Eos/EosMuon/EosMuonPL/EosMuonPL.gen/sources_1/bd/Mercury_XU5/ipshared/f0b6/hdl/sc_util_v1_0_vl_rfs.sv:181]
WARNING: [Synth 8-11067] parameter 'ARB_SLAVE' declared inside package 'sc_util_v1_0_4_pkg' shall be treated as localparam [/home/wto/Eos/EosMuon/EosMuonPL/EosMuonPL.gen/sources_1/bd/Mercury_XU5/ipshared/f0b6/hdl/sc_util_v1_0_vl_rfs.sv:182]
WARNING: [Synth 8-11067] parameter 'FIFO_LUTRAM' declared inside package 'sc_util_v1_0_4_pkg' shall be treated as localparam [/home/wto/Eos/EosMuon/EosMuonPL/EosMuonPL.gen/sources_1/bd/Mercury_XU5/ipshared/f0b6/hdl/sc_util_v1_0_vl_rfs.sv:183]
WARNING: [Synth 8-11067] parameter 'FIFO_BRAM' declared inside package 'sc_util_v1_0_4_pkg' shall be treated as localparam [/home/wto/Eos/EosMuon/EosMuonPL/EosMuonPL.gen/sources_1/bd/Mercury_XU5/ipshared/f0b6/hdl/sc_util_v1_0_vl_rfs.sv:184]
WARNING: [Synth 8-11067] parameter 'FIFO_NONE' declared inside package 'sc_util_v1_0_4_pkg' shall be treated as localparam [/home/wto/Eos/EosMuon/EosMuonPL/EosMuonPL.gen/sources_1/bd/Mercury_XU5/ipshared/f0b6/hdl/sc_util_v1_0_vl_rfs.sv:185]
WARNING: [Synth 8-11067] parameter 'FIFO_IP_XPM_MEMORY' declared inside package 'sc_util_v1_0_4_pkg' shall be treated as localparam [/home/wto/Eos/EosMuon/EosMuonPL/EosMuonPL.gen/sources_1/bd/Mercury_XU5/ipshared/f0b6/hdl/sc_util_v1_0_vl_rfs.sv:186]
WARNING: [Synth 8-11067] parameter 'FIFO_IP_FG' declared inside package 'sc_util_v1_0_4_pkg' shall be treated as localparam [/home/wto/Eos/EosMuon/EosMuonPL/EosMuonPL.gen/sources_1/bd/Mercury_XU5/ipshared/f0b6/hdl/sc_util_v1_0_vl_rfs.sv:187]
WARNING: [Synth 8-11067] parameter 'FIFO_IP_XPM_FIFO' declared inside package 'sc_util_v1_0_4_pkg' shall be treated as localparam [/home/wto/Eos/EosMuon/EosMuonPL/EosMuonPL.gen/sources_1/bd/Mercury_XU5/ipshared/f0b6/hdl/sc_util_v1_0_vl_rfs.sv:188]
WARNING: [Synth 8-11067] parameter 'K_T_STRUCT_EXCLUSIVE_WIDTH' declared inside package 'sc_util_v1_0_4_pkg' shall be treated as localparam [/home/wto/Eos/EosMuon/EosMuonPL/EosMuonPL.gen/sources_1/bd/Mercury_XU5/ipshared/f0b6/hdl/sc_util_v1_0_vl_rfs.sv:230]
WARNING: [Synth 8-11067] parameter 'K_T_STATIC_ADDR_PAYLD_WIDTH' declared inside package 'sc_util_v1_0_4_pkg' shall be treated as localparam [/home/wto/Eos/EosMuon/EosMuonPL/EosMuonPL.gen/sources_1/bd/Mercury_XU5/ipshared/f0b6/hdl/sc_util_v1_0_vl_rfs.sv:232]
WARNING: [Synth 8-11067] parameter 'K_T_STATIC_RDATA_PAYLD_WIDTH' declared inside package 'sc_util_v1_0_4_pkg' shall be treated as localparam [/home/wto/Eos/EosMuon/EosMuonPL/EosMuonPL.gen/sources_1/bd/Mercury_XU5/ipshared/f0b6/hdl/sc_util_v1_0_vl_rfs.sv:240]
WARNING: [Synth 8-11067] parameter 'K_T_STATIC_WDATA_PAYLD_WIDTH' declared inside package 'sc_util_v1_0_4_pkg' shall be treated as localparam [/home/wto/Eos/EosMuon/EosMuonPL/EosMuonPL.gen/sources_1/bd/Mercury_XU5/ipshared/f0b6/hdl/sc_util_v1_0_vl_rfs.sv:244]
WARNING: [Synth 8-11067] parameter 'K_T_STATIC_BRSP_PAYLD_WIDTH' declared inside package 'sc_util_v1_0_4_pkg' shall be treated as localparam [/home/wto/Eos/EosMuon/EosMuonPL/EosMuonPL.gen/sources_1/bd/Mercury_XU5/ipshared/f0b6/hdl/sc_util_v1_0_vl_rfs.sv:247]
WARNING: [Synth 8-11067] parameter 'K_T_EXCLUSIVE_WIDTH' declared inside package 'sc_util_v1_0_4_pkg' shall be treated as localparam [/home/wto/Eos/EosMuon/EosMuonPL/EosMuonPL.gen/sources_1/bd/Mercury_XU5/ipshared/f0b6/hdl/sc_util_v1_0_vl_rfs.sv:253]
WARNING: [Synth 8-11067] parameter 'K_T_ADDR_AUGMENT_WIDTH' declared inside package 'sc_util_v1_0_4_pkg' shall be treated as localparam [/home/wto/Eos/EosMuon/EosMuonPL/EosMuonPL.gen/sources_1/bd/Mercury_XU5/ipshared/f0b6/hdl/sc_util_v1_0_vl_rfs.sv:256]
WARNING: [Synth 8-11067] parameter 'K_T_DATA_AUGMENT_WIDTH' declared inside package 'sc_util_v1_0_4_pkg' shall be treated as localparam [/home/wto/Eos/EosMuon/EosMuonPL/EosMuonPL.gen/sources_1/bd/Mercury_XU5/ipshared/f0b6/hdl/sc_util_v1_0_vl_rfs.sv:259]
WARNING: [Synth 8-11067] parameter 'K_T_BRSP_AUGMENT_WIDTH' declared inside package 'sc_util_v1_0_4_pkg' shall be treated as localparam [/home/wto/Eos/EosMuon/EosMuonPL/EosMuonPL.gen/sources_1/bd/Mercury_XU5/ipshared/f0b6/hdl/sc_util_v1_0_vl_rfs.sv:261]
WARNING: [Synth 8-11067] parameter 'K_USABLE_T_ADDR_CASCADE_WIDTH' declared inside package 'sc_util_v1_0_4_pkg' shall be treated as localparam [/home/wto/Eos/EosMuon/EosMuonPL/EosMuonPL.gen/sources_1/bd/Mercury_XU5/ipshared/f0b6/hdl/sc_util_v1_0_vl_rfs.sv:263]
WARNING: [Synth 8-11067] parameter 'K_USABLE_T_DATA_CASCADE_WIDTH' declared inside package 'sc_util_v1_0_4_pkg' shall be treated as localparam [/home/wto/Eos/EosMuon/EosMuonPL/EosMuonPL.gen/sources_1/bd/Mercury_XU5/ipshared/f0b6/hdl/sc_util_v1_0_vl_rfs.sv:265]
WARNING: [Synth 8-11067] parameter 'K_USABLE_T_BRSP_CASCADE_WIDTH' declared inside package 'sc_util_v1_0_4_pkg' shall be treated as localparam [/home/wto/Eos/EosMuon/EosMuonPL/EosMuonPL.gen/sources_1/bd/Mercury_XU5/ipshared/f0b6/hdl/sc_util_v1_0_vl_rfs.sv:267]
WARNING: [Synth 8-11067] parameter 'K_T_CASCADE_WIDTH' declared inside package 'sc_util_v1_0_4_pkg' shall be treated as localparam [/home/wto/Eos/EosMuon/EosMuonPL/EosMuonPL.gen/sources_1/bd/Mercury_XU5/ipshared/f0b6/hdl/sc_util_v1_0_vl_rfs.sv:270]
WARNING: [Synth 8-11067] parameter 'K_T_SEG_LEN_WIDTH' declared inside package 'sc_util_v1_0_4_pkg' shall be treated as localparam [/home/wto/Eos/EosMuon/EosMuonPL/EosMuonPL.gen/sources_1/bd/Mercury_XU5/ipshared/f0b6/hdl/sc_util_v1_0_vl_rfs.sv:304]
WARNING: [Synth 8-11067] parameter 'K_USABLE_T_ADDR_SIDEBAND_WIDTH' declared inside package 'sc_util_v1_0_4_pkg' shall be treated as localparam [/home/wto/Eos/EosMuon/EosMuonPL/EosMuonPL.gen/sources_1/bd/Mercury_XU5/ipshared/f0b6/hdl/sc_util_v1_0_vl_rfs.sv:305]
WARNING: [Synth 8-11067] parameter 'K_USABLE_T_DATA_SIDEBAND_WIDTH' declared inside package 'sc_util_v1_0_4_pkg' shall be treated as localparam [/home/wto/Eos/EosMuon/EosMuonPL/EosMuonPL.gen/sources_1/bd/Mercury_XU5/ipshared/f0b6/hdl/sc_util_v1_0_vl_rfs.sv:308]
WARNING: [Synth 8-11067] parameter 'K_USABLE_T_BRSP_SIDEBAND_WIDTH' declared inside package 'sc_util_v1_0_4_pkg' shall be treated as localparam [/home/wto/Eos/EosMuon/EosMuonPL/EosMuonPL.gen/sources_1/bd/Mercury_XU5/ipshared/f0b6/hdl/sc_util_v1_0_vl_rfs.sv:310]
WARNING: [Synth 8-11067] parameter 'K_T_SIDEBAND_WIDTH' declared inside package 'sc_util_v1_0_4_pkg' shall be treated as localparam [/home/wto/Eos/EosMuon/EosMuonPL/EosMuonPL.gen/sources_1/bd/Mercury_XU5/ipshared/f0b6/hdl/sc_util_v1_0_vl_rfs.sv:313]
WARNING: [Synth 8-11067] parameter 'K_USABLE_T_AXPAYLD_WIDTH' declared inside package 'sc_util_v1_0_4_pkg' shall be treated as localparam [/home/wto/Eos/EosMuon/EosMuonPL/EosMuonPL.gen/sources_1/bd/Mercury_XU5/ipshared/f0b6/hdl/sc_util_v1_0_vl_rfs.sv:341]
WARNING: [Synth 8-11067] parameter 'K_USABLE_T_WPAYLD_WIDTH' declared inside package 'sc_util_v1_0_4_pkg' shall be treated as localparam [/home/wto/Eos/EosMuon/EosMuonPL/EosMuonPL.gen/sources_1/bd/Mercury_XU5/ipshared/f0b6/hdl/sc_util_v1_0_vl_rfs.sv:348]
WARNING: [Synth 8-11067] parameter 'K_USABLE_T_RPAYLD_WIDTH' declared inside package 'sc_util_v1_0_4_pkg' shall be treated as localparam [/home/wto/Eos/EosMuon/EosMuonPL/EosMuonPL.gen/sources_1/bd/Mercury_XU5/ipshared/f0b6/hdl/sc_util_v1_0_vl_rfs.sv:352]
WARNING: [Synth 8-11067] parameter 'K_USABLE_T_BPAYLD_WIDTH' declared inside package 'sc_util_v1_0_4_pkg' shall be treated as localparam [/home/wto/Eos/EosMuon/EosMuonPL/EosMuonPL.gen/sources_1/bd/Mercury_XU5/ipshared/f0b6/hdl/sc_util_v1_0_vl_rfs.sv:357]
WARNING: [Synth 8-11067] parameter 'K_T_PAYLD_WIDTH' declared inside package 'sc_util_v1_0_4_pkg' shall be treated as localparam [/home/wto/Eos/EosMuon/EosMuonPL/EosMuonPL.gen/sources_1/bd/Mercury_XU5/ipshared/f0b6/hdl/sc_util_v1_0_vl_rfs.sv:361]
WARNING: [Synth 8-11067] parameter 'K_MAX_PAYLD_WIDTH' declared inside package 'sc_util_v1_0_4_pkg' shall be treated as localparam [/home/wto/Eos/EosMuon/EosMuonPL/EosMuonPL.gen/sources_1/bd/Mercury_XU5/ipshared/f0b6/hdl/sc_util_v1_0_vl_rfs.sv:362]
WARNING: [Synth 8-11067] parameter 'K_USABLE_T_AXVECTOR_WIDTH' declared inside package 'sc_util_v1_0_4_pkg' shall be treated as localparam [/home/wto/Eos/EosMuon/EosMuonPL/EosMuonPL.gen/sources_1/bd/Mercury_XU5/ipshared/f0b6/hdl/sc_util_v1_0_vl_rfs.sv:547]
WARNING: [Synth 8-11067] parameter 'K_USABLE_T_WVECTOR_WIDTH' declared inside package 'sc_util_v1_0_4_pkg' shall be treated as localparam [/home/wto/Eos/EosMuon/EosMuonPL/EosMuonPL.gen/sources_1/bd/Mercury_XU5/ipshared/f0b6/hdl/sc_util_v1_0_vl_rfs.sv:557]
WARNING: [Synth 8-11067] parameter 'K_USABLE_T_RVECTOR_WIDTH' declared inside package 'sc_util_v1_0_4_pkg' shall be treated as localparam [/home/wto/Eos/EosMuon/EosMuonPL/EosMuonPL.gen/sources_1/bd/Mercury_XU5/ipshared/f0b6/hdl/sc_util_v1_0_vl_rfs.sv:561]
WARNING: [Synth 8-11067] parameter 'K_USABLE_T_BVECTOR_WIDTH' declared inside package 'sc_util_v1_0_4_pkg' shall be treated as localparam [/home/wto/Eos/EosMuon/EosMuonPL/EosMuonPL.gen/sources_1/bd/Mercury_XU5/ipshared/f0b6/hdl/sc_util_v1_0_vl_rfs.sv:566]
WARNING: [Synth 8-11067] parameter 'K_STATIC_AXVECTOR_WIDTH' declared inside package 'sc_util_v1_0_4_pkg' shall be treated as localparam [/home/wto/Eos/EosMuon/EosMuonPL/EosMuonPL.gen/sources_1/bd/Mercury_XU5/ipshared/f0b6/hdl/sc_util_v1_0_vl_rfs.sv:574]
WARNING: [Synth 8-11067] parameter 'K_STATIC_WVECTOR_WIDTH' declared inside package 'sc_util_v1_0_4_pkg' shall be treated as localparam [/home/wto/Eos/EosMuon/EosMuonPL/EosMuonPL.gen/sources_1/bd/Mercury_XU5/ipshared/f0b6/hdl/sc_util_v1_0_vl_rfs.sv:584]
WARNING: [Synth 8-11067] parameter 'K_STATIC_RVECTOR_WIDTH' declared inside package 'sc_util_v1_0_4_pkg' shall be treated as localparam [/home/wto/Eos/EosMuon/EosMuonPL/EosMuonPL.gen/sources_1/bd/Mercury_XU5/ipshared/f0b6/hdl/sc_util_v1_0_vl_rfs.sv:588]
WARNING: [Synth 8-11067] parameter 'K_STATIC_BVECTOR_WIDTH' declared inside package 'sc_util_v1_0_4_pkg' shall be treated as localparam [/home/wto/Eos/EosMuon/EosMuonPL/EosMuonPL.gen/sources_1/bd/Mercury_XU5/ipshared/f0b6/hdl/sc_util_v1_0_vl_rfs.sv:593]
WARNING: [Synth 8-11067] parameter 'K_T_VECTOR_WIDTH' declared inside package 'sc_util_v1_0_4_pkg' shall be treated as localparam [/home/wto/Eos/EosMuon/EosMuonPL/EosMuonPL.gen/sources_1/bd/Mercury_XU5/ipshared/f0b6/hdl/sc_util_v1_0_vl_rfs.sv:596]
WARNING: [Synth 8-11067] parameter 'K_MAX_VECTOR_WIDTH' declared inside package 'sc_util_v1_0_4_pkg' shall be treated as localparam [/home/wto/Eos/EosMuon/EosMuonPL/EosMuonPL.gen/sources_1/bd/Mercury_XU5/ipshared/f0b6/hdl/sc_util_v1_0_vl_rfs.sv:597]
WARNING: [Synth 8-11067] parameter 'K_MAX_NUM_MNOC' declared inside package 'sc_util_v1_0_4_pkg_noc' shall be treated as localparam [/home/wto/Eos/EosMuon/EosMuonPL/EosMuonPL.gen/sources_1/bd/Mercury_XU5/ipshared/f0b6/hdl/sc_util_v1_0_vl_rfs.sv:674]
WARNING: [Synth 8-11067] parameter 'K_MAX_NUM_SNOC' declared inside package 'sc_util_v1_0_4_pkg_noc' shall be treated as localparam [/home/wto/Eos/EosMuon/EosMuonPL/EosMuonPL.gen/sources_1/bd/Mercury_XU5/ipshared/f0b6/hdl/sc_util_v1_0_vl_rfs.sv:675]
WARNING: [Synth 8-11067] parameter 'NOC_MAX_SCHED_LEN' declared inside package 'sc_util_v1_0_4_pkg_noc' shall be treated as localparam [/home/wto/Eos/EosMuon/EosMuonPL/EosMuonPL.gen/sources_1/bd/Mercury_XU5/ipshared/f0b6/hdl/sc_util_v1_0_vl_rfs.sv:676]
WARNING: [Synth 8-11067] parameter 'NOC_MAX_TKN_WIDTH' declared inside package 'sc_util_v1_0_4_pkg_noc' shall be treated as localparam [/home/wto/Eos/EosMuon/EosMuonPL/EosMuonPL.gen/sources_1/bd/Mercury_XU5/ipshared/f0b6/hdl/sc_util_v1_0_vl_rfs.sv:677]
WARNING: [Synth 8-11067] parameter 'NOC_MAX_RTR_ADDR_WIDTH' declared inside package 'sc_util_v1_0_4_pkg_noc' shall be treated as localparam [/home/wto/Eos/EosMuon/EosMuonPL/EosMuonPL.gen/sources_1/bd/Mercury_XU5/ipshared/f0b6/hdl/sc_util_v1_0_vl_rfs.sv:678]
WARNING: [Synth 8-11067] parameter 'NOC_PORT_EJECT' declared inside package 'sc_util_v1_0_4_pkg_noc' shall be treated as localparam [/home/wto/Eos/EosMuon/EosMuonPL/EosMuonPL.gen/sources_1/bd/Mercury_XU5/ipshared/f0b6/hdl/sc_util_v1_0_vl_rfs.sv:679]
WARNING: [Synth 8-11067] parameter 'NOC_PORT_ASCEND' declared inside package 'sc_util_v1_0_4_pkg_noc' shall be treated as localparam [/home/wto/Eos/EosMuon/EosMuonPL/EosMuonPL.gen/sources_1/bd/Mercury_XU5/ipshared/f0b6/hdl/sc_util_v1_0_vl_rfs.sv:680]
WARNING: [Synth 8-11067] parameter 'NOC_PORT_DESCEND' declared inside package 'sc_util_v1_0_4_pkg_noc' shall be treated as localparam [/home/wto/Eos/EosMuon/EosMuonPL/EosMuonPL.gen/sources_1/bd/Mercury_XU5/ipshared/f0b6/hdl/sc_util_v1_0_vl_rfs.sv:681]
WARNING: [Synth 8-11067] parameter 'NOC_PORT_THROUGH' declared inside package 'sc_util_v1_0_4_pkg_noc' shall be treated as localparam [/home/wto/Eos/EosMuon/EosMuonPL/EosMuonPL.gen/sources_1/bd/Mercury_XU5/ipshared/f0b6/hdl/sc_util_v1_0_vl_rfs.sv:682]
WARNING: [Synth 8-11067] parameter 'NOC_TOKEN_THROUGH' declared inside package 'sc_util_v1_0_4_pkg_noc' shall be treated as localparam [/home/wto/Eos/EosMuon/EosMuonPL/EosMuonPL.gen/sources_1/bd/Mercury_XU5/ipshared/f0b6/hdl/sc_util_v1_0_vl_rfs.sv:683]
WARNING: [Synth 8-11067] parameter 'NOC_TOKEN_ASCEND' declared inside package 'sc_util_v1_0_4_pkg_noc' shall be treated as localparam [/home/wto/Eos/EosMuon/EosMuonPL/EosMuonPL.gen/sources_1/bd/Mercury_XU5/ipshared/f0b6/hdl/sc_util_v1_0_vl_rfs.sv:684]
WARNING: [Synth 8-11067] parameter 'NOC_TOKEN_DESCEND' declared inside package 'sc_util_v1_0_4_pkg_noc' shall be treated as localparam [/home/wto/Eos/EosMuon/EosMuonPL/EosMuonPL.gen/sources_1/bd/Mercury_XU5/ipshared/f0b6/hdl/sc_util_v1_0_vl_rfs.sv:685]
INFO: [Common 17-14] Message 'Synth 8-11067' appears 100 times and further instances of the messages will be disabled. Use the Tcl command set_msg_config to change the current settings.
WARNING: [Synth 8-11014] non-net output port 'upsizer_valid' cannot be initialized at declaration in SystemVerilog mode [/home/wto/Eos/EosMuon/EosMuonPL/EosMuonPL.gen/sources_1/bd/Mercury_XU5/ipshared/66be/hdl/sc_node_v1_0_vl_rfs.sv:2589]
---------------------------------------------------------------------------------
Starting RTL Elaboration : Time (s): cpu = 00:00:03 ; elapsed = 00:00:03 . Memory (MB): peak = 2859.941 ; gain = 239.832 ; free physical = 1781 ; free virtual = 22716
Synthesis current peak Physical Memory [PSS] (MB): peak = 2417.226; parent = 2177.876; children = 239.350
Synthesis current peak Virtual Memory [VSS] (MB): peak = 3838.949; parent = 2877.789; children = 961.160
---------------------------------------------------------------------------------
INFO: [Synth 8-6157] synthesizing module 'Mercury_XU5_smartconnect_00_0' [/home/wto/Eos/EosMuon/EosMuonPL/EosMuonPL.gen/sources_1/bd/Mercury_XU5/ip/Mercury_XU5_smartconnect_00_0/synth/Mercury_XU5_smartconnect_00_0.v:53]
INFO: [Synth 8-6157] synthesizing module 'bd_3ad7' [/home/wto/Eos/EosMuon/EosMuonPL/EosMuonPL.gen/sources_1/bd/Mercury_XU5/ip/Mercury_XU5_smartconnect_00_0/bd_0/synth/bd_3ad7.v:9]
INFO: [Synth 8-6157] synthesizing module 'clk_map_imp_FU683Y' [/home/wto/Eos/EosMuon/EosMuonPL/EosMuonPL.gen/sources_1/bd/Mercury_XU5/ip/Mercury_XU5_smartconnect_00_0/bd_0/synth/bd_3ad7.v:1678]
INFO: [Synth 8-6157] synthesizing module 'bd_3ad7_one_0' [/home/wto/Eos/EosMuon/EosMuonPL/EosMuonPL.gen/sources_1/bd/Mercury_XU5/ip/Mercury_XU5_smartconnect_00_0/bd_0/ip/ip_0/synth/bd_3ad7_one_0.v:53]
INFO: [Synth 8-6157] synthesizing module 'xlconstant_v1_1_7_xlconstant' [/home/wto/Eos/EosMuon/EosMuonPL/EosMuonPL.gen/sources_1/bd/Mercury_XU5/ipshared/badb/hdl/xlconstant_v1_1_vl_rfs.v:23]
INFO: [Synth 8-6155] done synthesizing module 'xlconstant_v1_1_7_xlconstant' (0#1) [/home/wto/Eos/EosMuon/EosMuonPL/EosMuonPL.gen/sources_1/bd/Mercury_XU5/ipshared/badb/hdl/xlconstant_v1_1_vl_rfs.v:23]
INFO: [Synth 8-6155] done synthesizing module 'bd_3ad7_one_0' (0#1) [/home/wto/Eos/EosMuon/EosMuonPL/EosMuonPL.gen/sources_1/bd/Mercury_XU5/ip/Mercury_XU5_smartconnect_00_0/bd_0/ip/ip_0/synth/bd_3ad7_one_0.v:53]
INFO: [Synth 8-638] synthesizing module 'bd_3ad7_psr_aclk_0' [/home/wto/Eos/EosMuon/EosMuonPL/EosMuonPL.gen/sources_1/bd/Mercury_XU5/ip/Mercury_XU5_smartconnect_00_0/bd_0/ip/ip_1/synth/bd_3ad7_psr_aclk_0.vhd:74]
	Parameter C_FAMILY bound to: zynquplus - type: string 
	Parameter C_EXT_RST_WIDTH bound to: 4 - type: integer 
	Parameter C_AUX_RST_WIDTH bound to: 1 - type: integer 
	Parameter C_EXT_RESET_HIGH bound to: 1'b0 
	Parameter C_AUX_RESET_HIGH bound to: 1'b0 
	Parameter C_NUM_BUS_RST bound to: 1 - type: integer 
	Parameter C_NUM_PERP_RST bound to: 1 - type: integer 
	Parameter C_NUM_INTERCONNECT_ARESETN bound to: 1 - type: integer 
	Parameter C_NUM_PERP_ARESETN bound to: 1 - type: integer 
INFO: [Synth 8-3491] module 'proc_sys_reset' declared at '/home/wto/Eos/EosMuon/EosMuonPL/EosMuonPL.gen/sources_1/bd/Mercury_XU5/ipshared/8842/hdl/proc_sys_reset_v5_0_vh_rfs.vhd:1264' bound to instance 'U0' of component 'proc_sys_reset' [/home/wto/Eos/EosMuon/EosMuonPL/EosMuonPL.gen/sources_1/bd/Mercury_XU5/ip/Mercury_XU5_smartconnect_00_0/bd_0/ip/ip_1/synth/bd_3ad7_psr_aclk_0.vhd:129]
INFO: [Synth 8-638] synthesizing module 'proc_sys_reset' [/home/wto/Eos/EosMuon/EosMuonPL/EosMuonPL.gen/sources_1/bd/Mercury_XU5/ipshared/8842/hdl/proc_sys_reset_v5_0_vh_rfs.vhd:1323]
	Parameter INIT bound to: 1'b1 
INFO: [Synth 8-113] binding component instance 'FDRE_inst' to cell 'FDRE' [/home/wto/Eos/EosMuon/EosMuonPL/EosMuonPL.gen/sources_1/bd/Mercury_XU5/ipshared/8842/hdl/proc_sys_reset_v5_0_vh_rfs.vhd:1392]
	Parameter INIT bound to: 1'b1 
INFO: [Synth 8-113] binding component instance 'FDRE_BSR' to cell 'FDRE' [/home/wto/Eos/EosMuon/EosMuonPL/EosMuonPL.gen/sources_1/bd/Mercury_XU5/ipshared/8842/hdl/proc_sys_reset_v5_0_vh_rfs.vhd:1408]
	Parameter INIT bound to: 1'b0 
INFO: [Synth 8-113] binding component instance 'FDRE_BSR_N' to cell 'FDRE' [/home/wto/Eos/EosMuon/EosMuonPL/EosMuonPL.gen/sources_1/bd/Mercury_XU5/ipshared/8842/hdl/proc_sys_reset_v5_0_vh_rfs.vhd:1434]
	Parameter INIT bound to: 1'b1 
INFO: [Synth 8-113] binding component instance 'FDRE_PER' to cell 'FDRE' [/home/wto/Eos/EosMuon/EosMuonPL/EosMuonPL.gen/sources_1/bd/Mercury_XU5/ipshared/8842/hdl/proc_sys_reset_v5_0_vh_rfs.vhd:1457]
	Parameter INIT bound to: 1'b0 
INFO: [Synth 8-113] binding component instance 'FDRE_PER_N' to cell 'FDRE' [/home/wto/Eos/EosMuon/EosMuonPL/EosMuonPL.gen/sources_1/bd/Mercury_XU5/ipshared/8842/hdl/proc_sys_reset_v5_0_vh_rfs.vhd:1481]
INFO: [Synth 8-638] synthesizing module 'lpf' [/home/wto/Eos/EosMuon/EosMuonPL/EosMuonPL.gen/sources_1/bd/Mercury_XU5/ipshared/8842/hdl/proc_sys_reset_v5_0_vh_rfs.vhd:816]
INFO: [Synth 8-3491] module 'SRL16' declared at '/home/wto/Xilinx/Vivado/2022.2/scripts/rt/data/unisim_comp.v:131628' bound to instance 'POR_SRL_I' of component 'SRL16' [/home/wto/Eos/EosMuon/EosMuonPL/EosMuonPL.gen/sources_1/bd/Mercury_XU5/ipshared/8842/hdl/proc_sys_reset_v5_0_vh_rfs.vhd:868]
INFO: [Synth 8-6157] synthesizing module 'SRL16' [/home/wto/Xilinx/Vivado/2022.2/scripts/rt/data/unisim_comp.v:131628]
INFO: [Synth 8-6155] done synthesizing module 'SRL16' (0#1) [/home/wto/Xilinx/Vivado/2022.2/scripts/rt/data/unisim_comp.v:131628]
INFO: [Synth 8-638] synthesizing module 'cdc_sync' [/home/wto/Eos/EosMuon/EosMuonPL/EosMuonPL.gen/sources_1/bd/Mercury_XU5/ipshared/ef1e/hdl/lib_cdc_v1_0_rfs.vhd:106]
	Parameter INIT bound to: 1'b0 
INFO: [Synth 8-113] binding component instance 'CROSS_PLEVEL_IN2SCNDRY_IN_cdc_to' to cell 'FDR' [/home/wto/Eos/EosMuon/EosMuonPL/EosMuonPL.gen/sources_1/bd/Mercury_XU5/ipshared/ef1e/hdl/lib_cdc_v1_0_rfs.vhd:514]
	Parameter INIT bound to: 1'b0 
INFO: [Synth 8-113] binding component instance 'CROSS_PLEVEL_IN2SCNDRY_s_level_out_d2' to cell 'FDR' [/home/wto/Eos/EosMuon/EosMuonPL/EosMuonPL.gen/sources_1/bd/Mercury_XU5/ipshared/ef1e/hdl/lib_cdc_v1_0_rfs.vhd:545]
	Parameter INIT bound to: 1'b0 
INFO: [Synth 8-113] binding component instance 'CROSS_PLEVEL_IN2SCNDRY_s_level_out_d3' to cell 'FDR' [/home/wto/Eos/EosMuon/EosMuonPL/EosMuonPL.gen/sources_1/bd/Mercury_XU5/ipshared/ef1e/hdl/lib_cdc_v1_0_rfs.vhd:554]
	Parameter INIT bound to: 1'b0 
INFO: [Synth 8-113] binding component instance 'CROSS_PLEVEL_IN2SCNDRY_s_level_out_d4' to cell 'FDR' [/home/wto/Eos/EosMuon/EosMuonPL/EosMuonPL.gen/sources_1/bd/Mercury_XU5/ipshared/ef1e/hdl/lib_cdc_v1_0_rfs.vhd:564]
	Parameter INIT bound to: 1'b0 
INFO: [Synth 8-113] binding component instance 'CROSS_PLEVEL_IN2SCNDRY_s_level_out_d5' to cell 'FDR' [/home/wto/Eos/EosMuon/EosMuonPL/EosMuonPL.gen/sources_1/bd/Mercury_XU5/ipshared/ef1e/hdl/lib_cdc_v1_0_rfs.vhd:574]
	Parameter INIT bound to: 1'b0 
INFO: [Synth 8-113] binding component instance 'CROSS_PLEVEL_IN2SCNDRY_s_level_out_d6' to cell 'FDR' [/home/wto/Eos/EosMuon/EosMuonPL/EosMuonPL.gen/sources_1/bd/Mercury_XU5/ipshared/ef1e/hdl/lib_cdc_v1_0_rfs.vhd:584]
INFO: [Synth 8-256] done synthesizing module 'cdc_sync' (0#1) [/home/wto/Eos/EosMuon/EosMuonPL/EosMuonPL.gen/sources_1/bd/Mercury_XU5/ipshared/ef1e/hdl/lib_cdc_v1_0_rfs.vhd:106]
INFO: [Synth 8-256] done synthesizing module 'lpf' (0#1) [/home/wto/Eos/EosMuon/EosMuonPL/EosMuonPL.gen/sources_1/bd/Mercury_XU5/ipshared/8842/hdl/proc_sys_reset_v5_0_vh_rfs.vhd:816]
INFO: [Synth 8-638] synthesizing module 'sequence_psr' [/home/wto/Eos/EosMuon/EosMuonPL/EosMuonPL.gen/sources_1/bd/Mercury_XU5/ipshared/8842/hdl/proc_sys_reset_v5_0_vh_rfs.vhd:301]
INFO: [Synth 8-638] synthesizing module 'upcnt_n' [/home/wto/Eos/EosMuon/EosMuonPL/EosMuonPL.gen/sources_1/bd/Mercury_XU5/ipshared/8842/hdl/proc_sys_reset_v5_0_vh_rfs.vhd:125]
INFO: [Synth 8-256] done synthesizing module 'upcnt_n' (0#1) [/home/wto/Eos/EosMuon/EosMuonPL/EosMuonPL.gen/sources_1/bd/Mercury_XU5/ipshared/8842/hdl/proc_sys_reset_v5_0_vh_rfs.vhd:125]
INFO: [Synth 8-256] done synthesizing module 'sequence_psr' (0#1) [/home/wto/Eos/EosMuon/EosMuonPL/EosMuonPL.gen/sources_1/bd/Mercury_XU5/ipshared/8842/hdl/proc_sys_reset_v5_0_vh_rfs.vhd:301]
INFO: [Synth 8-256] done synthesizing module 'proc_sys_reset' (0#1) [/home/wto/Eos/EosMuon/EosMuonPL/EosMuonPL.gen/sources_1/bd/Mercury_XU5/ipshared/8842/hdl/proc_sys_reset_v5_0_vh_rfs.vhd:1323]
INFO: [Synth 8-256] done synthesizing module 'bd_3ad7_psr_aclk_0' (0#1) [/home/wto/Eos/EosMuon/EosMuonPL/EosMuonPL.gen/sources_1/bd/Mercury_XU5/ip/Mercury_XU5_smartconnect_00_0/bd_0/ip/ip_1/synth/bd_3ad7_psr_aclk_0.vhd:74]
WARNING: [Synth 8-7071] port 'mb_reset' of module 'bd_3ad7_psr_aclk_0' is unconnected for instance 'psr_aclk' [/home/wto/Eos/EosMuon/EosMuonPL/EosMuonPL.gen/sources_1/bd/Mercury_XU5/ip/Mercury_XU5_smartconnect_00_0/bd_0/synth/bd_3ad7.v:1731]
WARNING: [Synth 8-7071] port 'bus_struct_reset' of module 'bd_3ad7_psr_aclk_0' is unconnected for instance 'psr_aclk' [/home/wto/Eos/EosMuon/EosMuonPL/EosMuonPL.gen/sources_1/bd/Mercury_XU5/ip/Mercury_XU5_smartconnect_00_0/bd_0/synth/bd_3ad7.v:1731]
WARNING: [Synth 8-7071] port 'peripheral_reset' of module 'bd_3ad7_psr_aclk_0' is unconnected for instance 'psr_aclk' [/home/wto/Eos/EosMuon/EosMuonPL/EosMuonPL.gen/sources_1/bd/Mercury_XU5/ip/Mercury_XU5_smartconnect_00_0/bd_0/synth/bd_3ad7.v:1731]
WARNING: [Synth 8-7071] port 'peripheral_aresetn' of module 'bd_3ad7_psr_aclk_0' is unconnected for instance 'psr_aclk' [/home/wto/Eos/EosMuon/EosMuonPL/EosMuonPL.gen/sources_1/bd/Mercury_XU5/ip/Mercury_XU5_smartconnect_00_0/bd_0/synth/bd_3ad7.v:1731]
WARNING: [Synth 8-7023] instance 'psr_aclk' of module 'bd_3ad7_psr_aclk_0' has 10 connections declared, but only 6 given [/home/wto/Eos/EosMuon/EosMuonPL/EosMuonPL.gen/sources_1/bd/Mercury_XU5/ip/Mercury_XU5_smartconnect_00_0/bd_0/synth/bd_3ad7.v:1731]
INFO: [Synth 8-6155] done synthesizing module 'clk_map_imp_FU683Y' (0#1) [/home/wto/Eos/EosMuon/EosMuonPL/EosMuonPL.gen/sources_1/bd/Mercury_XU5/ip/Mercury_XU5_smartconnect_00_0/bd_0/synth/bd_3ad7.v:1678]
WARNING: [Synth 8-7071] port 'M03_ACLK' of module 'clk_map_imp_FU683Y' is unconnected for instance 'clk_map' [/home/wto/Eos/EosMuon/EosMuonPL/EosMuonPL.gen/sources_1/bd/Mercury_XU5/ip/Mercury_XU5_smartconnect_00_0/bd_0/synth/bd_3ad7.v:806]
WARNING: [Synth 8-7071] port 'M03_ARESETN' of module 'clk_map_imp_FU683Y' is unconnected for instance 'clk_map' [/home/wto/Eos/EosMuon/EosMuonPL/EosMuonPL.gen/sources_1/bd/Mercury_XU5/ip/Mercury_XU5_smartconnect_00_0/bd_0/synth/bd_3ad7.v:806]
WARNING: [Synth 8-7023] instance 'clk_map' of module 'clk_map_imp_FU683Y' has 15 connections declared, but only 13 given [/home/wto/Eos/EosMuon/EosMuonPL/EosMuonPL.gen/sources_1/bd/Mercury_XU5/ip/Mercury_XU5_smartconnect_00_0/bd_0/synth/bd_3ad7.v:806]
INFO: [Synth 8-6157] synthesizing module 'm00_exit_pipeline_imp_1HR5DN9' [/home/wto/Eos/EosMuon/EosMuonPL/EosMuonPL.gen/sources_1/bd/Mercury_XU5/ip/Mercury_XU5_smartconnect_00_0/bd_0/synth/bd_3ad7.v:2036]
INFO: [Synth 8-6157] synthesizing module 'bd_3ad7_m00e_0' [/home/wto/Eos/EosMuon/EosMuonPL/EosMuonPL.gen/sources_1/bd/Mercury_XU5/ip/Mercury_XU5_smartconnect_00_0/bd_0/ip/ip_32/synth/bd_3ad7_m00e_0.sv:53]
INFO: [Synth 8-6157] synthesizing module 'xpm_cdc_async_rst' [/home/wto/Xilinx/Vivado/2022.2/data/ip/xpm/xpm_cdc/hdl/xpm_cdc.sv:1174]
INFO: [Synth 8-6155] done synthesizing module 'xpm_cdc_async_rst' (0#1) [/home/wto/Xilinx/Vivado/2022.2/data/ip/xpm/xpm_cdc/hdl/xpm_cdc.sv:1174]
INFO: [Synth 8-6155] done synthesizing module 'bd_3ad7_m00e_0' (0#1) [/home/wto/Eos/EosMuon/EosMuonPL/EosMuonPL.gen/sources_1/bd/Mercury_XU5/ip/Mercury_XU5_smartconnect_00_0/bd_0/ip/ip_32/synth/bd_3ad7_m00e_0.sv:53]
INFO: [Synth 8-6155] done synthesizing module 'm00_exit_pipeline_imp_1HR5DN9' (0#1) [/home/wto/Eos/EosMuon/EosMuonPL/EosMuonPL.gen/sources_1/bd/Mercury_XU5/ip/Mercury_XU5_smartconnect_00_0/bd_0/synth/bd_3ad7.v:2036]
INFO: [Synth 8-6157] synthesizing module 'm00_nodes_imp_14DXI0P' [/home/wto/Eos/EosMuon/EosMuonPL/EosMuonPL.gen/sources_1/bd/Mercury_XU5/ip/Mercury_XU5_smartconnect_00_0/bd_0/synth/bd_3ad7.v:2337]
INFO: [Synth 8-6157] synthesizing module 'bd_3ad7_m00arn_0' [/home/wto/Eos/EosMuon/EosMuonPL/EosMuonPL.gen/sources_1/bd/Mercury_XU5/ip/Mercury_XU5_smartconnect_00_0/bd_0/ip/ip_27/synth/bd_3ad7_m00arn_0.sv:53]
INFO: [Synth 8-6155] done synthesizing module 'bd_3ad7_m00arn_0' (0#1) [/home/wto/Eos/EosMuon/EosMuonPL/EosMuonPL.gen/sources_1/bd/Mercury_XU5/ip/Mercury_XU5_smartconnect_00_0/bd_0/ip/ip_27/synth/bd_3ad7_m00arn_0.sv:53]
INFO: [Synth 8-6157] synthesizing module 'bd_3ad7_m00awn_0' [/home/wto/Eos/EosMuon/EosMuonPL/EosMuonPL.gen/sources_1/bd/Mercury_XU5/ip/Mercury_XU5_smartconnect_00_0/bd_0/ip/ip_29/synth/bd_3ad7_m00awn_0.sv:53]
INFO: [Synth 8-6155] done synthesizing module 'bd_3ad7_m00awn_0' (0#1) [/home/wto/Eos/EosMuon/EosMuonPL/EosMuonPL.gen/sources_1/bd/Mercury_XU5/ip/Mercury_XU5_smartconnect_00_0/bd_0/ip/ip_29/synth/bd_3ad7_m00awn_0.sv:53]
INFO: [Synth 8-6157] synthesizing module 'bd_3ad7_m00bn_0' [/home/wto/Eos/EosMuon/EosMuonPL/EosMuonPL.gen/sources_1/bd/Mercury_XU5/ip/Mercury_XU5_smartconnect_00_0/bd_0/ip/ip_31/synth/bd_3ad7_m00bn_0.sv:53]
INFO: [Synth 8-6155] done synthesizing module 'bd_3ad7_m00bn_0' (0#1) [/home/wto/Eos/EosMuon/EosMuonPL/EosMuonPL.gen/sources_1/bd/Mercury_XU5/ip/Mercury_XU5_smartconnect_00_0/bd_0/ip/ip_31/synth/bd_3ad7_m00bn_0.sv:53]
INFO: [Synth 8-6157] synthesizing module 'bd_3ad7_m00rn_0' [/home/wto/Eos/EosMuon/EosMuonPL/EosMuonPL.gen/sources_1/bd/Mercury_XU5/ip/Mercury_XU5_smartconnect_00_0/bd_0/ip/ip_28/synth/bd_3ad7_m00rn_0.sv:53]
INFO: [Synth 8-6155] done synthesizing module 'bd_3ad7_m00rn_0' (0#1) [/home/wto/Eos/EosMuon/EosMuonPL/EosMuonPL.gen/sources_1/bd/Mercury_XU5/ip/Mercury_XU5_smartconnect_00_0/bd_0/ip/ip_28/synth/bd_3ad7_m00rn_0.sv:53]
INFO: [Synth 8-6157] synthesizing module 'bd_3ad7_m00wn_0' [/home/wto/Eos/EosMuon/EosMuonPL/EosMuonPL.gen/sources_1/bd/Mercury_XU5/ip/Mercury_XU5_smartconnect_00_0/bd_0/ip/ip_30/synth/bd_3ad7_m00wn_0.sv:53]
INFO: [Synth 8-6155] done synthesizing module 'bd_3ad7_m00wn_0' (0#1) [/home/wto/Eos/EosMuon/EosMuonPL/EosMuonPL.gen/sources_1/bd/Mercury_XU5/ip/Mercury_XU5_smartconnect_00_0/bd_0/ip/ip_30/synth/bd_3ad7_m00wn_0.sv:53]
INFO: [Synth 8-6155] done synthesizing module 'm00_nodes_imp_14DXI0P' (0#1) [/home/wto/Eos/EosMuon/EosMuonPL/EosMuonPL.gen/sources_1/bd/Mercury_XU5/ip/Mercury_XU5_smartconnect_00_0/bd_0/synth/bd_3ad7.v:2337]
INFO: [Synth 8-6157] synthesizing module 'bd_3ad7_m00s2a_0' [/home/wto/Eos/EosMuon/EosMuonPL/EosMuonPL.gen/sources_1/bd/Mercury_XU5/ip/Mercury_XU5_smartconnect_00_0/bd_0/ip/ip_26/synth/bd_3ad7_m00s2a_0.sv:53]
INFO: [Synth 8-6155] done synthesizing module 'bd_3ad7_m00s2a_0' (0#1) [/home/wto/Eos/EosMuon/EosMuonPL/EosMuonPL.gen/sources_1/bd/Mercury_XU5/ip/Mercury_XU5_smartconnect_00_0/bd_0/ip/ip_26/synth/bd_3ad7_m00s2a_0.sv:53]
INFO: [Synth 8-6157] synthesizing module 'm01_exit_pipeline_imp_1NJCIHH' [/home/wto/Eos/EosMuon/EosMuonPL/EosMuonPL.gen/sources_1/bd/Mercury_XU5/ip/Mercury_XU5_smartconnect_00_0/bd_0/synth/bd_3ad7.v:2633]
INFO: [Synth 8-6157] synthesizing module 'bd_3ad7_m01e_0' [/home/wto/Eos/EosMuon/EosMuonPL/EosMuonPL.gen/sources_1/bd/Mercury_XU5/ip/Mercury_XU5_smartconnect_00_0/bd_0/ip/ip_39/synth/bd_3ad7_m01e_0.sv:53]
INFO: [Synth 8-6155] done synthesizing module 'bd_3ad7_m01e_0' (0#1) [/home/wto/Eos/EosMuon/EosMuonPL/EosMuonPL.gen/sources_1/bd/Mercury_XU5/ip/Mercury_XU5_smartconnect_00_0/bd_0/ip/ip_39/synth/bd_3ad7_m01e_0.sv:53]
INFO: [Synth 8-6155] done synthesizing module 'm01_exit_pipeline_imp_1NJCIHH' (0#1) [/home/wto/Eos/EosMuon/EosMuonPL/EosMuonPL.gen/sources_1/bd/Mercury_XU5/ip/Mercury_XU5_smartconnect_00_0/bd_0/synth/bd_3ad7.v:2633]
INFO: [Synth 8-6157] synthesizing module 'm01_nodes_imp_3GWPVZ' [/home/wto/Eos/EosMuon/EosMuonPL/EosMuonPL.gen/sources_1/bd/Mercury_XU5/ip/Mercury_XU5_smartconnect_00_0/bd_0/synth/bd_3ad7.v:2934]
INFO: [Synth 8-6157] synthesizing module 'bd_3ad7_m01arn_0' [/home/wto/Eos/EosMuon/EosMuonPL/EosMuonPL.gen/sources_1/bd/Mercury_XU5/ip/Mercury_XU5_smartconnect_00_0/bd_0/ip/ip_34/synth/bd_3ad7_m01arn_0.sv:53]
INFO: [Synth 8-6155] done synthesizing module 'bd_3ad7_m01arn_0' (0#1) [/home/wto/Eos/EosMuon/EosMuonPL/EosMuonPL.gen/sources_1/bd/Mercury_XU5/ip/Mercury_XU5_smartconnect_00_0/bd_0/ip/ip_34/synth/bd_3ad7_m01arn_0.sv:53]
INFO: [Synth 8-6157] synthesizing module 'bd_3ad7_m01awn_0' [/home/wto/Eos/EosMuon/EosMuonPL/EosMuonPL.gen/sources_1/bd/Mercury_XU5/ip/Mercury_XU5_smartconnect_00_0/bd_0/ip/ip_36/synth/bd_3ad7_m01awn_0.sv:53]
INFO: [Synth 8-6155] done synthesizing module 'bd_3ad7_m01awn_0' (0#1) [/home/wto/Eos/EosMuon/EosMuonPL/EosMuonPL.gen/sources_1/bd/Mercury_XU5/ip/Mercury_XU5_smartconnect_00_0/bd_0/ip/ip_36/synth/bd_3ad7_m01awn_0.sv:53]
INFO: [Synth 8-6157] synthesizing module 'bd_3ad7_m01bn_0' [/home/wto/Eos/EosMuon/EosMuonPL/EosMuonPL.gen/sources_1/bd/Mercury_XU5/ip/Mercury_XU5_smartconnect_00_0/bd_0/ip/ip_38/synth/bd_3ad7_m01bn_0.sv:53]
INFO: [Synth 8-6155] done synthesizing module 'bd_3ad7_m01bn_0' (0#1) [/home/wto/Eos/EosMuon/EosMuonPL/EosMuonPL.gen/sources_1/bd/Mercury_XU5/ip/Mercury_XU5_smartconnect_00_0/bd_0/ip/ip_38/synth/bd_3ad7_m01bn_0.sv:53]
INFO: [Synth 8-6157] synthesizing module 'bd_3ad7_m01rn_0' [/home/wto/Eos/EosMuon/EosMuonPL/EosMuonPL.gen/sources_1/bd/Mercury_XU5/ip/Mercury_XU5_smartconnect_00_0/bd_0/ip/ip_35/synth/bd_3ad7_m01rn_0.sv:53]
INFO: [Synth 8-6155] done synthesizing module 'bd_3ad7_m01rn_0' (0#1) [/home/wto/Eos/EosMuon/EosMuonPL/EosMuonPL.gen/sources_1/bd/Mercury_XU5/ip/Mercury_XU5_smartconnect_00_0/bd_0/ip/ip_35/synth/bd_3ad7_m01rn_0.sv:53]
INFO: [Synth 8-6157] synthesizing module 'bd_3ad7_m01wn_0' [/home/wto/Eos/EosMuon/EosMuonPL/EosMuonPL.gen/sources_1/bd/Mercury_XU5/ip/Mercury_XU5_smartconnect_00_0/bd_0/ip/ip_37/synth/bd_3ad7_m01wn_0.sv:53]
INFO: [Synth 8-6155] done synthesizing module 'bd_3ad7_m01wn_0' (0#1) [/home/wto/Eos/EosMuon/EosMuonPL/EosMuonPL.gen/sources_1/bd/Mercury_XU5/ip/Mercury_XU5_smartconnect_00_0/bd_0/ip/ip_37/synth/bd_3ad7_m01wn_0.sv:53]
INFO: [Synth 8-6155] done synthesizing module 'm01_nodes_imp_3GWPVZ' (0#1) [/home/wto/Eos/EosMuon/EosMuonPL/EosMuonPL.gen/sources_1/bd/Mercury_XU5/ip/Mercury_XU5_smartconnect_00_0/bd_0/synth/bd_3ad7.v:2934]
INFO: [Synth 8-6157] synthesizing module 'bd_3ad7_m01s2a_0' [/home/wto/Eos/EosMuon/EosMuonPL/EosMuonPL.gen/sources_1/bd/Mercury_XU5/ip/Mercury_XU5_smartconnect_00_0/bd_0/ip/ip_33/synth/bd_3ad7_m01s2a_0.sv:53]
INFO: [Synth 8-6155] done synthesizing module 'bd_3ad7_m01s2a_0' (0#1) [/home/wto/Eos/EosMuon/EosMuonPL/EosMuonPL.gen/sources_1/bd/Mercury_XU5/ip/Mercury_XU5_smartconnect_00_0/bd_0/ip/ip_33/synth/bd_3ad7_m01s2a_0.sv:53]
INFO: [Synth 8-6157] synthesizing module 'm02_exit_pipeline_imp_1UKH42D' [/home/wto/Eos/EosMuon/EosMuonPL/EosMuonPL.gen/sources_1/bd/Mercury_XU5/ip/Mercury_XU5_smartconnect_00_0/bd_0/synth/bd_3ad7.v:3230]
INFO: [Synth 8-6157] synthesizing module 'bd_3ad7_m02e_0' [/home/wto/Eos/EosMuon/EosMuonPL/EosMuonPL.gen/sources_1/bd/Mercury_XU5/ip/Mercury_XU5_smartconnect_00_0/bd_0/ip/ip_46/synth/bd_3ad7_m02e_0.sv:53]
INFO: [Synth 8-6155] done synthesizing module 'bd_3ad7_m02e_0' (0#1) [/home/wto/Eos/EosMuon/EosMuonPL/EosMuonPL.gen/sources_1/bd/Mercury_XU5/ip/Mercury_XU5_smartconnect_00_0/bd_0/ip/ip_46/synth/bd_3ad7_m02e_0.sv:53]
INFO: [Synth 8-6155] done synthesizing module 'm02_exit_pipeline_imp_1UKH42D' (0#1) [/home/wto/Eos/EosMuon/EosMuonPL/EosMuonPL.gen/sources_1/bd/Mercury_XU5/ip/Mercury_XU5_smartconnect_00_0/bd_0/synth/bd_3ad7.v:3230]
INFO: [Synth 8-6157] synthesizing module 'm02_nodes_imp_VBHPLG' [/home/wto/Eos/EosMuon/EosMuonPL/EosMuonPL.gen/sources_1/bd/Mercury_XU5/ip/Mercury_XU5_smartconnect_00_0/bd_0/synth/bd_3ad7.v:3531]
INFO: [Synth 8-6157] synthesizing module 'bd_3ad7_m02arn_0' [/home/wto/Eos/EosMuon/EosMuonPL/EosMuonPL.gen/sources_1/bd/Mercury_XU5/ip/Mercury_XU5_smartconnect_00_0/bd_0/ip/ip_41/synth/bd_3ad7_m02arn_0.sv:53]
INFO: [Synth 8-6155] done synthesizing module 'bd_3ad7_m02arn_0' (0#1) [/home/wto/Eos/EosMuon/EosMuonPL/EosMuonPL.gen/sources_1/bd/Mercury_XU5/ip/Mercury_XU5_smartconnect_00_0/bd_0/ip/ip_41/synth/bd_3ad7_m02arn_0.sv:53]
INFO: [Synth 8-6157] synthesizing module 'bd_3ad7_m02awn_0' [/home/wto/Eos/EosMuon/EosMuonPL/EosMuonPL.gen/sources_1/bd/Mercury_XU5/ip/Mercury_XU5_smartconnect_00_0/bd_0/ip/ip_43/synth/bd_3ad7_m02awn_0.sv:53]
INFO: [Synth 8-6155] done synthesizing module 'bd_3ad7_m02awn_0' (0#1) [/home/wto/Eos/EosMuon/EosMuonPL/EosMuonPL.gen/sources_1/bd/Mercury_XU5/ip/Mercury_XU5_smartconnect_00_0/bd_0/ip/ip_43/synth/bd_3ad7_m02awn_0.sv:53]
INFO: [Synth 8-6157] synthesizing module 'bd_3ad7_m02bn_0' [/home/wto/Eos/EosMuon/EosMuonPL/EosMuonPL.gen/sources_1/bd/Mercury_XU5/ip/Mercury_XU5_smartconnect_00_0/bd_0/ip/ip_45/synth/bd_3ad7_m02bn_0.sv:53]
INFO: [Synth 8-6155] done synthesizing module 'bd_3ad7_m02bn_0' (0#1) [/home/wto/Eos/EosMuon/EosMuonPL/EosMuonPL.gen/sources_1/bd/Mercury_XU5/ip/Mercury_XU5_smartconnect_00_0/bd_0/ip/ip_45/synth/bd_3ad7_m02bn_0.sv:53]
INFO: [Synth 8-6157] synthesizing module 'bd_3ad7_m02rn_0' [/home/wto/Eos/EosMuon/EosMuonPL/EosMuonPL.gen/sources_1/bd/Mercury_XU5/ip/Mercury_XU5_smartconnect_00_0/bd_0/ip/ip_42/synth/bd_3ad7_m02rn_0.sv:53]
INFO: [Synth 8-6155] done synthesizing module 'bd_3ad7_m02rn_0' (0#1) [/home/wto/Eos/EosMuon/EosMuonPL/EosMuonPL.gen/sources_1/bd/Mercury_XU5/ip/Mercury_XU5_smartconnect_00_0/bd_0/ip/ip_42/synth/bd_3ad7_m02rn_0.sv:53]
INFO: [Synth 8-6157] synthesizing module 'bd_3ad7_m02wn_0' [/home/wto/Eos/EosMuon/EosMuonPL/EosMuonPL.gen/sources_1/bd/Mercury_XU5/ip/Mercury_XU5_smartconnect_00_0/bd_0/ip/ip_44/synth/bd_3ad7_m02wn_0.sv:53]
INFO: [Synth 8-6155] done synthesizing module 'bd_3ad7_m02wn_0' (0#1) [/home/wto/Eos/EosMuon/EosMuonPL/EosMuonPL.gen/sources_1/bd/Mercury_XU5/ip/Mercury_XU5_smartconnect_00_0/bd_0/ip/ip_44/synth/bd_3ad7_m02wn_0.sv:53]
INFO: [Synth 8-6155] done synthesizing module 'm02_nodes_imp_VBHPLG' (0#1) [/home/wto/Eos/EosMuon/EosMuonPL/EosMuonPL.gen/sources_1/bd/Mercury_XU5/ip/Mercury_XU5_smartconnect_00_0/bd_0/synth/bd_3ad7.v:3531]
INFO: [Synth 8-6157] synthesizing module 'bd_3ad7_m02s2a_0' [/home/wto/Eos/EosMuon/EosMuonPL/EosMuonPL.gen/sources_1/bd/Mercury_XU5/ip/Mercury_XU5_smartconnect_00_0/bd_0/ip/ip_40/synth/bd_3ad7_m02s2a_0.sv:53]
INFO: [Synth 8-6155] done synthesizing module 'bd_3ad7_m02s2a_0' (0#1) [/home/wto/Eos/EosMuon/EosMuonPL/EosMuonPL.gen/sources_1/bd/Mercury_XU5/ip/Mercury_XU5_smartconnect_00_0/bd_0/ip/ip_40/synth/bd_3ad7_m02s2a_0.sv:53]
INFO: [Synth 8-6157] synthesizing module 'bd_3ad7_s00a2s_0' [/home/wto/Eos/EosMuon/EosMuonPL/EosMuonPL.gen/sources_1/bd/Mercury_XU5/ip/Mercury_XU5_smartconnect_00_0/bd_0/ip/ip_20/synth/bd_3ad7_s00a2s_0.sv:53]
INFO: [Synth 8-6155] done synthesizing module 'bd_3ad7_s00a2s_0' (0#1) [/home/wto/Eos/EosMuon/EosMuonPL/EosMuonPL.gen/sources_1/bd/Mercury_XU5/ip/Mercury_XU5_smartconnect_00_0/bd_0/ip/ip_20/synth/bd_3ad7_s00a2s_0.sv:53]
INFO: [Synth 8-6157] synthesizing module 's00_entry_pipeline_imp_IGYH5I' [/home/wto/Eos/EosMuon/EosMuonPL/EosMuonPL.gen/sources_1/bd/Mercury_XU5/ip/Mercury_XU5_smartconnect_00_0/bd_0/synth/bd_3ad7.v:3827]
INFO: [Synth 8-6157] synthesizing module 'bd_3ad7_s00mmu_0' [/home/wto/Eos/EosMuon/EosMuonPL/EosMuonPL.gen/sources_1/bd/Mercury_XU5/ip/Mercury_XU5_smartconnect_00_0/bd_0/ip/ip_17/synth/bd_3ad7_s00mmu_0.sv:53]
INFO: [Synth 8-6155] done synthesizing module 'bd_3ad7_s00mmu_0' (0#1) [/home/wto/Eos/EosMuon/EosMuonPL/EosMuonPL.gen/sources_1/bd/Mercury_XU5/ip/Mercury_XU5_smartconnect_00_0/bd_0/ip/ip_17/synth/bd_3ad7_s00mmu_0.sv:53]
INFO: [Synth 8-6157] synthesizing module 'bd_3ad7_s00sic_0' [/home/wto/Eos/EosMuon/EosMuonPL/EosMuonPL.gen/sources_1/bd/Mercury_XU5/ip/Mercury_XU5_smartconnect_00_0/bd_0/ip/ip_19/synth/bd_3ad7_s00sic_0.sv:53]
INFO: [Synth 8-6155] done synthesizing module 'bd_3ad7_s00sic_0' (0#1) [/home/wto/Eos/EosMuon/EosMuonPL/EosMuonPL.gen/sources_1/bd/Mercury_XU5/ip/Mercury_XU5_smartconnect_00_0/bd_0/ip/ip_19/synth/bd_3ad7_s00sic_0.sv:53]
INFO: [Synth 8-6157] synthesizing module 'bd_3ad7_s00tr_0' [/home/wto/Eos/EosMuon/EosMuonPL/EosMuonPL.gen/sources_1/bd/Mercury_XU5/ip/Mercury_XU5_smartconnect_00_0/bd_0/ip/ip_18/synth/bd_3ad7_s00tr_0.sv:53]
INFO: [Synth 8-6155] done synthesizing module 'bd_3ad7_s00tr_0' (0#1) [/home/wto/Eos/EosMuon/EosMuonPL/EosMuonPL.gen/sources_1/bd/Mercury_XU5/ip/Mercury_XU5_smartconnect_00_0/bd_0/ip/ip_18/synth/bd_3ad7_s00tr_0.sv:53]
INFO: [Synth 8-6155] done synthesizing module 's00_entry_pipeline_imp_IGYH5I' (0#1) [/home/wto/Eos/EosMuon/EosMuonPL/EosMuonPL.gen/sources_1/bd/Mercury_XU5/ip/Mercury_XU5_smartconnect_00_0/bd_0/synth/bd_3ad7.v:3827]
INFO: [Synth 8-6157] synthesizing module 's00_nodes_imp_O6POI4' [/home/wto/Eos/EosMuon/EosMuonPL/EosMuonPL.gen/sources_1/bd/Mercury_XU5/ip/Mercury_XU5_smartconnect_00_0/bd_0/synth/bd_3ad7.v:4486]
INFO: [Synth 8-6157] synthesizing module 'bd_3ad7_sarn_0' [/home/wto/Eos/EosMuon/EosMuonPL/EosMuonPL.gen/sources_1/bd/Mercury_XU5/ip/Mercury_XU5_smartconnect_00_0/bd_0/ip/ip_21/synth/bd_3ad7_sarn_0.sv:53]
INFO: [Synth 8-6155] done synthesizing module 'bd_3ad7_sarn_0' (0#1) [/home/wto/Eos/EosMuon/EosMuonPL/EosMuonPL.gen/sources_1/bd/Mercury_XU5/ip/Mercury_XU5_smartconnect_00_0/bd_0/ip/ip_21/synth/bd_3ad7_sarn_0.sv:53]
INFO: [Synth 8-6157] synthesizing module 'bd_3ad7_sawn_0' [/home/wto/Eos/EosMuon/EosMuonPL/EosMuonPL.gen/sources_1/bd/Mercury_XU5/ip/Mercury_XU5_smartconnect_00_0/bd_0/ip/ip_23/synth/bd_3ad7_sawn_0.sv:53]
INFO: [Synth 8-6155] done synthesizing module 'bd_3ad7_sawn_0' (0#1) [/home/wto/Eos/EosMuon/EosMuonPL/EosMuonPL.gen/sources_1/bd/Mercury_XU5/ip/Mercury_XU5_smartconnect_00_0/bd_0/ip/ip_23/synth/bd_3ad7_sawn_0.sv:53]
INFO: [Synth 8-6157] synthesizing module 'bd_3ad7_sbn_0' [/home/wto/Eos/EosMuon/EosMuonPL/EosMuonPL.gen/sources_1/bd/Mercury_XU5/ip/Mercury_XU5_smartconnect_00_0/bd_0/ip/ip_25/synth/bd_3ad7_sbn_0.sv:53]
INFO: [Synth 8-6155] done synthesizing module 'bd_3ad7_sbn_0' (0#1) [/home/wto/Eos/EosMuon/EosMuonPL/EosMuonPL.gen/sources_1/bd/Mercury_XU5/ip/Mercury_XU5_smartconnect_00_0/bd_0/ip/ip_25/synth/bd_3ad7_sbn_0.sv:53]
INFO: [Synth 8-6157] synthesizing module 'bd_3ad7_srn_0' [/home/wto/Eos/EosMuon/EosMuonPL/EosMuonPL.gen/sources_1/bd/Mercury_XU5/ip/Mercury_XU5_smartconnect_00_0/bd_0/ip/ip_22/synth/bd_3ad7_srn_0.sv:53]
INFO: [Synth 8-6155] done synthesizing module 'bd_3ad7_srn_0' (0#1) [/home/wto/Eos/EosMuon/EosMuonPL/EosMuonPL.gen/sources_1/bd/Mercury_XU5/ip/Mercury_XU5_smartconnect_00_0/bd_0/ip/ip_22/synth/bd_3ad7_srn_0.sv:53]
INFO: [Synth 8-6157] synthesizing module 'bd_3ad7_swn_0' [/home/wto/Eos/EosMuon/EosMuonPL/EosMuonPL.gen/sources_1/bd/Mercury_XU5/ip/Mercury_XU5_smartconnect_00_0/bd_0/ip/ip_24/synth/bd_3ad7_swn_0.sv:53]
INFO: [Synth 8-6155] done synthesizing module 'bd_3ad7_swn_0' (0#1) [/home/wto/Eos/EosMuon/EosMuonPL/EosMuonPL.gen/sources_1/bd/Mercury_XU5/ip/Mercury_XU5_smartconnect_00_0/bd_0/ip/ip_24/synth/bd_3ad7_swn_0.sv:53]
INFO: [Synth 8-6155] done synthesizing module 's00_nodes_imp_O6POI4' (0#1) [/home/wto/Eos/EosMuon/EosMuonPL/EosMuonPL.gen/sources_1/bd/Mercury_XU5/ip/Mercury_XU5_smartconnect_00_0/bd_0/synth/bd_3ad7.v:4486]
INFO: [Synth 8-6157] synthesizing module 'switchboards_imp_GVXWT4' [/home/wto/Eos/EosMuon/EosMuonPL/EosMuonPL.gen/sources_1/bd/Mercury_XU5/ip/Mercury_XU5_smartconnect_00_0/bd_0/synth/bd_3ad7.v:4782]
INFO: [Synth 8-6157] synthesizing module 'bd_3ad7_arinsw_0' [/home/wto/Eos/EosMuon/EosMuonPL/EosMuonPL.gen/sources_1/bd/Mercury_XU5/ip/Mercury_XU5_smartconnect_00_0/bd_0/ip/ip_2/synth/bd_3ad7_arinsw_0.sv:53]
INFO: [Synth 8-6155] done synthesizing module 'bd_3ad7_arinsw_0' (0#1) [/home/wto/Eos/EosMuon/EosMuonPL/EosMuonPL.gen/sources_1/bd/Mercury_XU5/ip/Mercury_XU5_smartconnect_00_0/bd_0/ip/ip_2/synth/bd_3ad7_arinsw_0.sv:53]
INFO: [Synth 8-6157] synthesizing module 'bd_3ad7_aroutsw_0' [/home/wto/Eos/EosMuon/EosMuonPL/EosMuonPL.gen/sources_1/bd/Mercury_XU5/ip/Mercury_XU5_smartconnect_00_0/bd_0/ip/ip_7/synth/bd_3ad7_aroutsw_0.sv:53]
INFO: [Synth 8-6155] done synthesizing module 'bd_3ad7_aroutsw_0' (0#1) [/home/wto/Eos/EosMuon/EosMuonPL/EosMuonPL.gen/sources_1/bd/Mercury_XU5/ip/Mercury_XU5_smartconnect_00_0/bd_0/ip/ip_7/synth/bd_3ad7_aroutsw_0.sv:53]
INFO: [Synth 8-6157] synthesizing module 'bd_3ad7_awinsw_0' [/home/wto/Eos/EosMuon/EosMuonPL/EosMuonPL.gen/sources_1/bd/Mercury_XU5/ip/Mercury_XU5_smartconnect_00_0/bd_0/ip/ip_4/synth/bd_3ad7_awinsw_0.sv:53]
INFO: [Synth 8-6155] done synthesizing module 'bd_3ad7_awinsw_0' (0#1) [/home/wto/Eos/EosMuon/EosMuonPL/EosMuonPL.gen/sources_1/bd/Mercury_XU5/ip/Mercury_XU5_smartconnect_00_0/bd_0/ip/ip_4/synth/bd_3ad7_awinsw_0.sv:53]
INFO: [Synth 8-6157] synthesizing module 'bd_3ad7_awoutsw_0' [/home/wto/Eos/EosMuon/EosMuonPL/EosMuonPL.gen/sources_1/bd/Mercury_XU5/ip/Mercury_XU5_smartconnect_00_0/bd_0/ip/ip_9/synth/bd_3ad7_awoutsw_0.sv:53]
INFO: [Synth 8-6155] done synthesizing module 'bd_3ad7_awoutsw_0' (0#1) [/home/wto/Eos/EosMuon/EosMuonPL/EosMuonPL.gen/sources_1/bd/Mercury_XU5/ip/Mercury_XU5_smartconnect_00_0/bd_0/ip/ip_9/synth/bd_3ad7_awoutsw_0.sv:53]
INFO: [Synth 8-6157] synthesizing module 'bd_3ad7_binsw_0' [/home/wto/Eos/EosMuon/EosMuonPL/EosMuonPL.gen/sources_1/bd/Mercury_XU5/ip/Mercury_XU5_smartconnect_00_0/bd_0/ip/ip_6/synth/bd_3ad7_binsw_0.sv:53]
INFO: [Synth 8-6155] done synthesizing module 'bd_3ad7_binsw_0' (0#1) [/home/wto/Eos/EosMuon/EosMuonPL/EosMuonPL.gen/sources_1/bd/Mercury_XU5/ip/Mercury_XU5_smartconnect_00_0/bd_0/ip/ip_6/synth/bd_3ad7_binsw_0.sv:53]
INFO: [Synth 8-6157] synthesizing module 'bd_3ad7_boutsw_0' [/home/wto/Eos/EosMuon/EosMuonPL/EosMuonPL.gen/sources_1/bd/Mercury_XU5/ip/Mercury_XU5_smartconnect_00_0/bd_0/ip/ip_11/synth/bd_3ad7_boutsw_0.sv:53]
INFO: [Synth 8-6155] done synthesizing module 'bd_3ad7_boutsw_0' (0#1) [/home/wto/Eos/EosMuon/EosMuonPL/EosMuonPL.gen/sources_1/bd/Mercury_XU5/ip/Mercury_XU5_smartconnect_00_0/bd_0/ip/ip_11/synth/bd_3ad7_boutsw_0.sv:53]
INFO: [Synth 8-6157] synthesizing module 'i_nodes_imp_1X2YTSW' [/home/wto/Eos/EosMuon/EosMuonPL/EosMuonPL.gen/sources_1/bd/Mercury_XU5/ip/Mercury_XU5_smartconnect_00_0/bd_0/synth/bd_3ad7.v:1740]
INFO: [Synth 8-6157] synthesizing module 'bd_3ad7_arni_0' [/home/wto/Eos/EosMuon/EosMuonPL/EosMuonPL.gen/sources_1/bd/Mercury_XU5/ip/Mercury_XU5_smartconnect_00_0/bd_0/ip/ip_12/synth/bd_3ad7_arni_0.sv:53]
INFO: [Synth 8-6155] done synthesizing module 'bd_3ad7_arni_0' (0#1) [/home/wto/Eos/EosMuon/EosMuonPL/EosMuonPL.gen/sources_1/bd/Mercury_XU5/ip/Mercury_XU5_smartconnect_00_0/bd_0/ip/ip_12/synth/bd_3ad7_arni_0.sv:53]
INFO: [Synth 8-6157] synthesizing module 'bd_3ad7_awni_0' [/home/wto/Eos/EosMuon/EosMuonPL/EosMuonPL.gen/sources_1/bd/Mercury_XU5/ip/Mercury_XU5_smartconnect_00_0/bd_0/ip/ip_14/synth/bd_3ad7_awni_0.sv:53]
INFO: [Synth 8-6155] done synthesizing module 'bd_3ad7_awni_0' (0#1) [/home/wto/Eos/EosMuon/EosMuonPL/EosMuonPL.gen/sources_1/bd/Mercury_XU5/ip/Mercury_XU5_smartconnect_00_0/bd_0/ip/ip_14/synth/bd_3ad7_awni_0.sv:53]
INFO: [Synth 8-6157] synthesizing module 'bd_3ad7_bni_0' [/home/wto/Eos/EosMuon/EosMuonPL/EosMuonPL.gen/sources_1/bd/Mercury_XU5/ip/Mercury_XU5_smartconnect_00_0/bd_0/ip/ip_16/synth/bd_3ad7_bni_0.sv:53]
INFO: [Synth 8-6155] done synthesizing module 'bd_3ad7_bni_0' (0#1) [/home/wto/Eos/EosMuon/EosMuonPL/EosMuonPL.gen/sources_1/bd/Mercury_XU5/ip/Mercury_XU5_smartconnect_00_0/bd_0/ip/ip_16/synth/bd_3ad7_bni_0.sv:53]
INFO: [Synth 8-6157] synthesizing module 'bd_3ad7_rni_0' [/home/wto/Eos/EosMuon/EosMuonPL/EosMuonPL.gen/sources_1/bd/Mercury_XU5/ip/Mercury_XU5_smartconnect_00_0/bd_0/ip/ip_13/synth/bd_3ad7_rni_0.sv:53]
INFO: [Synth 8-6155] done synthesizing module 'bd_3ad7_rni_0' (0#1) [/home/wto/Eos/EosMuon/EosMuonPL/EosMuonPL.gen/sources_1/bd/Mercury_XU5/ip/Mercury_XU5_smartconnect_00_0/bd_0/ip/ip_13/synth/bd_3ad7_rni_0.sv:53]
INFO: [Synth 8-6157] synthesizing module 'bd_3ad7_wni_0' [/home/wto/Eos/EosMuon/EosMuonPL/EosMuonPL.gen/sources_1/bd/Mercury_XU5/ip/Mercury_XU5_smartconnect_00_0/bd_0/ip/ip_15/synth/bd_3ad7_wni_0.sv:53]
INFO: [Synth 8-6155] done synthesizing module 'bd_3ad7_wni_0' (0#1) [/home/wto/Eos/EosMuon/EosMuonPL/EosMuonPL.gen/sources_1/bd/Mercury_XU5/ip/Mercury_XU5_smartconnect_00_0/bd_0/ip/ip_15/synth/bd_3ad7_wni_0.sv:53]
INFO: [Synth 8-6155] done synthesizing module 'i_nodes_imp_1X2YTSW' (0#1) [/home/wto/Eos/EosMuon/EosMuonPL/EosMuonPL.gen/sources_1/bd/Mercury_XU5/ip/Mercury_XU5_smartconnect_00_0/bd_0/synth/bd_3ad7.v:1740]
INFO: [Synth 8-6157] synthesizing module 'bd_3ad7_rinsw_0' [/home/wto/Eos/EosMuon/EosMuonPL/EosMuonPL.gen/sources_1/bd/Mercury_XU5/ip/Mercury_XU5_smartconnect_00_0/bd_0/ip/ip_3/synth/bd_3ad7_rinsw_0.sv:53]
INFO: [Synth 8-6155] done synthesizing module 'bd_3ad7_rinsw_0' (0#1) [/home/wto/Eos/EosMuon/EosMuonPL/EosMuonPL.gen/sources_1/bd/Mercury_XU5/ip/Mercury_XU5_smartconnect_00_0/bd_0/ip/ip_3/synth/bd_3ad7_rinsw_0.sv:53]
INFO: [Synth 8-6157] synthesizing module 'bd_3ad7_routsw_0' [/home/wto/Eos/EosMuon/EosMuonPL/EosMuonPL.gen/sources_1/bd/Mercury_XU5/ip/Mercury_XU5_smartconnect_00_0/bd_0/ip/ip_8/synth/bd_3ad7_routsw_0.sv:53]
INFO: [Synth 8-6155] done synthesizing module 'bd_3ad7_routsw_0' (0#1) [/home/wto/Eos/EosMuon/EosMuonPL/EosMuonPL.gen/sources_1/bd/Mercury_XU5/ip/Mercury_XU5_smartconnect_00_0/bd_0/ip/ip_8/synth/bd_3ad7_routsw_0.sv:53]
INFO: [Synth 8-6157] synthesizing module 'bd_3ad7_winsw_0' [/home/wto/Eos/EosMuon/EosMuonPL/EosMuonPL.gen/sources_1/bd/Mercury_XU5/ip/Mercury_XU5_smartconnect_00_0/bd_0/ip/ip_5/synth/bd_3ad7_winsw_0.sv:53]
INFO: [Synth 8-6155] done synthesizing module 'bd_3ad7_winsw_0' (0#1) [/home/wto/Eos/EosMuon/EosMuonPL/EosMuonPL.gen/sources_1/bd/Mercury_XU5/ip/Mercury_XU5_smartconnect_00_0/bd_0/ip/ip_5/synth/bd_3ad7_winsw_0.sv:53]
INFO: [Synth 8-6157] synthesizing module 'bd_3ad7_woutsw_0' [/home/wto/Eos/EosMuon/EosMuonPL/EosMuonPL.gen/sources_1/bd/Mercury_XU5/ip/Mercury_XU5_smartconnect_00_0/bd_0/ip/ip_10/synth/bd_3ad7_woutsw_0.sv:53]
INFO: [Synth 8-6155] done synthesizing module 'bd_3ad7_woutsw_0' (0#1) [/home/wto/Eos/EosMuon/EosMuonPL/EosMuonPL.gen/sources_1/bd/Mercury_XU5/ip/Mercury_XU5_smartconnect_00_0/bd_0/ip/ip_10/synth/bd_3ad7_woutsw_0.sv:53]
INFO: [Synth 8-6155] done synthesizing module 'switchboards_imp_GVXWT4' (0#1) [/home/wto/Eos/EosMuon/EosMuonPL/EosMuonPL.gen/sources_1/bd/Mercury_XU5/ip/Mercury_XU5_smartconnect_00_0/bd_0/synth/bd_3ad7.v:4782]
WARNING: [Synth 8-7071] port 'M03_SC_AR_info' of module 'switchboards_imp_GVXWT4' is unconnected for instance 'switchboards' [/home/wto/Eos/EosMuon/EosMuonPL/EosMuonPL.gen/sources_1/bd/Mercury_XU5/ip/Mercury_XU5_smartconnect_00_0/bd_0/synth/bd_3ad7.v:1560]
WARNING: [Synth 8-7071] port 'M03_SC_AR_payld' of module 'switchboards_imp_GVXWT4' is unconnected for instance 'switchboards' [/home/wto/Eos/EosMuon/EosMuonPL/EosMuonPL.gen/sources_1/bd/Mercury_XU5/ip/Mercury_XU5_smartconnect_00_0/bd_0/synth/bd_3ad7.v:1560]
WARNING: [Synth 8-7071] port 'M03_SC_AR_req' of module 'switchboards_imp_GVXWT4' is unconnected for instance 'switchboards' [/home/wto/Eos/EosMuon/EosMuonPL/EosMuonPL.gen/sources_1/bd/Mercury_XU5/ip/Mercury_XU5_smartconnect_00_0/bd_0/synth/bd_3ad7.v:1560]
WARNING: [Synth 8-7071] port 'M03_SC_AR_send' of module 'switchboards_imp_GVXWT4' is unconnected for instance 'switchboards' [/home/wto/Eos/EosMuon/EosMuonPL/EosMuonPL.gen/sources_1/bd/Mercury_XU5/ip/Mercury_XU5_smartconnect_00_0/bd_0/synth/bd_3ad7.v:1560]
WARNING: [Synth 8-7071] port 'M03_SC_AW_info' of module 'switchboards_imp_GVXWT4' is unconnected for instance 'switchboards' [/home/wto/Eos/EosMuon/EosMuonPL/EosMuonPL.gen/sources_1/bd/Mercury_XU5/ip/Mercury_XU5_smartconnect_00_0/bd_0/synth/bd_3ad7.v:1560]
WARNING: [Synth 8-7071] port 'M03_SC_AW_payld' of module 'switchboards_imp_GVXWT4' is unconnected for instance 'switchboards' [/home/wto/Eos/EosMuon/EosMuonPL/EosMuonPL.gen/sources_1/bd/Mercury_XU5/ip/Mercury_XU5_smartconnect_00_0/bd_0/synth/bd_3ad7.v:1560]
WARNING: [Synth 8-7071] port 'M03_SC_AW_req' of module 'switchboards_imp_GVXWT4' is unconnected for instance 'switchboards' [/home/wto/Eos/EosMuon/EosMuonPL/EosMuonPL.gen/sources_1/bd/Mercury_XU5/ip/Mercury_XU5_smartconnect_00_0/bd_0/synth/bd_3ad7.v:1560]
WARNING: [Synth 8-7071] port 'M03_SC_AW_send' of module 'switchboards_imp_GVXWT4' is unconnected for instance 'switchboards' [/home/wto/Eos/EosMuon/EosMuonPL/EosMuonPL.gen/sources_1/bd/Mercury_XU5/ip/Mercury_XU5_smartconnect_00_0/bd_0/synth/bd_3ad7.v:1560]
WARNING: [Synth 8-7071] port 'M03_SC_W_info' of module 'switchboards_imp_GVXWT4' is unconnected for instance 'switchboards' [/home/wto/Eos/EosMuon/EosMuonPL/EosMuonPL.gen/sources_1/bd/Mercury_XU5/ip/Mercury_XU5_smartconnect_00_0/bd_0/synth/bd_3ad7.v:1560]
WARNING: [Synth 8-7071] port 'M03_SC_W_payld' of module 'switchboards_imp_GVXWT4' is unconnected for instance 'switchboards' [/home/wto/Eos/EosMuon/EosMuonPL/EosMuonPL.gen/sources_1/bd/Mercury_XU5/ip/Mercury_XU5_smartconnect_00_0/bd_0/synth/bd_3ad7.v:1560]
WARNING: [Synth 8-7071] port 'M03_SC_W_req' of module 'switchboards_imp_GVXWT4' is unconnected for instance 'switchboards' [/home/wto/Eos/EosMuon/EosMuonPL/EosMuonPL.gen/sources_1/bd/Mercury_XU5/ip/Mercury_XU5_smartconnect_00_0/bd_0/synth/bd_3ad7.v:1560]
WARNING: [Synth 8-7071] port 'M03_SC_W_send' of module 'switchboards_imp_GVXWT4' is unconnected for instance 'switchboards' [/home/wto/Eos/EosMuon/EosMuonPL/EosMuonPL.gen/sources_1/bd/Mercury_XU5/ip/Mercury_XU5_smartconnect_00_0/bd_0/synth/bd_3ad7.v:1560]
WARNING: [Synth 8-7071] port 'S03_SC_B_recv' of module 'switchboards_imp_GVXWT4' is unconnected for instance 'switchboards' [/home/wto/Eos/EosMuon/EosMuonPL/EosMuonPL.gen/sources_1/bd/Mercury_XU5/ip/Mercury_XU5_smartconnect_00_0/bd_0/synth/bd_3ad7.v:1560]
WARNING: [Synth 8-7071] port 'S03_SC_R_recv' of module 'switchboards_imp_GVXWT4' is unconnected for instance 'switchboards' [/home/wto/Eos/EosMuon/EosMuonPL/EosMuonPL.gen/sources_1/bd/Mercury_XU5/ip/Mercury_XU5_smartconnect_00_0/bd_0/synth/bd_3ad7.v:1560]
WARNING: [Synth 8-7023] instance 'switchboards' of module 'switchboards_imp_GVXWT4' has 129 connections declared, but only 115 given [/home/wto/Eos/EosMuon/EosMuonPL/EosMuonPL.gen/sources_1/bd/Mercury_XU5/ip/Mercury_XU5_smartconnect_00_0/bd_0/synth/bd_3ad7.v:1560]
INFO: [Synth 8-6155] done synthesizing module 'bd_3ad7' (0#1) [/home/wto/Eos/EosMuon/EosMuonPL/EosMuonPL.gen/sources_1/bd/Mercury_XU5/ip/Mercury_XU5_smartconnect_00_0/bd_0/synth/bd_3ad7.v:9]
INFO: [Synth 8-6155] done synthesizing module 'Mercury_XU5_smartconnect_00_0' (0#1) [/home/wto/Eos/EosMuon/EosMuonPL/EosMuonPL.gen/sources_1/bd/Mercury_XU5/ip/Mercury_XU5_smartconnect_00_0/synth/Mercury_XU5_smartconnect_00_0.v:53]
WARNING: [Synth 8-3301] Unused top level parameter/generic BG_WIDTH
WARNING: [Synth 8-3848] Net aresetn_out in module/entity clk_map_imp_FU683Y does not have driver. [/home/wto/Eos/EosMuon/EosMuonPL/EosMuonPL.gen/sources_1/bd/Mercury_XU5/ip/Mercury_XU5_smartconnect_00_0/bd_0/synth/bd_3ad7.v:1706]
WARNING: [Synth 8-3848] Net M03_AXI_araddr in module/entity bd_3ad7 does not have driver. [/home/wto/Eos/EosMuon/EosMuonPL/EosMuonPL.gen/sources_1/bd/Mercury_XU5/ip/Mercury_XU5_smartconnect_00_0/bd_0/synth/bd_3ad7.v:185]
WARNING: [Synth 8-3848] Net M03_AXI_arprot in module/entity bd_3ad7 does not have driver. [/home/wto/Eos/EosMuon/EosMuonPL/EosMuonPL.gen/sources_1/bd/Mercury_XU5/ip/Mercury_XU5_smartconnect_00_0/bd_0/synth/bd_3ad7.v:186]
WARNING: [Synth 8-3848] Net M03_AXI_arvalid in module/entity bd_3ad7 does not have driver. [/home/wto/Eos/EosMuon/EosMuonPL/EosMuonPL.gen/sources_1/bd/Mercury_XU5/ip/Mercury_XU5_smartconnect_00_0/bd_0/synth/bd_3ad7.v:188]
WARNING: [Synth 8-3848] Net M03_AXI_awaddr in module/entity bd_3ad7 does not have driver. [/home/wto/Eos/EosMuon/EosMuonPL/EosMuonPL.gen/sources_1/bd/Mercury_XU5/ip/Mercury_XU5_smartconnect_00_0/bd_0/synth/bd_3ad7.v:189]
WARNING: [Synth 8-3848] Net M03_AXI_awprot in module/entity bd_3ad7 does not have driver. [/home/wto/Eos/EosMuon/EosMuonPL/EosMuonPL.gen/sources_1/bd/Mercury_XU5/ip/Mercury_XU5_smartconnect_00_0/bd_0/synth/bd_3ad7.v:190]
WARNING: [Synth 8-3848] Net M03_AXI_awvalid in module/entity bd_3ad7 does not have driver. [/home/wto/Eos/EosMuon/EosMuonPL/EosMuonPL.gen/sources_1/bd/Mercury_XU5/ip/Mercury_XU5_smartconnect_00_0/bd_0/synth/bd_3ad7.v:192]
WARNING: [Synth 8-3848] Net M03_AXI_bready in module/entity bd_3ad7 does not have driver. [/home/wto/Eos/EosMuon/EosMuonPL/EosMuonPL.gen/sources_1/bd/Mercury_XU5/ip/Mercury_XU5_smartconnect_00_0/bd_0/synth/bd_3ad7.v:193]
WARNING: [Synth 8-3848] Net M03_AXI_rready in module/entity bd_3ad7 does not have driver. [/home/wto/Eos/EosMuon/EosMuonPL/EosMuonPL.gen/sources_1/bd/Mercury_XU5/ip/Mercury_XU5_smartconnect_00_0/bd_0/synth/bd_3ad7.v:197]
WARNING: [Synth 8-3848] Net M03_AXI_wdata in module/entity bd_3ad7 does not have driver. [/home/wto/Eos/EosMuon/EosMuonPL/EosMuonPL.gen/sources_1/bd/Mercury_XU5/ip/Mercury_XU5_smartconnect_00_0/bd_0/synth/bd_3ad7.v:200]
WARNING: [Synth 8-3848] Net M03_AXI_wstrb in module/entity bd_3ad7 does not have driver. [/home/wto/Eos/EosMuon/EosMuonPL/EosMuonPL.gen/sources_1/bd/Mercury_XU5/ip/Mercury_XU5_smartconnect_00_0/bd_0/synth/bd_3ad7.v:202]
WARNING: [Synth 8-3848] Net M03_AXI_wvalid in module/entity bd_3ad7 does not have driver. [/home/wto/Eos/EosMuon/EosMuonPL/EosMuonPL.gen/sources_1/bd/Mercury_XU5/ip/Mercury_XU5_smartconnect_00_0/bd_0/synth/bd_3ad7.v:203]
WARNING: [Synth 8-7129] Port aclk in module sc_util_v1_0_4_pipeline__parameterized4 is either unconnected or has no load
WARNING: [Synth 8-7129] Port aclken in module sc_util_v1_0_4_pipeline__parameterized4 is either unconnected or has no load
WARNING: [Synth 8-7129] Port areset in module sc_util_v1_0_4_pipeline__parameterized4 is either unconnected or has no load
WARNING: [Synth 8-7129] Port aclk in module sc_util_v1_0_4_pipeline__parameterized0 is either unconnected or has no load
WARNING: [Synth 8-7129] Port aclken in module sc_util_v1_0_4_pipeline__parameterized0 is either unconnected or has no load
WARNING: [Synth 8-7129] Port areset in module sc_util_v1_0_4_pipeline__parameterized0 is either unconnected or has no load
WARNING: [Synth 8-7129] Port din[0] in module sc_util_v1_0_4_onehot_to_binary__parameterized0 is either unconnected or has no load
WARNING: [Synth 8-7129] Port connectivity[3] in module sc_switchboard_v1_0_6_top__parameterized6 is either unconnected or has no load
WARNING: [Synth 8-7129] Port connectivity[2] in module sc_switchboard_v1_0_6_top__parameterized6 is either unconnected or has no load
WARNING: [Synth 8-7129] Port connectivity[1] in module sc_switchboard_v1_0_6_top__parameterized6 is either unconnected or has no load
WARNING: [Synth 8-7129] Port connectivity[0] in module sc_switchboard_v1_0_6_top__parameterized6 is either unconnected or has no load
WARNING: [Synth 8-7129] Port connectivity[0] in module sc_switchboard_v1_0_6_top__parameterized5 is either unconnected or has no load
WARNING: [Synth 8-7129] Port aclk in module sc_util_v1_0_4_pipeline__parameterized3 is either unconnected or has no load
WARNING: [Synth 8-7129] Port aclken in module sc_util_v1_0_4_pipeline__parameterized3 is either unconnected or has no load
WARNING: [Synth 8-7129] Port areset in module sc_util_v1_0_4_pipeline__parameterized3 is either unconnected or has no load
WARNING: [Synth 8-7129] Port aclk in module sc_util_v1_0_4_pipeline__parameterized5 is either unconnected or has no load
WARNING: [Synth 8-7129] Port aclken in module sc_util_v1_0_4_pipeline__parameterized5 is either unconnected or has no load
WARNING: [Synth 8-7129] Port areset in module sc_util_v1_0_4_pipeline__parameterized5 is either unconnected or has no load
WARNING: [Synth 8-7129] Port din[0] in module sc_util_v1_0_4_onehot_to_binary__parameterized1 is either unconnected or has no load
WARNING: [Synth 8-7129] Port connectivity[3] in module sc_switchboard_v1_0_6_top__parameterized4 is either unconnected or has no load
WARNING: [Synth 8-7129] Port connectivity[2] in module sc_switchboard_v1_0_6_top__parameterized4 is either unconnected or has no load
WARNING: [Synth 8-7129] Port connectivity[1] in module sc_switchboard_v1_0_6_top__parameterized4 is either unconnected or has no load
WARNING: [Synth 8-7129] Port connectivity[0] in module sc_switchboard_v1_0_6_top__parameterized4 is either unconnected or has no load
WARNING: [Synth 8-7129] Port connectivity[0] in module sc_switchboard_v1_0_6_top__parameterized3 is either unconnected or has no load
WARNING: [Synth 8-7129] Port din[0] in module sc_util_v1_0_4_onehot_to_binary is either unconnected or has no load
WARNING: [Synth 8-7129] Port slow_clk in module sc_util_v1_0_4_sample_cycle_ratio is either unconnected or has no load
WARNING: [Synth 8-7129] Port fast_clk in module sc_util_v1_0_4_sample_cycle_ratio is either unconnected or has no load
WARNING: [Synth 8-7129] Port aclk in module sc_util_v1_0_4_pipeline__parameterized11 is either unconnected or has no load
WARNING: [Synth 8-7129] Port aclken in module sc_util_v1_0_4_pipeline__parameterized11 is either unconnected or has no load
WARNING: [Synth 8-7129] Port areset in module sc_util_v1_0_4_pipeline__parameterized11 is either unconnected or has no load
WARNING: [Synth 8-7129] Port aclk in module sc_node_v1_0_14_reg_slice3 is either unconnected or has no load
WARNING: [Synth 8-7129] Port aclken in module sc_node_v1_0_14_reg_slice3 is either unconnected or has no load
WARNING: [Synth 8-7129] Port areset in module sc_node_v1_0_14_reg_slice3 is either unconnected or has no load
WARNING: [Synth 8-7129] Port aclk in module sc_node_v1_0_14_si_handler__parameterized8 is either unconnected or has no load
WARNING: [Synth 8-7129] Port aclken in module sc_node_v1_0_14_si_handler__parameterized8 is either unconnected or has no load
WARNING: [Synth 8-7129] Port areset in module sc_node_v1_0_14_si_handler__parameterized8 is either unconnected or has no load
WARNING: [Synth 8-7129] Port s_sc_req[0] in module sc_node_v1_0_14_si_handler__parameterized8 is either unconnected or has no load
WARNING: [Synth 8-7129] Port s_sc_info[0] in module sc_node_v1_0_14_si_handler__parameterized8 is either unconnected or has no load
WARNING: [Synth 8-7129] Port s_axis_arb_tvalid in module sc_node_v1_0_14_si_handler__parameterized8 is either unconnected or has no load
WARNING: [Synth 8-7129] Port s_axis_arb_tdata[15] in module sc_node_v1_0_14_si_handler__parameterized8 is either unconnected or has no load
WARNING: [Synth 8-7129] Port s_axis_arb_tdata[14] in module sc_node_v1_0_14_si_handler__parameterized8 is either unconnected or has no load
WARNING: [Synth 8-7129] Port s_axis_arb_tdata[13] in module sc_node_v1_0_14_si_handler__parameterized8 is either unconnected or has no load
WARNING: [Synth 8-7129] Port s_axis_arb_tdata[12] in module sc_node_v1_0_14_si_handler__parameterized8 is either unconnected or has no load
WARNING: [Synth 8-7129] Port s_axis_arb_tdata[11] in module sc_node_v1_0_14_si_handler__parameterized8 is either unconnected or has no load
WARNING: [Synth 8-7129] Port s_axis_arb_tdata[10] in module sc_node_v1_0_14_si_handler__parameterized8 is either unconnected or has no load
WARNING: [Synth 8-7129] Port s_axis_arb_tdata[9] in module sc_node_v1_0_14_si_handler__parameterized8 is either unconnected or has no load
WARNING: [Synth 8-7129] Port s_axis_arb_tdata[8] in module sc_node_v1_0_14_si_handler__parameterized8 is either unconnected or has no load
WARNING: [Synth 8-7129] Port s_axis_arb_tdata[7] in module sc_node_v1_0_14_si_handler__parameterized8 is either unconnected or has no load
WARNING: [Synth 8-7129] Port s_axis_arb_tdata[6] in module sc_node_v1_0_14_si_handler__parameterized8 is either unconnected or has no load
WARNING: [Synth 8-7129] Port s_axis_arb_tdata[5] in module sc_node_v1_0_14_si_handler__parameterized8 is either unconnected or has no load
WARNING: [Synth 8-7129] Port s_axis_arb_tdata[4] in module sc_node_v1_0_14_si_handler__parameterized8 is either unconnected or has no load
WARNING: [Synth 8-7129] Port s_axis_arb_tdata[3] in module sc_node_v1_0_14_si_handler__parameterized8 is either unconnected or has no load
WARNING: [Synth 8-7129] Port s_axis_arb_tdata[2] in module sc_node_v1_0_14_si_handler__parameterized8 is either unconnected or has no load
WARNING: [Synth 8-7129] Port s_axis_arb_tdata[1] in module sc_node_v1_0_14_si_handler__parameterized8 is either unconnected or has no load
WARNING: [Synth 8-7129] Port s_axis_arb_tdata[0] in module sc_node_v1_0_14_si_handler__parameterized8 is either unconnected or has no load
WARNING: [Synth 8-7129] Port m_axis_arb_tready in module sc_node_v1_0_14_si_handler__parameterized8 is either unconnected or has no load
WARNING: [Synth 8-7129] Port aclk in module sc_util_v1_0_4_axic_register_slice is either unconnected or has no load
WARNING: [Synth 8-7129] Port areset in module sc_util_v1_0_4_axic_register_slice is either unconnected or has no load
WARNING: [Synth 8-7129] Port aclken in module sc_util_v1_0_4_axic_register_slice is either unconnected or has no load
WARNING: [Synth 8-7129] Port m_sc_aclken in module sc_node_v1_0_14_top__parameterized13 is either unconnected or has no load
WARNING: [Synth 8-7129] Port din[0] in module sc_util_v1_0_4_onehot_to_binary__parameterized2 is either unconnected or has no load
WARNING: [Synth 8-7129] Port aclk in module sc_util_v1_0_4_pipeline__parameterized8 is either unconnected or has no load
WARNING: [Synth 8-7129] Port aclken in module sc_util_v1_0_4_pipeline__parameterized8 is either unconnected or has no load
WARNING: [Synth 8-7129] Port areset in module sc_util_v1_0_4_pipeline__parameterized8 is either unconnected or has no load
WARNING: [Synth 8-7129] Port s_sc_payld[54] in module sc_node_v1_0_14_ingress__parameterized7 is either unconnected or has no load
WARNING: [Synth 8-7129] Port s_sc_payld[53] in module sc_node_v1_0_14_ingress__parameterized7 is either unconnected or has no load
WARNING: [Synth 8-7129] Port aclk in module sc_util_v1_0_4_pipeline__parameterized10 is either unconnected or has no load
WARNING: [Synth 8-7129] Port aclken in module sc_util_v1_0_4_pipeline__parameterized10 is either unconnected or has no load
WARNING: [Synth 8-7129] Port areset in module sc_util_v1_0_4_pipeline__parameterized10 is either unconnected or has no load
WARNING: [Synth 8-7129] Port aclk in module sc_node_v1_0_14_reg_slice3__parameterized0 is either unconnected or has no load
WARNING: [Synth 8-7129] Port aclken in module sc_node_v1_0_14_reg_slice3__parameterized0 is either unconnected or has no load
WARNING: [Synth 8-7129] Port areset in module sc_node_v1_0_14_reg_slice3__parameterized0 is either unconnected or has no load
WARNING: [Synth 8-7129] Port areset in module sc_node_v1_0_14_fi_regulator is either unconnected or has no load
WARNING: [Synth 8-7129] Port s_sc_info[3] in module sc_node_v1_0_14_si_handler__parameterized7 is either unconnected or has no load
WARNING: [Synth 8-7129] Port s_sc_info[2] in module sc_node_v1_0_14_si_handler__parameterized7 is either unconnected or has no load
WARNING: [Synth 8-7129] Port s_sc_info[1] in module sc_node_v1_0_14_si_handler__parameterized7 is either unconnected or has no load
WARNING: [Synth 8-7129] Port s_sc_info[0] in module sc_node_v1_0_14_si_handler__parameterized7 is either unconnected or has no load
WARNING: [Synth 8-7129] Port s_axis_arb_tvalid in module sc_node_v1_0_14_si_handler__parameterized7 is either unconnected or has no load
WARNING: [Synth 8-7129] Port s_axis_arb_tdata[15] in module sc_node_v1_0_14_si_handler__parameterized7 is either unconnected or has no load
WARNING: [Synth 8-7129] Port s_axis_arb_tdata[14] in module sc_node_v1_0_14_si_handler__parameterized7 is either unconnected or has no load
WARNING: [Synth 8-7129] Port s_axis_arb_tdata[13] in module sc_node_v1_0_14_si_handler__parameterized7 is either unconnected or has no load
WARNING: [Synth 8-7129] Port s_axis_arb_tdata[12] in module sc_node_v1_0_14_si_handler__parameterized7 is either unconnected or has no load
WARNING: [Synth 8-7129] Port s_axis_arb_tdata[11] in module sc_node_v1_0_14_si_handler__parameterized7 is either unconnected or has no load
WARNING: [Synth 8-7129] Port s_axis_arb_tdata[10] in module sc_node_v1_0_14_si_handler__parameterized7 is either unconnected or has no load
WARNING: [Synth 8-7129] Port s_axis_arb_tdata[9] in module sc_node_v1_0_14_si_handler__parameterized7 is either unconnected or has no load
WARNING: [Synth 8-7129] Port s_axis_arb_tdata[8] in module sc_node_v1_0_14_si_handler__parameterized7 is either unconnected or has no load
WARNING: [Synth 8-7129] Port s_axis_arb_tdata[7] in module sc_node_v1_0_14_si_handler__parameterized7 is either unconnected or has no load
WARNING: [Synth 8-7129] Port s_axis_arb_tdata[6] in module sc_node_v1_0_14_si_handler__parameterized7 is either unconnected or has no load
WARNING: [Synth 8-7129] Port s_axis_arb_tdata[5] in module sc_node_v1_0_14_si_handler__parameterized7 is either unconnected or has no load
WARNING: [Synth 8-7129] Port s_axis_arb_tdata[4] in module sc_node_v1_0_14_si_handler__parameterized7 is either unconnected or has no load
WARNING: [Synth 8-7129] Port s_axis_arb_tdata[3] in module sc_node_v1_0_14_si_handler__parameterized7 is either unconnected or has no load
WARNING: [Synth 8-7129] Port s_axis_arb_tdata[2] in module sc_node_v1_0_14_si_handler__parameterized7 is either unconnected or has no load
WARNING: [Synth 8-7129] Port s_axis_arb_tdata[1] in module sc_node_v1_0_14_si_handler__parameterized7 is either unconnected or has no load
WARNING: [Synth 8-7129] Port s_axis_arb_tdata[0] in module sc_node_v1_0_14_si_handler__parameterized7 is either unconnected or has no load
WARNING: [Synth 8-7129] Port m_axis_arb_tready in module sc_node_v1_0_14_si_handler__parameterized7 is either unconnected or has no load
WARNING: [Synth 8-7129] Port m_sc_aclken in module sc_node_v1_0_14_top__parameterized12 is either unconnected or has no load
WARNING: [Synth 8-7129] Port s_sc_payld[8] in module sc_node_v1_0_14_ingress__parameterized6 is either unconnected or has no load
WARNING: [Synth 8-7129] Port s_sc_payld[7] in module sc_node_v1_0_14_ingress__parameterized6 is either unconnected or has no load
WARNING: [Synth 8-7129] Port aclk in module sc_util_v1_0_4_pipeline__parameterized9 is either unconnected or has no load
WARNING: [Synth 8-7129] Port aclken in module sc_util_v1_0_4_pipeline__parameterized9 is either unconnected or has no load
INFO: [Common 17-14] Message 'Synth 8-7129' appears 100 times and further instances of the messages will be disabled. Use the Tcl command set_msg_config to change the current settings.
---------------------------------------------------------------------------------
Finished RTL Elaboration : Time (s): cpu = 00:00:06 ; elapsed = 00:00:07 . Memory (MB): peak = 3050.754 ; gain = 430.645 ; free physical = 1790 ; free virtual = 22729
Synthesis current peak Physical Memory [PSS] (MB): peak = 2420.797; parent = 2181.447; children = 239.350
Synthesis current peak Virtual Memory [VSS] (MB): peak = 4011.918; parent = 3050.758; children = 961.160
---------------------------------------------------------------------------------
---------------------------------------------------------------------------------
Start Handling Custom Attributes
---------------------------------------------------------------------------------
---------------------------------------------------------------------------------
Finished Handling Custom Attributes : Time (s): cpu = 00:00:07 ; elapsed = 00:00:07 . Memory (MB): peak = 3065.598 ; gain = 445.488 ; free physical = 1790 ; free virtual = 22729
Synthesis current peak Physical Memory [PSS] (MB): peak = 2421.844; parent = 2182.494; children = 239.350
Synthesis current peak Virtual Memory [VSS] (MB): peak = 4026.762; parent = 3065.602; children = 961.160
---------------------------------------------------------------------------------
---------------------------------------------------------------------------------
Finished RTL Optimization Phase 1 : Time (s): cpu = 00:00:07 ; elapsed = 00:00:07 . Memory (MB): peak = 3065.598 ; gain = 445.488 ; free physical = 1798 ; free virtual = 22737
Synthesis current peak Physical Memory [PSS] (MB): peak = 2421.844; parent = 2182.494; children = 239.350
Synthesis current peak Virtual Memory [VSS] (MB): peak = 4026.762; parent = 3065.602; children = 961.160
---------------------------------------------------------------------------------
Netlist sorting complete. Time (s): cpu = 00:00:00.61 ; elapsed = 00:00:00.62 . Memory (MB): peak = 3079.535 ; gain = 0.000 ; free physical = 1690 ; free virtual = 22629
INFO: [Netlist 29-17] Analyzing 13 Unisim elements for replacement
INFO: [Netlist 29-28] Unisim Transformation completed in 0 CPU seconds
INFO: [Project 1-570] Preparing netlist for logic optimization

Processing XDC Constraints
Initializing timing engine
Parsing XDC File [/home/wto/Eos/EosMuon/EosMuonPL/EosMuonPL.gen/sources_1/bd/Mercury_XU5/ip/Mercury_XU5_smartconnect_00_0/ooc.xdc] for cell 'inst'
Finished Parsing XDC File [/home/wto/Eos/EosMuon/EosMuonPL/EosMuonPL.gen/sources_1/bd/Mercury_XU5/ip/Mercury_XU5_smartconnect_00_0/ooc.xdc] for cell 'inst'
Parsing XDC File [/home/wto/Eos/EosMuon/EosMuonPL/EosMuonPL.gen/sources_1/bd/Mercury_XU5/ip/Mercury_XU5_smartconnect_00_0/bd_0/ip/ip_1/bd_3ad7_psr_aclk_0_board.xdc] for cell 'inst/clk_map/psr_aclk/U0'
Finished Parsing XDC File [/home/wto/Eos/EosMuon/EosMuonPL/EosMuonPL.gen/sources_1/bd/Mercury_XU5/ip/Mercury_XU5_smartconnect_00_0/bd_0/ip/ip_1/bd_3ad7_psr_aclk_0_board.xdc] for cell 'inst/clk_map/psr_aclk/U0'
Parsing XDC File [/home/wto/Eos/EosMuon/EosMuonPL/EosMuonPL.gen/sources_1/bd/Mercury_XU5/ip/Mercury_XU5_smartconnect_00_0/bd_0/ip/ip_1/bd_3ad7_psr_aclk_0.xdc] for cell 'inst/clk_map/psr_aclk/U0'
Finished Parsing XDC File [/home/wto/Eos/EosMuon/EosMuonPL/EosMuonPL.gen/sources_1/bd/Mercury_XU5/ip/Mercury_XU5_smartconnect_00_0/bd_0/ip/ip_1/bd_3ad7_psr_aclk_0.xdc] for cell 'inst/clk_map/psr_aclk/U0'
Parsing XDC File [/home/wto/Eos/EosMuon/EosMuonPL/EosMuonPL.runs/Mercury_XU5_smartconnect_00_0_synth_1/dont_touch.xdc]
Finished Parsing XDC File [/home/wto/Eos/EosMuon/EosMuonPL/EosMuonPL.runs/Mercury_XU5_smartconnect_00_0_synth_1/dont_touch.xdc]
INFO: [Project 1-1714] 56 XPM XDC files have been applied to the design.
Completed Processing XDC Constraints

Netlist sorting complete. Time (s): cpu = 00:00:00 ; elapsed = 00:00:00 . Memory (MB): peak = 3366.941 ; gain = 0.000 ; free physical = 1540 ; free virtual = 22483
INFO: [Project 1-111] Unisim Transformation Summary:
  A total of 13 instances were transformed.
  FDR => FDRE: 12 instances
  SRL16 => SRL16E: 1 instance 

Constraint Validation Runtime : Time (s): cpu = 00:00:00.24 ; elapsed = 00:00:00.13 . Memory (MB): peak = 3366.941 ; gain = 0.000 ; free physical = 1540 ; free virtual = 22483
INFO: [Designutils 20-5008] Incremental synthesis strategy off
INFO: [Synth 8-11241] undeclared symbol 'REGCCE', assumed default net type 'wire' [/home/wto/Xilinx/Vivado/2022.2/data/verilog/src/unimacro/BRAM_SINGLE_MACRO.v:2170]
---------------------------------------------------------------------------------
Finished Constraint Validation : Time (s): cpu = 00:00:19 ; elapsed = 00:00:19 . Memory (MB): peak = 3366.941 ; gain = 746.832 ; free physical = 1846 ; free virtual = 22788
Synthesis current peak Physical Memory [PSS] (MB): peak = 2561.598; parent = 2322.248; children = 239.350
Synthesis current peak Virtual Memory [VSS] (MB): peak = 4296.090; parent = 3334.930; children = 961.160
---------------------------------------------------------------------------------
---------------------------------------------------------------------------------
Start Loading Part and Timing Information
---------------------------------------------------------------------------------
Loading part: xczu2eg-sfvc784-1-i
INFO: [Synth 8-6742] Reading net delay rules and data
---------------------------------------------------------------------------------
Finished Loading Part and Timing Information : Time (s): cpu = 00:00:19 ; elapsed = 00:00:19 . Memory (MB): peak = 3366.941 ; gain = 746.832 ; free physical = 1846 ; free virtual = 22788
Synthesis current peak Physical Memory [PSS] (MB): peak = 2561.598; parent = 2322.248; children = 239.350
Synthesis current peak Virtual Memory [VSS] (MB): peak = 4296.090; parent = 3334.930; children = 961.160
---------------------------------------------------------------------------------
---------------------------------------------------------------------------------
Start Applying 'set_property' XDC Constraints
---------------------------------------------------------------------------------
Applied set_property KEEP_HIERARCHY = SOFT for inst. (constraint file  /home/wto/Eos/EosMuon/EosMuonPL/EosMuonPL.runs/Mercury_XU5_smartconnect_00_0_synth_1/dont_touch.xdc, line 237).
Applied set_property KEEP_HIERARCHY = SOFT for inst/m00_nodes/m00_ar_node/inst/m_sc_xpm_cdc_async_rst_inst. (constraint file  auto generated constraint).
Applied set_property KEEP_HIERARCHY = SOFT for inst/m00_nodes/m00_aw_node/inst/m_sc_xpm_cdc_async_rst_inst. (constraint file  auto generated constraint).
Applied set_property KEEP_HIERARCHY = SOFT for inst/m00_nodes/m00_b_node/inst/m_sc_xpm_cdc_async_rst_inst. (constraint file  auto generated constraint).
Applied set_property KEEP_HIERARCHY = SOFT for inst/m00_nodes/m00_r_node/inst/m_sc_xpm_cdc_async_rst_inst. (constraint file  auto generated constraint).
Applied set_property KEEP_HIERARCHY = SOFT for inst/m00_nodes/m00_w_node/inst/m_sc_xpm_cdc_async_rst_inst. (constraint file  auto generated constraint).
Applied set_property KEEP_HIERARCHY = SOFT for inst/m01_nodes/m01_ar_node/inst/m_sc_xpm_cdc_async_rst_inst. (constraint file  auto generated constraint).
Applied set_property KEEP_HIERARCHY = SOFT for inst/m01_nodes/m01_aw_node/inst/m_sc_xpm_cdc_async_rst_inst. (constraint file  auto generated constraint).
Applied set_property KEEP_HIERARCHY = SOFT for inst/m01_nodes/m01_b_node/inst/m_sc_xpm_cdc_async_rst_inst. (constraint file  auto generated constraint).
Applied set_property KEEP_HIERARCHY = SOFT for inst/m01_nodes/m01_r_node/inst/m_sc_xpm_cdc_async_rst_inst. (constraint file  auto generated constraint).
Applied set_property KEEP_HIERARCHY = SOFT for inst/m01_nodes/m01_w_node/inst/m_sc_xpm_cdc_async_rst_inst. (constraint file  auto generated constraint).
Applied set_property KEEP_HIERARCHY = SOFT for inst/m02_nodes/m02_ar_node/inst/m_sc_xpm_cdc_async_rst_inst. (constraint file  auto generated constraint).
Applied set_property KEEP_HIERARCHY = SOFT for inst/m02_nodes/m02_aw_node/inst/m_sc_xpm_cdc_async_rst_inst. (constraint file  auto generated constraint).
Applied set_property KEEP_HIERARCHY = SOFT for inst/m02_nodes/m02_b_node/inst/m_sc_xpm_cdc_async_rst_inst. (constraint file  auto generated constraint).
Applied set_property KEEP_HIERARCHY = SOFT for inst/m02_nodes/m02_r_node/inst/m_sc_xpm_cdc_async_rst_inst. (constraint file  auto generated constraint).
Applied set_property KEEP_HIERARCHY = SOFT for inst/m02_nodes/m02_w_node/inst/m_sc_xpm_cdc_async_rst_inst. (constraint file  auto generated constraint).
Applied set_property KEEP_HIERARCHY = SOFT for inst/s00_nodes/s00_ar_node/inst/m_sc_xpm_cdc_async_rst_inst. (constraint file  auto generated constraint).
Applied set_property KEEP_HIERARCHY = SOFT for inst/s00_nodes/s00_aw_node/inst/m_sc_xpm_cdc_async_rst_inst. (constraint file  auto generated constraint).
Applied set_property KEEP_HIERARCHY = SOFT for inst/s00_nodes/s00_b_node/inst/m_sc_xpm_cdc_async_rst_inst. (constraint file  auto generated constraint).
Applied set_property KEEP_HIERARCHY = SOFT for inst/s00_nodes/s00_r_node/inst/m_sc_xpm_cdc_async_rst_inst. (constraint file  auto generated constraint).
Applied set_property KEEP_HIERARCHY = SOFT for inst/s00_nodes/s00_w_node/inst/m_sc_xpm_cdc_async_rst_inst. (constraint file  auto generated constraint).
Applied set_property KEEP_HIERARCHY = SOFT for inst/switchboards/i_nodes/i_ar_node/inst/m_sc_xpm_cdc_async_rst_inst. (constraint file  auto generated constraint).
Applied set_property KEEP_HIERARCHY = SOFT for inst/switchboards/i_nodes/i_aw_node/inst/m_sc_xpm_cdc_async_rst_inst. (constraint file  auto generated constraint).
Applied set_property KEEP_HIERARCHY = SOFT for inst/switchboards/i_nodes/i_b_node/inst/m_sc_xpm_cdc_async_rst_inst. (constraint file  auto generated constraint).
Applied set_property KEEP_HIERARCHY = SOFT for inst/switchboards/i_nodes/i_r_node/inst/m_sc_xpm_cdc_async_rst_inst. (constraint file  auto generated constraint).
Applied set_property KEEP_HIERARCHY = SOFT for inst/switchboards/i_nodes/i_w_node/inst/m_sc_xpm_cdc_async_rst_inst. (constraint file  auto generated constraint).
Applied set_property KEEP_HIERARCHY = SOFT for inst/m00_nodes/m00_ar_node/inst/s_sc_xpm_cdc_async_rst_inst. (constraint file  auto generated constraint).
Applied set_property KEEP_HIERARCHY = SOFT for inst/m00_nodes/m00_aw_node/inst/s_sc_xpm_cdc_async_rst_inst. (constraint file  auto generated constraint).
Applied set_property KEEP_HIERARCHY = SOFT for inst/m00_nodes/m00_b_node/inst/s_sc_xpm_cdc_async_rst_inst. (constraint file  auto generated constraint).
Applied set_property KEEP_HIERARCHY = SOFT for inst/m00_nodes/m00_r_node/inst/s_sc_xpm_cdc_async_rst_inst. (constraint file  auto generated constraint).
Applied set_property KEEP_HIERARCHY = SOFT for inst/m00_nodes/m00_w_node/inst/s_sc_xpm_cdc_async_rst_inst. (constraint file  auto generated constraint).
Applied set_property KEEP_HIERARCHY = SOFT for inst/m01_nodes/m01_ar_node/inst/s_sc_xpm_cdc_async_rst_inst. (constraint file  auto generated constraint).
Applied set_property KEEP_HIERARCHY = SOFT for inst/m01_nodes/m01_aw_node/inst/s_sc_xpm_cdc_async_rst_inst. (constraint file  auto generated constraint).
Applied set_property KEEP_HIERARCHY = SOFT for inst/m01_nodes/m01_b_node/inst/s_sc_xpm_cdc_async_rst_inst. (constraint file  auto generated constraint).
Applied set_property KEEP_HIERARCHY = SOFT for inst/m01_nodes/m01_r_node/inst/s_sc_xpm_cdc_async_rst_inst. (constraint file  auto generated constraint).
Applied set_property KEEP_HIERARCHY = SOFT for inst/m01_nodes/m01_w_node/inst/s_sc_xpm_cdc_async_rst_inst. (constraint file  auto generated constraint).
Applied set_property KEEP_HIERARCHY = SOFT for inst/m02_nodes/m02_ar_node/inst/s_sc_xpm_cdc_async_rst_inst. (constraint file  auto generated constraint).
Applied set_property KEEP_HIERARCHY = SOFT for inst/m02_nodes/m02_aw_node/inst/s_sc_xpm_cdc_async_rst_inst. (constraint file  auto generated constraint).
Applied set_property KEEP_HIERARCHY = SOFT for inst/m02_nodes/m02_b_node/inst/s_sc_xpm_cdc_async_rst_inst. (constraint file  auto generated constraint).
Applied set_property KEEP_HIERARCHY = SOFT for inst/m02_nodes/m02_r_node/inst/s_sc_xpm_cdc_async_rst_inst. (constraint file  auto generated constraint).
Applied set_property KEEP_HIERARCHY = SOFT for inst/m02_nodes/m02_w_node/inst/s_sc_xpm_cdc_async_rst_inst. (constraint file  auto generated constraint).
Applied set_property KEEP_HIERARCHY = SOFT for inst/s00_nodes/s00_ar_node/inst/s_sc_xpm_cdc_async_rst_inst. (constraint file  auto generated constraint).
Applied set_property KEEP_HIERARCHY = SOFT for inst/s00_nodes/s00_aw_node/inst/s_sc_xpm_cdc_async_rst_inst. (constraint file  auto generated constraint).
Applied set_property KEEP_HIERARCHY = SOFT for inst/s00_nodes/s00_b_node/inst/s_sc_xpm_cdc_async_rst_inst. (constraint file  auto generated constraint).
Applied set_property KEEP_HIERARCHY = SOFT for inst/s00_nodes/s00_r_node/inst/s_sc_xpm_cdc_async_rst_inst. (constraint file  auto generated constraint).
Applied set_property KEEP_HIERARCHY = SOFT for inst/s00_nodes/s00_w_node/inst/s_sc_xpm_cdc_async_rst_inst. (constraint file  auto generated constraint).
Applied set_property KEEP_HIERARCHY = SOFT for inst/switchboards/i_nodes/i_ar_node/inst/s_sc_xpm_cdc_async_rst_inst. (constraint file  auto generated constraint).
Applied set_property KEEP_HIERARCHY = SOFT for inst/switchboards/i_nodes/i_aw_node/inst/s_sc_xpm_cdc_async_rst_inst. (constraint file  auto generated constraint).
Applied set_property KEEP_HIERARCHY = SOFT for inst/switchboards/i_nodes/i_b_node/inst/s_sc_xpm_cdc_async_rst_inst. (constraint file  auto generated constraint).
Applied set_property KEEP_HIERARCHY = SOFT for inst/switchboards/i_nodes/i_r_node/inst/s_sc_xpm_cdc_async_rst_inst. (constraint file  auto generated constraint).
Applied set_property KEEP_HIERARCHY = SOFT for inst/switchboards/i_nodes/i_w_node/inst/s_sc_xpm_cdc_async_rst_inst. (constraint file  auto generated constraint).
Applied set_property KEEP_HIERARCHY = SOFT for inst/m00_exit_pipeline/m00_exit/inst/xpm_cdc_async_rst_inst. (constraint file  auto generated constraint).
Applied set_property KEEP_HIERARCHY = SOFT for inst/m01_exit_pipeline/m01_exit/inst/xpm_cdc_async_rst_inst. (constraint file  auto generated constraint).
Applied set_property KEEP_HIERARCHY = SOFT for inst/m02_exit_pipeline/m02_exit/inst/xpm_cdc_async_rst_inst. (constraint file  auto generated constraint).
Applied set_property KEEP_HIERARCHY = SOFT for inst/s00_entry_pipeline/s00_mmu/inst/xpm_cdc_async_rst_inst. (constraint file  auto generated constraint).
Applied set_property KEEP_HIERARCHY = SOFT for inst/s00_entry_pipeline/s00_si_converter/inst/xpm_cdc_async_rst_inst. (constraint file  auto generated constraint).
Applied set_property KEEP_HIERARCHY = SOFT for inst/s00_entry_pipeline/s00_transaction_regulator/inst/xpm_cdc_async_rst_inst. (constraint file  auto generated constraint).
---------------------------------------------------------------------------------
Finished applying 'set_property' XDC Constraints : Time (s): cpu = 00:00:19 ; elapsed = 00:00:20 . Memory (MB): peak = 3366.941 ; gain = 746.832 ; free physical = 1847 ; free virtual = 22788
Synthesis current peak Physical Memory [PSS] (MB): peak = 2561.598; parent = 2322.248; children = 239.350
Synthesis current peak Virtual Memory [VSS] (MB): peak = 4296.090; parent = 3334.930; children = 961.160
---------------------------------------------------------------------------------
INFO: [Synth 8-802] inferred FSM for state register 'gen_axi.gen_write.write_cs_reg' in module 'sc_mmu_v1_0_11_decerr_slave'
INFO: [Synth 8-802] inferred FSM for state register 'w_state_reg' in module 'sc_si_converter_v1_0_11_axilite_conv'
INFO: [Synth 8-802] inferred FSM for state register 'r_state_reg' in module 'sc_si_converter_v1_0_11_axilite_conv'
---------------------------------------------------------------------------------------------------
                   State |                     New Encoding |                Previous Encoding 
---------------------------------------------------------------------------------------------------
            P_WRITE_IDLE |                              001 |                               00
            P_WRITE_DATA |                              010 |                               01
            P_WRITE_RESP |                              100 |                               10
---------------------------------------------------------------------------------------------------
INFO: [Synth 8-3354] encoded FSM with state register 'gen_axi.gen_write.write_cs_reg' using encoding 'one-hot' in module 'sc_mmu_v1_0_11_decerr_slave'
---------------------------------------------------------------------------------------------------
                   State |                     New Encoding |                Previous Encoding 
---------------------------------------------------------------------------------------------------
                  W_IDLE |                              000 | 00000000000000000000000000000000
                    W_RX |                              001 | 00000000000000000000000000000001
                    W_TX |                              010 | 00000000000000000000000000000010
              W_COMPLETE |                              011 | 00000000000000000000000000000100
               W_RECOVER |                              100 | 00000000000000000000000000000011
---------------------------------------------------------------------------------------------------
INFO: [Synth 8-3354] encoded FSM with state register 'w_state_reg' using encoding 'sequential' in module 'sc_si_converter_v1_0_11_axilite_conv'
---------------------------------------------------------------------------------------------------
                   State |                     New Encoding |                Previous Encoding 
---------------------------------------------------------------------------------------------------
                  R_IDLE |                               00 | 00000000000000000000000000000000
               R_PENDING |                               01 | 00000000000000000000000000000001
                    R_RX |                               10 | 00000000000000000000000000000010
                    R_TX |                               11 | 00000000000000000000000000000011
---------------------------------------------------------------------------------------------------
INFO: [Synth 8-3354] encoded FSM with state register 'r_state_reg' using encoding 'sequential' in module 'sc_si_converter_v1_0_11_axilite_conv'
---------------------------------------------------------------------------------
Finished RTL Optimization Phase 2 : Time (s): cpu = 00:00:21 ; elapsed = 00:00:22 . Memory (MB): peak = 3366.941 ; gain = 746.832 ; free physical = 1856 ; free virtual = 22802
Synthesis current peak Physical Memory [PSS] (MB): peak = 2561.598; parent = 2322.248; children = 239.350
Synthesis current peak Virtual Memory [VSS] (MB): peak = 4296.090; parent = 3334.930; children = 961.160
---------------------------------------------------------------------------------
---------------------------------------------------------------------------------
Start RTL Component Statistics 
---------------------------------------------------------------------------------
Detailed RTL Component Info : 
+---Adders : 
	   2 Input   12 Bit       Adders := 2     
	   2 Input   10 Bit       Adders := 1     
	   2 Input    9 Bit       Adders := 3     
	   2 Input    8 Bit       Adders := 3     
	   2 Input    7 Bit       Adders := 2     
	   2 Input    6 Bit       Adders := 1     
	   2 Input    4 Bit       Adders := 25    
	   2 Input    3 Bit       Adders := 1     
	   2 Input    2 Bit       Adders := 8     
	   3 Input    1 Bit       Adders := 10    
	   2 Input    1 Bit       Adders := 5     
+---XORs : 
	   2 Input      1 Bit         XORs := 100   
+---Registers : 
	             2178 Bit    Registers := 4     
	              512 Bit    Registers := 1     
	              187 Bit    Registers := 2     
	               78 Bit    Registers := 1     
	               72 Bit    Registers := 1     
	               64 Bit    Registers := 4     
	               47 Bit    Registers := 3     
	               40 Bit    Registers := 1     
	               33 Bit    Registers := 3     
	               32 Bit    Registers := 3     
	               26 Bit    Registers := 1     
	               16 Bit    Registers := 4     
	               12 Bit    Registers := 1     
	                9 Bit    Registers := 4     
	                8 Bit    Registers := 4     
	                7 Bit    Registers := 3     
	                6 Bit    Registers := 2     
	                5 Bit    Registers := 3     
	                4 Bit    Registers := 30    
	                3 Bit    Registers := 63    
	                2 Bit    Registers := 23    
	                1 Bit    Registers := 327   
+---Muxes : 
	   2 Input 2178 Bit        Muxes := 2     
	   2 Input  170 Bit        Muxes := 10    
	   2 Input   57 Bit        Muxes := 5     
	   2 Input   55 Bit        Muxes := 1     
	   4 Input   55 Bit        Muxes := 1     
	   4 Input   40 Bit        Muxes := 1     
	   2 Input   40 Bit        Muxes := 1     
	   2 Input   32 Bit        Muxes := 1     
	   4 Input   32 Bit        Muxes := 1     
	   2 Input   16 Bit        Muxes := 2     
	   2 Input   12 Bit        Muxes := 6     
	   5 Input   12 Bit        Muxes := 1     
	   5 Input    9 Bit        Muxes := 1     
	   2 Input    9 Bit        Muxes := 5     
	   4 Input    9 Bit        Muxes := 1     
	   2 Input    8 Bit        Muxes := 3     
	   4 Input    8 Bit        Muxes := 1     
	   4 Input    7 Bit        Muxes := 1     
	   2 Input    7 Bit        Muxes := 8     
	   2 Input    6 Bit        Muxes := 1     
	   2 Input    4 Bit        Muxes := 6     
	   2 Input    3 Bit        Muxes := 9     
	   4 Input    3 Bit        Muxes := 2     
	   5 Input    3 Bit        Muxes := 1     
	   2 Input    2 Bit        Muxes := 47    
	   5 Input    2 Bit        Muxes := 1     
	   4 Input    2 Bit        Muxes := 4     
	   2 Input    1 Bit        Muxes := 142   
	   3 Input    1 Bit        Muxes := 9     
	   6 Input    1 Bit        Muxes := 8     
	   4 Input    1 Bit        Muxes := 25    
	  10 Input    1 Bit        Muxes := 6     
	   7 Input    1 Bit        Muxes := 4     
	   5 Input    1 Bit        Muxes := 16    
---------------------------------------------------------------------------------
Finished RTL Component Statistics 
---------------------------------------------------------------------------------
---------------------------------------------------------------------------------
Start Part Resource Summary
---------------------------------------------------------------------------------
Part Resources:
DSPs: 240 (col length:72)
BRAMs: 300 (col length: RAMB18 72 RAMB36 36)
---------------------------------------------------------------------------------
Finished Part Resource Summary
---------------------------------------------------------------------------------
---------------------------------------------------------------------------------
Start Cross Boundary and Area Optimization
---------------------------------------------------------------------------------
WARNING: [Synth 8-7080] Parallel synthesis criteria is not met
WARNING: [Synth 8-3332] Sequential element (clk_map/psr_aclk/U0/EXT_LPF/ACTIVE_LOW_EXT.ACT_LO_EXT/GENERATE_LEVEL_P_S_CDC.SINGLE_BIT.CROSS_PLEVEL_IN2SCNDRY_IN_cdc_to) is unused and will be removed from module bd_3ad7.
WARNING: [Synth 8-3332] Sequential element (clk_map/psr_aclk/U0/EXT_LPF/ACTIVE_LOW_EXT.ACT_LO_EXT/GENERATE_LEVEL_P_S_CDC.SINGLE_BIT.CROSS_PLEVEL_IN2SCNDRY_s_level_out_d2) is unused and will be removed from module bd_3ad7.
WARNING: [Synth 8-3332] Sequential element (clk_map/psr_aclk/U0/EXT_LPF/ACTIVE_LOW_EXT.ACT_LO_EXT/GENERATE_LEVEL_P_S_CDC.SINGLE_BIT.CROSS_PLEVEL_IN2SCNDRY_s_level_out_d3) is unused and will be removed from module bd_3ad7.
WARNING: [Synth 8-3332] Sequential element (clk_map/psr_aclk/U0/EXT_LPF/ACTIVE_LOW_EXT.ACT_LO_EXT/GENERATE_LEVEL_P_S_CDC.SINGLE_BIT.CROSS_PLEVEL_IN2SCNDRY_s_level_out_d4) is unused and will be removed from module bd_3ad7.
WARNING: [Synth 8-3332] Sequential element (clk_map/psr_aclk/U0/EXT_LPF/ACTIVE_LOW_EXT.ACT_LO_EXT/GENERATE_LEVEL_P_S_CDC.SINGLE_BIT.CROSS_PLEVEL_IN2SCNDRY_s_level_out_d5) is unused and will be removed from module bd_3ad7.
WARNING: [Synth 8-3332] Sequential element (clk_map/psr_aclk/U0/EXT_LPF/ACTIVE_LOW_EXT.ACT_LO_EXT/GENERATE_LEVEL_P_S_CDC.SINGLE_BIT.CROSS_PLEVEL_IN2SCNDRY_s_level_out_d6) is unused and will be removed from module bd_3ad7.
WARNING: [Synth 8-3332] Sequential element (clk_map/psr_aclk/U0/EXT_LPF/ACTIVE_LOW_AUX.ACT_LO_AUX/GENERATE_LEVEL_P_S_CDC.SINGLE_BIT.CROSS_PLEVEL_IN2SCNDRY_s_level_out_d5) is unused and will be removed from module bd_3ad7.
WARNING: [Synth 8-3332] Sequential element (clk_map/psr_aclk/U0/EXT_LPF/ACTIVE_LOW_AUX.ACT_LO_AUX/GENERATE_LEVEL_P_S_CDC.SINGLE_BIT.CROSS_PLEVEL_IN2SCNDRY_s_level_out_d6) is unused and will be removed from module bd_3ad7.
WARNING: [Synth 8-3332] Sequential element (clk_map/psr_aclk/U0/FDRE_inst) is unused and will be removed from module bd_3ad7.
WARNING: [Synth 8-3332] Sequential element (clk_map/psr_aclk/U0/BSR_OUT_DFF[0].FDRE_BSR) is unused and will be removed from module bd_3ad7.
WARNING: [Synth 8-3332] Sequential element (clk_map/psr_aclk/U0/PR_OUT_DFF[0].FDRE_PER) is unused and will be removed from module bd_3ad7.
WARNING: [Synth 8-3332] Sequential element (clk_map/psr_aclk/U0/ACTIVE_LOW_PR_OUT_DFF[0].FDRE_PER_N) is unused and will be removed from module bd_3ad7.
---------------------------------------------------------------------------------
Finished Cross Boundary and Area Optimization : Time (s): cpu = 00:00:25 ; elapsed = 00:00:27 . Memory (MB): peak = 3366.941 ; gain = 746.832 ; free physical = 1840 ; free virtual = 22812
Synthesis current peak Physical Memory [PSS] (MB): peak = 2561.598; parent = 2322.248; children = 239.350
Synthesis current peak Virtual Memory [VSS] (MB): peak = 4296.090; parent = 3334.930; children = 961.160
---------------------------------------------------------------------------------
---------------------------------------------------------------------------------
Start Applying XDC Timing Constraints
---------------------------------------------------------------------------------
---------------------------------------------------------------------------------
Finished Applying XDC Timing Constraints : Time (s): cpu = 00:00:32 ; elapsed = 00:00:35 . Memory (MB): peak = 3519.707 ; gain = 899.598 ; free physical = 1361 ; free virtual = 22333
Synthesis current peak Physical Memory [PSS] (MB): peak = 3005.822; parent = 2766.504; children = 239.350
Synthesis current peak Virtual Memory [VSS] (MB): peak = 4480.871; parent = 3519.711; children = 961.160
---------------------------------------------------------------------------------
---------------------------------------------------------------------------------
Start Timing Optimization
---------------------------------------------------------------------------------
---------------------------------------------------------------------------------
Finished Timing Optimization : Time (s): cpu = 00:00:33 ; elapsed = 00:00:36 . Memory (MB): peak = 3554.746 ; gain = 934.637 ; free physical = 1330 ; free virtual = 22302
Synthesis current peak Physical Memory [PSS] (MB): peak = 3018.096; parent = 2778.777; children = 239.350
Synthesis current peak Virtual Memory [VSS] (MB): peak = 4515.910; parent = 3554.750; children = 961.160
---------------------------------------------------------------------------------
---------------------------------------------------------------------------------
Start Technology Mapping
---------------------------------------------------------------------------------
---------------------------------------------------------------------------------
Finished Technology Mapping : Time (s): cpu = 00:00:34 ; elapsed = 00:00:37 . Memory (MB): peak = 3562.754 ; gain = 942.645 ; free physical = 1324 ; free virtual = 22296
Synthesis current peak Physical Memory [PSS] (MB): peak = 3024.521; parent = 2785.203; children = 239.350
Synthesis current peak Virtual Memory [VSS] (MB): peak = 4523.918; parent = 3562.758; children = 961.160
---------------------------------------------------------------------------------
---------------------------------------------------------------------------------
Start IO Insertion
---------------------------------------------------------------------------------
---------------------------------------------------------------------------------
Start Flattening Before IO Insertion
---------------------------------------------------------------------------------
---------------------------------------------------------------------------------
Finished Flattening Before IO Insertion
---------------------------------------------------------------------------------
---------------------------------------------------------------------------------
Start Final Netlist Cleanup
---------------------------------------------------------------------------------
---------------------------------------------------------------------------------
Finished Final Netlist Cleanup
---------------------------------------------------------------------------------
---------------------------------------------------------------------------------
Finished IO Insertion : Time (s): cpu = 00:00:36 ; elapsed = 00:00:39 . Memory (MB): peak = 3570.691 ; gain = 950.582 ; free physical = 1327 ; free virtual = 22299
Synthesis current peak Physical Memory [PSS] (MB): peak = 3025.064; parent = 2785.746; children = 239.350
Synthesis current peak Virtual Memory [VSS] (MB): peak = 4531.855; parent = 3570.695; children = 961.160
---------------------------------------------------------------------------------
---------------------------------------------------------------------------------
Start Renaming Generated Instances
---------------------------------------------------------------------------------
---------------------------------------------------------------------------------
Finished Renaming Generated Instances : Time (s): cpu = 00:00:36 ; elapsed = 00:00:39 . Memory (MB): peak = 3570.691 ; gain = 950.582 ; free physical = 1327 ; free virtual = 22299
Synthesis current peak Physical Memory [PSS] (MB): peak = 3025.072; parent = 2785.754; children = 239.350
Synthesis current peak Virtual Memory [VSS] (MB): peak = 4531.855; parent = 3570.695; children = 961.160
---------------------------------------------------------------------------------
---------------------------------------------------------------------------------
Start Rebuilding User Hierarchy
---------------------------------------------------------------------------------
---------------------------------------------------------------------------------
Finished Rebuilding User Hierarchy : Time (s): cpu = 00:00:36 ; elapsed = 00:00:40 . Memory (MB): peak = 3570.691 ; gain = 950.582 ; free physical = 1327 ; free virtual = 22299
Synthesis current peak Physical Memory [PSS] (MB): peak = 3025.381; parent = 2786.062; children = 239.350
Synthesis current peak Virtual Memory [VSS] (MB): peak = 4531.855; parent = 3570.695; children = 961.160
---------------------------------------------------------------------------------
---------------------------------------------------------------------------------
Start Renaming Generated Ports
---------------------------------------------------------------------------------
---------------------------------------------------------------------------------
Finished Renaming Generated Ports : Time (s): cpu = 00:00:36 ; elapsed = 00:00:40 . Memory (MB): peak = 3570.691 ; gain = 950.582 ; free physical = 1327 ; free virtual = 22299
Synthesis current peak Physical Memory [PSS] (MB): peak = 3025.443; parent = 2786.125; children = 239.350
Synthesis current peak Virtual Memory [VSS] (MB): peak = 4531.855; parent = 3570.695; children = 961.160
---------------------------------------------------------------------------------
---------------------------------------------------------------------------------
Start Handling Custom Attributes
---------------------------------------------------------------------------------
---------------------------------------------------------------------------------
Finished Handling Custom Attributes : Time (s): cpu = 00:00:36 ; elapsed = 00:00:40 . Memory (MB): peak = 3570.691 ; gain = 950.582 ; free physical = 1327 ; free virtual = 22299
Synthesis current peak Physical Memory [PSS] (MB): peak = 3025.443; parent = 2786.125; children = 239.350
Synthesis current peak Virtual Memory [VSS] (MB): peak = 4531.855; parent = 3570.695; children = 961.160
---------------------------------------------------------------------------------
---------------------------------------------------------------------------------
Start Renaming Generated Nets
---------------------------------------------------------------------------------
---------------------------------------------------------------------------------
Finished Renaming Generated Nets : Time (s): cpu = 00:00:36 ; elapsed = 00:00:40 . Memory (MB): peak = 3570.691 ; gain = 950.582 ; free physical = 1327 ; free virtual = 22299
Synthesis current peak Physical Memory [PSS] (MB): peak = 3025.443; parent = 2786.125; children = 239.350
Synthesis current peak Virtual Memory [VSS] (MB): peak = 4531.855; parent = 3570.695; children = 961.160
---------------------------------------------------------------------------------
---------------------------------------------------------------------------------
Start Writing Synthesis Report
---------------------------------------------------------------------------------

Report BlackBoxes: 
+-+--------------+----------+
| |BlackBox name |Instances |
+-+--------------+----------+
+-+--------------+----------+

Report Cell Usage: 
+------+------+------+
|      |Cell  |Count |
+------+------+------+
|1     |LUT1  |   162|
|2     |LUT2  |   137|
|3     |LUT3  |   190|
|4     |LUT4  |   105|
|5     |LUT5  |   107|
|6     |LUT6  |   166|
|7     |SRL16 |     1|
|8     |FDCE  |   168|
|9     |FDR   |     4|
|10    |FDRE  |   689|
|11    |FDSE  |    42|
+------+------+------+
---------------------------------------------------------------------------------
Finished Writing Synthesis Report : Time (s): cpu = 00:00:36 ; elapsed = 00:00:40 . Memory (MB): peak = 3570.691 ; gain = 950.582 ; free physical = 1327 ; free virtual = 22299
Synthesis current peak Physical Memory [PSS] (MB): peak = 3025.467; parent = 2786.148; children = 239.350
Synthesis current peak Virtual Memory [VSS] (MB): peak = 4531.855; parent = 3570.695; children = 961.160
---------------------------------------------------------------------------------
Synthesis finished with 0 errors, 0 critical warnings and 23872 warnings.
Synthesis Optimization Runtime : Time (s): cpu = 00:00:27 ; elapsed = 00:00:31 . Memory (MB): peak = 3570.691 ; gain = 649.238 ; free physical = 1328 ; free virtual = 22300
Synthesis Optimization Complete : Time (s): cpu = 00:00:36 ; elapsed = 00:00:40 . Memory (MB): peak = 3570.699 ; gain = 950.582 ; free physical = 1328 ; free virtual = 22300
INFO: [Project 1-571] Translating synthesized netlist
Netlist sorting complete. Time (s): cpu = 00:00:00.1 ; elapsed = 00:00:00.1 . Memory (MB): peak = 3570.699 ; gain = 0.000 ; free physical = 1448 ; free virtual = 22420
INFO: [Netlist 29-17] Analyzing 5 Unisim elements for replacement
INFO: [Netlist 29-28] Unisim Transformation completed in 0 CPU seconds
INFO: [Project 1-570] Preparing netlist for logic optimization
INFO: [Opt 31-138] Pushed 0 inverter(s) to 0 load pin(s).
Netlist sorting complete. Time (s): cpu = 00:00:00 ; elapsed = 00:00:00 . Memory (MB): peak = 3637.359 ; gain = 0.000 ; free physical = 1402 ; free virtual = 22374
INFO: [Project 1-111] Unisim Transformation Summary:
  A total of 5 instances were transformed.
  FDR => FDRE: 4 instances
  SRL16 => SRL16E: 1 instance 

Synth Design complete, checksum: 86a9dc5c
INFO: [Common 17-83] Releasing license: Synthesis
182 Infos, 268 Warnings, 0 Critical Warnings and 0 Errors encountered.
synth_design completed successfully
synth_design: Time (s): cpu = 00:00:42 ; elapsed = 00:00:44 . Memory (MB): peak = 3637.359 ; gain = 1866.367 ; free physical = 1543 ; free virtual = 22514
INFO: [Common 17-1381] The checkpoint '/home/wto/Eos/EosMuon/EosMuonPL/EosMuonPL.runs/Mercury_XU5_smartconnect_00_0_synth_1/Mercury_XU5_smartconnect_00_0.dcp' has been generated.
INFO: [Coretcl 2-1648] Added synthesis output to IP cache for IP Mercury_XU5_smartconnect_00_0, cache-ID = 381ca0b05b001eb4
INFO: [Coretcl 2-1174] Renamed 228 cell refs.
INFO: [Common 17-1381] The checkpoint '/home/wto/Eos/EosMuon/EosMuonPL/EosMuonPL.runs/Mercury_XU5_smartconnect_00_0_synth_1/Mercury_XU5_smartconnect_00_0.dcp' has been generated.
INFO: [runtcl-4] Executing : report_utilization -file Mercury_XU5_smartconnect_00_0_utilization_synth.rpt -pb Mercury_XU5_smartconnect_00_0_utilization_synth.pb
INFO: [Common 17-206] Exiting Vivado at Thu Oct 16 16:39:27 2025...
