2025-09-10 16:38:35,0.0,1129740.4
2025-09-10 16:38:35,11.1,719.2
2025-09-10 16:38:35,11.2,835.0
2025-09-10 16:38:35,38.1,3795.8
2025-09-10 16:38:35,38.2,1429.4
2025-09-10 16:38:35,96.1,3208.8
2025-09-10 16:38:35,96.2,764.8
2025-09-10 16:38:35,307.1,6802.6
2025-09-10 16:38:35,307.2,0.4
2025-09-10 16:38:35,52.1,2098.6
2025-09-10 16:38:35,52.2,0.4
2025-09-10 16:38:35,102.1,1910.2
2025-09-10 16:38:35,102.2,0.4
2025-09-10 16:38:35,124.2,0.4
2025-09-10 16:38:35,124.1,817.0
2025-09-10 16:38:35,48.2,566.4
2025-09-10 16:38:35,48.1,972.4
2025-09-10 16:38:35,75.2,0.4
2025-09-10 16:38:35,75.1,179.6
2025-09-10 16:38:35,109.2,81.0
2025-09-10 16:38:35,109.1,334.6
2025-09-10 16:38:35,123.2,286.4
2025-09-10 16:38:35,123.1,421.2
2025-09-10 16:38:35,26.1,396.8
2025-09-10 16:38:35,26.2,295.8
2025-09-10 16:38:35,66.1,405.4
2025-09-10 16:38:35,66.2,168.0
2025-09-10 16:38:35,10.1,376.8
2025-09-10 16:38:35,10.2,298.8
2025-09-10 16:38:35,58.1,0.2
2025-09-10 16:38:35,58.2,0.8
2025-09-10 16:38:35,306.1,347.8
2025-09-10 16:38:35,306.2,212.2
2025-09-10 16:38:35,9.1,224.0
2025-09-10 16:38:35,9.2,0.4
2025-09-10 16:38:35,57.1,684.2
2025-09-10 16:38:35,57.2,119.6
2025-09-10 16:38:35,79.1,313.6
2025-09-10 16:38:35,79.2,433.4
2025-09-10 16:38:35,116.1,384.2
2025-09-10 16:38:35,116.2,450.6
2025-09-10 16:38:35,13.1,279.2
2025-09-10 16:38:35,13.2,367.6
2025-09-10 16:38:35,76.1,431.8
2025-09-10 16:38:35,76.2,275.0
2025-09-10 16:38:35,17.1,392.4
2025-09-10 16:38:35,17.2,330.4
2025-09-10 16:38:35,125.1,416.8
2025-09-10 16:38:35,125.2,142.6
2025-09-10 16:38:35,0.0,0.2
2025-09-10 16:38:35,0.0,0.2
2025-09-10 16:38:35,104.1,0.6
2025-09-10 16:38:35,104.2,0.2
2025-09-10 16:38:35,119.1,0.2
2025-09-10 16:38:35,119.2,0.4
2025-09-10 16:38:35,64.1,0.4
2025-09-10 16:38:35,64.2,0.6
2025-09-10 16:38:35,29.1,3.0
2025-09-10 16:38:35,29.2,0.2
2025-09-10 16:38:35,53.1,0.4
2025-09-10 16:38:35,53.2,0.6
2025-09-10 16:38:35,77.1,0.2
2025-09-10 16:38:35,77.2,0.2
2025-09-10 16:38:35,37.1,3.6
2025-09-10 16:38:35,37.2,13.4
2025-09-10 16:38:35,70.1,341.4
2025-09-10 16:38:35,70.2,5.8
2025-09-10 16:38:35,28.1,290.0
2025-09-10 16:38:35,28.2,445.8
2025-09-10 16:38:35,0.1,4.0
2025-09-10 16:38:35,0.2,14.8
2025-09-10 16:38:35,25.1,0.0
2025-09-10 16:38:35,25.2,0.0
2025-09-10 16:38:35,301.1,237.2
2025-09-10 16:38:35,301.2,515.8
2025-09-10 16:38:35,304.1,467.8
2025-09-10 16:38:35,304.2,269.6
2025-09-10 16:38:35,22.1,18040.0
2025-09-10 16:38:35,22.2,281.0
2025-09-10 16:38:35,4.1,355.2
2025-09-10 16:38:35,4.2,444.8
2025-09-10 16:38:35,12.1,377.0
2025-09-10 16:38:35,12.2,245.2
2025-09-10 16:38:35,99.1,439.4
2025-09-10 16:38:35,99.2,111.4
2025-09-10 16:38:35,56.1,468.6
2025-09-10 16:38:35,56.2,457.2
2025-09-10 16:38:35,122.1,165.6
2025-09-10 16:38:35,122.2,347.6
2025-09-10 16:38:35,55.1,956.0
2025-09-10 16:38:35,55.2,48.6
2025-09-10 16:38:35,83.1,81.0
2025-09-10 16:38:35,83.2,297.6
2025-09-10 16:38:35,97.1,46.0
2025-09-10 16:38:35,97.2,436.6
2025-09-10 16:38:35,84.1,1610.4
2025-09-10 16:38:35,84.2,179.2
2025-09-10 16:38:35,305.1,365.8
2025-09-10 16:38:35,305.2,373.4
2025-09-10 16:38:35,2.1,3340.2
2025-09-10 16:38:35,2.2,490.6
2025-09-10 16:38:35,45.1,412.8
2025-09-10 16:38:35,45.2,177.4
2025-09-10 16:38:35,0.0,0.0
2025-09-10 16:38:35,0.0,0.0
2025-09-10 16:38:35,0.0,0.0
2025-09-10 16:38:35,0.0,0.0
2025-09-10 16:38:35,0.0,0.0
2025-09-10 16:38:35,0.0,0.0
2025-09-10 16:38:35,0.0,0.0
2025-09-10 16:38:35,0.0,0.0
2025-09-10 16:38:35,0.0,0.0
2025-09-10 16:38:35,0.0,0.0
2025-09-10 16:38:35,0.0,0.0
2025-09-10 16:38:35,0.0,0.0
2025-09-10 16:38:35,0.0,0.0
2025-09-10 16:38:35,0.0,0.0
2025-09-10 16:38:35,0.0,0.0
2025-09-10 16:38:35,0.0,0.0
2025-09-10 16:38:35,0.0,0.0
2025-09-10 16:38:35,0.0,0.0
2025-09-10 16:38:35,0.0,0.0
2025-09-10 16:38:35,0.0,0.0
2025-09-10 16:38:35,0.0,0.0
2025-09-10 16:38:35,0.0,0.0
2025-09-10 16:38:35,0.0,0.0
2025-09-10 16:38:35,0.0,0.0
2025-09-10 16:38:35,0.0,0.0
2025-09-10 16:38:35,0.0,0.0
2025-09-10 16:38:35,0.0,0.0
2025-09-10 16:38:35,0.0,0.0
2025-09-10 16:38:40,0.0,2.0
2025-09-10 16:38:40,11.1,24.2
2025-09-10 16:38:40,11.2,24.2
2025-09-10 16:38:40,38.1,59.0
2025-09-10 16:38:40,38.2,33.0
2025-09-10 16:38:40,96.1,86.6
2025-09-10 16:38:40,96.2,26.2
2025-09-10 16:38:40,307.1,30.2
2025-09-10 16:38:40,307.2,0.0
2025-09-10 16:38:40,52.1,45.4
2025-09-10 16:38:40,52.2,0.0
2025-09-10 16:38:40,102.1,24.4
2025-09-10 16:38:40,102.2,0.0
2025-09-10 16:38:40,124.2,0.0
2025-09-10 16:38:40,124.1,25.0
2025-09-10 16:38:40,48.2,8.4
2025-09-10 16:38:40,48.1,26.8
2025-09-10 16:38:40,75.2,0.0
2025-09-10 16:38:40,75.1,4.8
2025-09-10 16:38:40,109.2,3.8
2025-09-10 16:38:40,109.1,5.0
2025-09-10 16:38:40,123.2,7.0
2025-09-10 16:38:40,123.1,10.0
2025-09-10 16:38:40,26.1,13.0
2025-09-10 16:38:40,26.2,11.2
2025-09-10 16:38:40,66.1,12.4
2025-09-10 16:38:40,66.2,3.6
2025-09-10 16:38:40,10.1,10.6
2025-09-10 16:38:40,10.2,9.2
2025-09-10 16:38:40,58.1,0.0
2025-09-10 16:38:40,58.2,0.0
2025-09-10 16:38:40,306.1,9.8
2025-09-10 16:38:40,306.2,6.0
2025-09-10 16:38:40,9.1,6.2
2025-09-10 16:38:40,9.2,0.0
2025-09-10 16:38:40,57.1,18.0
2025-09-10 16:38:40,57.2,2.8
2025-09-10 16:38:40,79.1,8.8
2025-09-10 16:38:40,79.2,11.8
2025-09-10 16:38:40,116.1,10.8
2025-09-10 16:38:40,116.2,13.6
2025-09-10 16:38:40,13.1,6.8
2025-09-10 16:38:40,13.2,10.2
2025-09-10 16:38:40,76.1,10.2
2025-09-10 16:38:40,76.2,7.6
2025-09-10 16:38:40,17.1,14.4
2025-09-10 16:38:40,17.2,10.4
2025-09-10 16:38:40,125.1,13.2
2025-09-10 16:38:40,125.2,3.8
2025-09-10 16:38:40,0.0,0.0
2025-09-10 16:38:40,0.0,0.0
2025-09-10 16:38:40,104.1,0.0
2025-09-10 16:38:40,104.2,0.0
2025-09-10 16:38:40,119.1,0.0
2025-09-10 16:38:40,119.2,0.0
2025-09-10 16:38:40,64.1,0.0
2025-09-10 16:38:40,64.2,0.0
2025-09-10 16:38:40,29.1,0.0
2025-09-10 16:38:40,29.2,0.0
2025-09-10 16:38:40,53.1,0.0
2025-09-10 16:38:40,53.2,0.0
2025-09-10 16:38:40,77.1,0.0
2025-09-10 16:38:40,77.2,0.0
2025-09-10 16:38:40,37.1,0.0
2025-09-10 16:38:40,37.2,0.0
2025-09-10 16:38:40,70.1,10.0
2025-09-10 16:38:40,70.2,0.0
2025-09-10 16:38:40,28.1,8.2
2025-09-10 16:38:40,28.2,12.2
2025-09-10 16:38:40,0.1,0.0
2025-09-10 16:38:40,0.2,0.0
2025-09-10 16:38:40,25.1,0.0
2025-09-10 16:38:40,25.2,0.0
2025-09-10 16:38:40,301.1,5.2
2025-09-10 16:38:40,301.2,14.8
2025-09-10 16:38:40,304.1,13.0
2025-09-10 16:38:40,304.2,8.4
2025-09-10 16:38:40,22.1,275.8
2025-09-10 16:38:40,22.2,9.0
2025-09-10 16:38:40,4.1,11.2
2025-09-10 16:38:40,4.2,11.4
2025-09-10 16:38:40,12.1,10.8
2025-09-10 16:38:40,12.2,8.6
2025-09-10 16:38:40,99.1,11.2
2025-09-10 16:38:40,99.2,2.8
2025-09-10 16:38:40,56.1,10.0
2025-09-10 16:38:40,56.2,11.4
2025-09-10 16:38:40,122.1,6.6
2025-09-10 16:38:40,122.2,11.2
2025-09-10 16:38:40,55.1,14.0
2025-09-10 16:38:40,55.2,0.4
2025-09-10 16:38:40,83.1,2.2
2025-09-10 16:38:40,83.2,9.6
2025-09-10 16:38:40,97.1,0.2
2025-09-10 16:38:40,97.2,13.2
2025-09-10 16:38:40,84.1,15.2
2025-09-10 16:38:40,84.2,5.6
2025-09-10 16:38:40,305.1,9.6
2025-09-10 16:38:40,305.2,10.6
2025-09-10 16:38:40,2.1,97.6
2025-09-10 16:38:40,2.2,12.4
2025-09-10 16:38:40,45.1,11.6
2025-09-10 16:38:40,45.2,4.0
2025-09-10 16:38:40,0.0,0.0
2025-09-10 16:38:40,0.0,0.0
2025-09-10 16:38:40,0.0,0.0
2025-09-10 16:38:40,0.0,0.0
2025-09-10 16:38:40,0.0,0.0
2025-09-10 16:38:40,0.0,0.0
2025-09-10 16:38:40,0.0,0.0
2025-09-10 16:38:40,0.0,0.0
2025-09-10 16:38:40,0.0,0.0
2025-09-10 16:38:40,0.0,0.0
2025-09-10 16:38:40,0.0,0.0
2025-09-10 16:38:40,0.0,0.0
2025-09-10 16:38:40,0.0,0.0
2025-09-10 16:38:40,0.0,0.0
2025-09-10 16:38:40,0.0,0.0
2025-09-10 16:38:40,0.0,0.0
2025-09-10 16:38:40,0.0,0.0
2025-09-10 16:38:40,0.0,0.0
2025-09-10 16:38:40,0.0,0.0
2025-09-10 16:38:40,0.0,0.0
2025-09-10 16:38:40,0.0,0.0
2025-09-10 16:38:40,0.0,0.0
2025-09-10 16:38:40,0.0,0.0
2025-09-10 16:38:40,0.0,0.0
2025-09-10 16:38:40,0.0,0.0
2025-09-10 16:38:40,0.0,0.0
2025-09-10 16:38:40,0.0,0.0
2025-09-10 16:38:40,0.0,0.0
2025-09-10 16:38:45,0.0,2.0
2025-09-10 16:38:45,11.1,21.0
2025-09-10 16:38:45,11.2,22.6
2025-09-10 16:38:45,38.1,65.2
2025-09-10 16:38:45,38.2,34.2
2025-09-10 16:38:45,96.1,90.6
2025-09-10 16:38:45,96.2,28.0
2025-09-10 16:38:45,307.1,33.8
2025-09-10 16:38:45,307.2,0.0
2025-09-10 16:38:45,52.1,38.2
2025-09-10 16:38:45,52.2,0.0
2025-09-10 16:38:45,102.1,26.0
2025-09-10 16:38:45,102.2,0.0
2025-09-10 16:38:45,124.2,0.0
2025-09-10 16:38:45,124.1,22.8
2025-09-10 16:38:45,48.2,10.4
2025-09-10 16:38:45,48.1,24.6
2025-09-10 16:38:45,75.2,0.0
2025-09-10 16:38:45,75.1,5.0
2025-09-10 16:38:45,109.2,2.6
2025-09-10 16:38:45,109.1,5.0
2025-09-10 16:38:45,123.2,7.6
2025-09-10 16:38:45,123.1,6.2
2025-09-10 16:38:45,26.1,14.2
2025-09-10 16:38:45,26.2,9.0
2025-09-10 16:38:45,66.1,9.2
2025-09-10 16:38:45,66.2,7.4
2025-09-10 16:38:45,10.1,10.8
2025-09-10 16:38:45,10.2,10.6
2025-09-10 16:38:45,58.1,0.0
2025-09-10 16:38:45,58.2,0.0
2025-09-10 16:38:45,306.1,9.0
2025-09-10 16:38:45,306.2,6.2
2025-09-10 16:38:45,9.1,7.0
2025-09-10 16:38:45,9.2,0.0
2025-09-10 16:38:45,57.1,17.6
2025-09-10 16:38:45,57.2,3.2
2025-09-10 16:38:45,79.1,6.6
2025-09-10 16:38:45,79.2,14.2
2025-09-10 16:38:45,116.1,10.8
2025-09-10 16:38:45,116.2,10.6
2025-09-10 16:38:45,13.1,9.8
2025-09-10 16:38:45,13.2,9.0
2025-09-10 16:38:45,76.1,9.8
2025-09-10 16:38:45,76.2,8.0
2025-09-10 16:38:45,17.1,11.8
2025-09-10 16:38:45,17.2,9.8
2025-09-10 16:38:45,125.1,9.8
2025-09-10 16:38:45,125.2,3.4
2025-09-10 16:38:45,0.0,0.0
2025-09-10 16:38:45,0.0,0.0
2025-09-10 16:38:45,104.1,0.0
2025-09-10 16:38:45,104.2,0.0
2025-09-10 16:38:45,119.1,0.0
2025-09-10 16:38:45,119.2,0.0
2025-09-10 16:38:45,64.1,0.0
2025-09-10 16:38:45,64.2,0.0
2025-09-10 16:38:45,29.1,0.0
2025-09-10 16:38:45,29.2,0.0
2025-09-10 16:38:45,53.1,0.0
2025-09-10 16:38:45,53.2,0.0
2025-09-10 16:38:45,77.1,0.0
2025-09-10 16:38:45,77.2,0.0
2025-09-10 16:38:45,37.1,0.0
2025-09-10 16:38:45,37.2,0.0
2025-09-10 16:38:45,70.1,8.4
2025-09-10 16:38:45,70.2,0.0
2025-09-10 16:38:45,28.1,8.4
2025-09-10 16:38:45,28.2,11.4
2025-09-10 16:38:45,0.1,0.0
2025-09-10 16:38:45,0.2,0.0
2025-09-10 16:38:45,25.1,0.0
2025-09-10 16:38:45,25.2,0.0
2025-09-10 16:38:45,301.1,6.2
2025-09-10 16:38:45,301.2,15.0
2025-09-10 16:38:45,304.1,10.2
2025-09-10 16:38:45,304.2,9.4
2025-09-10 16:38:45,22.1,268.0
2025-09-10 16:38:45,22.2,8.8
2025-09-10 16:38:45,4.1,11.8
2025-09-10 16:38:45,4.2,13.0
2025-09-10 16:38:45,12.1,11.4
2025-09-10 16:38:45,12.2,7.4
2025-09-10 16:38:45,99.1,11.2
2025-09-10 16:38:45,99.2,3.8
2025-09-10 16:38:45,56.1,11.8
2025-09-10 16:38:45,56.2,11.4
2025-09-10 16:38:45,122.1,5.2
2025-09-10 16:38:45,122.2,8.8
2025-09-10 16:38:45,55.1,10.8
2025-09-10 16:38:45,55.2,1.6
2025-09-10 16:38:45,83.1,2.4
2025-09-10 16:38:45,83.2,10.8
2025-09-10 16:38:45,97.1,0.8
2025-09-10 16:38:45,97.2,10.2
2025-09-10 16:38:45,84.1,15.0
2025-09-10 16:38:45,84.2,2.6
2025-09-10 16:38:45,305.1,11.2
2025-09-10 16:38:45,305.2,10.2
2025-09-10 16:38:45,2.1,85.6
2025-09-10 16:38:45,2.2,13.2
2025-09-10 16:38:45,45.1,13.0
2025-09-10 16:38:45,45.2,4.4
2025-09-10 16:38:45,0.0,0.0
2025-09-10 16:38:45,0.0,0.0
2025-09-10 16:38:45,0.0,0.0
2025-09-10 16:38:45,0.0,0.0
2025-09-10 16:38:45,0.0,0.0
2025-09-10 16:38:45,0.0,0.0
2025-09-10 16:38:45,0.0,0.0
2025-09-10 16:38:45,0.0,0.0
2025-09-10 16:38:45,0.0,0.0
2025-09-10 16:38:45,0.0,0.0
2025-09-10 16:38:45,0.0,0.0
2025-09-10 16:38:45,0.0,0.0
2025-09-10 16:38:45,0.0,0.0
2025-09-10 16:38:45,0.0,0.0
2025-09-10 16:38:45,0.0,0.0
2025-09-10 16:38:45,0.0,0.0
2025-09-10 16:38:45,0.0,0.0
2025-09-10 16:38:45,0.0,0.0
2025-09-10 16:38:45,0.0,0.0
2025-09-10 16:38:45,0.0,0.0
2025-09-10 16:38:45,0.0,0.0
2025-09-10 16:38:45,0.0,0.0
2025-09-10 16:38:45,0.0,0.0
2025-09-10 16:38:45,0.0,0.0
2025-09-10 16:38:45,0.0,0.0
2025-09-10 16:38:45,0.0,0.0
2025-09-10 16:38:45,0.0,0.0
2025-09-10 16:38:45,0.0,0.0
2025-09-10 16:38:50,0.0,2.0
2025-09-10 16:38:50,11.1,15.8
2025-09-10 16:38:50,11.2,27.0
2025-09-10 16:38:50,38.1,51.2
2025-09-10 16:38:50,38.2,35.0
2025-09-10 16:38:50,96.1,91.4
2025-09-10 16:38:50,96.2,31.0
2025-09-10 16:38:50,307.1,29.6
2025-09-10 16:38:50,307.2,0.0
2025-09-10 16:38:50,52.1,37.0
2025-09-10 16:38:50,52.2,0.0
2025-09-10 16:38:50,102.1,21.6
2025-09-10 16:38:50,102.2,0.0
2025-09-10 16:38:50,124.2,0.0
2025-09-10 16:38:50,124.1,20.2
2025-09-10 16:38:50,48.2,7.4
2025-09-10 16:38:50,48.1,24.4
2025-09-10 16:38:50,75.2,0.0
2025-09-10 16:38:50,75.1,6.8
2025-09-10 16:38:50,109.2,1.8
2025-09-10 16:38:50,109.1,3.2
2025-09-10 16:38:50,123.2,4.6
2025-09-10 16:38:50,123.1,9.2
2025-09-10 16:38:50,26.1,11.8
2025-09-10 16:38:50,26.2,10.0
2025-09-10 16:38:50,66.1,13.6
2025-09-10 16:38:50,66.2,4.4
2025-09-10 16:38:50,10.1,10.2
2025-09-10 16:38:50,10.2,9.6
2025-09-10 16:38:50,58.1,0.0
2025-09-10 16:38:50,58.2,0.0
2025-09-10 16:38:50,306.1,6.8
2025-09-10 16:38:50,306.2,5.2
2025-09-10 16:38:50,9.1,6.8
2025-09-10 16:38:50,9.2,0.0
2025-09-10 16:38:50,57.1,18.6
2025-09-10 16:38:50,57.2,2.4
2025-09-10 16:38:50,79.1,9.0
2025-09-10 16:38:50,79.2,13.0
2025-09-10 16:38:50,116.1,7.6
2025-09-10 16:38:50,116.2,16.6
2025-09-10 16:38:50,13.1,10.4
2025-09-10 16:38:50,13.2,10.4
2025-09-10 16:38:50,76.1,10.4
2025-09-10 16:38:50,76.2,8.0
2025-09-10 16:38:50,17.1,11.2
2025-09-10 16:38:50,17.2,9.0
2025-09-10 16:38:50,125.1,10.0
2025-09-10 16:38:50,125.2,3.8
2025-09-10 16:38:50,0.0,0.0
2025-09-10 16:38:50,0.0,0.0
2025-09-10 16:38:50,104.1,0.0
2025-09-10 16:38:50,104.2,0.0
2025-09-10 16:38:50,119.1,0.0
2025-09-10 16:38:50,119.2,0.0
2025-09-10 16:38:50,64.1,0.0
2025-09-10 16:38:50,64.2,0.0
2025-09-10 16:38:50,29.1,0.0
2025-09-10 16:38:50,29.2,0.0
2025-09-10 16:38:50,53.1,0.0
2025-09-10 16:38:50,53.2,0.0
2025-09-10 16:38:50,77.1,0.0
2025-09-10 16:38:50,77.2,0.0
2025-09-10 16:38:50,37.1,0.0
2025-09-10 16:38:50,37.2,0.0
2025-09-10 16:38:50,70.1,8.8
2025-09-10 16:38:50,70.2,0.0
2025-09-10 16:38:50,28.1,9.8
2025-09-10 16:38:50,28.2,11.6
2025-09-10 16:38:50,0.1,0.0
2025-09-10 16:38:50,0.2,0.0
2025-09-10 16:38:50,25.1,0.0
2025-09-10 16:38:50,25.2,0.0
2025-09-10 16:38:50,301.1,6.6
2025-09-10 16:38:50,301.2,10.4
2025-09-10 16:38:50,304.1,10.6
2025-09-10 16:38:50,304.2,9.4
2025-09-10 16:38:50,22.1,220.8
2025-09-10 16:38:50,22.2,7.2
2025-09-10 16:38:50,4.1,9.4
2025-09-10 16:38:50,4.2,13.4
2025-09-10 16:38:50,12.1,9.2
2025-09-10 16:38:50,12.2,6.4
2025-09-10 16:38:50,99.1,13.4
2025-09-10 16:38:50,99.2,2.8
2025-09-10 16:38:50,56.1,11.6
2025-09-10 16:38:50,56.2,15.0
2025-09-10 16:38:50,122.1,6.4
2025-09-10 16:38:50,122.2,9.8
2025-09-10 16:38:50,55.1,13.8
2025-09-10 16:38:50,55.2,1.8
2025-09-10 16:38:50,83.1,2.2
2025-09-10 16:38:50,83.2,6.4
2025-09-10 16:38:50,97.1,0.8
2025-09-10 16:38:50,97.2,13.4
2025-09-10 16:38:50,84.1,15.0
2025-09-10 16:38:50,84.2,5.8
2025-09-10 16:38:50,305.1,9.4
2025-09-10 16:38:50,305.2,11.8
2025-09-10 16:38:50,2.1,84.2
2025-09-10 16:38:50,2.2,16.2
2025-09-10 16:38:50,45.1,10.6
2025-09-10 16:38:50,45.2,7.2
2025-09-10 16:38:50,0.0,0.0
2025-09-10 16:38:50,0.0,0.0
2025-09-10 16:38:50,0.0,0.0
2025-09-10 16:38:50,0.0,0.0
2025-09-10 16:38:50,0.0,0.0
2025-09-10 16:38:50,0.0,0.0
2025-09-10 16:38:50,0.0,0.0
2025-09-10 16:38:50,0.0,0.0
2025-09-10 16:38:50,0.0,0.0
2025-09-10 16:38:50,0.0,0.0
2025-09-10 16:38:50,0.0,0.0
2025-09-10 16:38:50,0.0,0.0
2025-09-10 16:38:50,0.0,0.0
2025-09-10 16:38:50,0.0,0.0
2025-09-10 16:38:50,0.0,0.0
2025-09-10 16:38:50,0.0,0.0
2025-09-10 16:38:50,0.0,0.0
2025-09-10 16:38:50,0.0,0.0
2025-09-10 16:38:50,0.0,0.0
2025-09-10 16:38:50,0.0,0.0
2025-09-10 16:38:50,0.0,0.0
2025-09-10 16:38:50,0.0,0.0
2025-09-10 16:38:50,0.0,0.0
2025-09-10 16:38:50,0.0,0.0
2025-09-10 16:38:50,0.0,0.0
2025-09-10 16:38:50,0.0,0.0
2025-09-10 16:38:50,0.0,0.0
2025-09-10 16:38:50,0.0,0.0
2025-09-10 16:38:55,0.0,2.0
2025-09-10 16:38:55,11.1,19.0
2025-09-10 16:38:55,11.2,27.6
2025-09-10 16:38:55,38.1,70.4
2025-09-10 16:38:55,38.2,37.6
2025-09-10 16:38:55,96.1,84.4
2025-09-10 16:38:55,96.2,32.4
2025-09-10 16:38:55,307.1,35.2
2025-09-10 16:38:55,307.2,0.0
2025-09-10 16:38:55,52.1,38.6
2025-09-10 16:38:55,52.2,0.0
2025-09-10 16:38:55,102.1,28.6
2025-09-10 16:38:55,102.2,0.0
2025-09-10 16:38:55,124.2,0.0
2025-09-10 16:38:55,124.1,18.6
2025-09-10 16:38:55,48.2,8.6
2025-09-10 16:38:55,48.1,23.0
2025-09-10 16:38:55,75.2,0.0
2025-09-10 16:38:55,75.1,4.4
2025-09-10 16:38:55,109.2,2.0
2025-09-10 16:38:55,109.1,4.4
2025-09-10 16:38:55,123.2,8.8
2025-09-10 16:38:55,123.1,9.6
2025-09-10 16:38:55,26.1,9.6
2025-09-10 16:38:55,26.2,8.4
2025-09-10 16:38:55,66.1,13.4
2025-09-10 16:38:55,66.2,5.0
2025-09-10 16:38:55,10.1,10.4
2025-09-10 16:38:55,10.2,11.0
2025-09-10 16:38:55,58.1,0.0
2025-09-10 16:38:55,58.2,0.0
2025-09-10 16:38:55,306.1,9.4
2025-09-10 16:38:55,306.2,4.4
2025-09-10 16:38:55,9.1,5.2
2025-09-10 16:38:55,9.2,0.0
2025-09-10 16:38:55,57.1,16.4
2025-09-10 16:38:55,57.2,3.8
2025-09-10 16:38:55,79.1,9.4
2025-09-10 16:38:55,79.2,10.6
2025-09-10 16:38:55,116.1,10.4
2025-09-10 16:38:55,116.2,12.4
2025-09-10 16:38:55,13.1,7.2
2025-09-10 16:38:55,13.2,7.8
2025-09-10 16:38:55,76.1,12.4
2025-09-10 16:38:55,76.2,7.4
2025-09-10 16:38:55,17.1,10.0
2025-09-10 16:38:55,17.2,11.2
2025-09-10 16:38:55,125.1,10.4
2025-09-10 16:38:55,125.2,6.4
2025-09-10 16:38:55,0.0,0.0
2025-09-10 16:38:55,0.0,0.0
2025-09-10 16:38:55,104.1,0.0
2025-09-10 16:38:55,104.2,0.0
2025-09-10 16:38:55,119.1,0.0
2025-09-10 16:38:55,119.2,0.0
2025-09-10 16:38:55,64.1,0.0
2025-09-10 16:38:55,64.2,0.0
2025-09-10 16:38:55,29.1,0.0
2025-09-10 16:38:55,29.2,0.0
2025-09-10 16:38:55,53.1,0.0
2025-09-10 16:38:55,53.2,0.0
2025-09-10 16:38:55,77.1,0.0
2025-09-10 16:38:55,77.2,0.0
2025-09-10 16:38:55,37.1,0.0
2025-09-10 16:38:55,37.2,0.0
2025-09-10 16:38:55,70.1,11.0
2025-09-10 16:38:55,70.2,0.0
2025-09-10 16:38:55,28.1,7.6
2025-09-10 16:38:55,28.2,12.2
2025-09-10 16:38:55,0.1,0.0
2025-09-10 16:38:55,0.2,0.0
2025-09-10 16:38:55,25.1,0.0
2025-09-10 16:38:55,25.2,0.0
2025-09-10 16:38:55,301.1,7.0
2025-09-10 16:38:55,301.2,12.2
2025-09-10 16:38:55,304.1,12.4
2025-09-10 16:38:55,304.2,7.0
2025-09-10 16:38:55,22.1,243.0
2025-09-10 16:38:55,22.2,8.0
2025-09-10 16:38:55,4.1,10.8
2025-09-10 16:38:55,4.2,13.4
2025-09-10 16:38:55,12.1,10.6
2025-09-10 16:38:55,12.2,6.2
2025-09-10 16:38:55,99.1,11.8
2025-09-10 16:38:55,99.2,3.0
2025-09-10 16:38:55,56.1,10.8
2025-09-10 16:38:55,56.2,12.2
2025-09-10 16:38:55,122.1,6.6
2025-09-10 16:38:55,122.2,10.0
2025-09-10 16:38:55,55.1,11.6
2025-09-10 16:38:55,55.2,1.4
2025-09-10 16:38:55,83.1,3.8
2025-09-10 16:38:55,83.2,8.6
2025-09-10 16:38:55,97.1,0.4
2025-09-10 16:38:55,97.2,11.6
2025-09-10 16:38:55,84.1,12.8
2025-09-10 16:38:55,84.2,5.2
2025-09-10 16:38:55,305.1,9.6
2025-09-10 16:38:55,305.2,11.0
2025-09-10 16:38:55,2.1,85.8
2025-09-10 16:38:55,2.2,12.2
2025-09-10 16:38:55,45.1,8.2
2025-09-10 16:38:55,45.2,5.4
2025-09-10 16:38:55,0.0,0.0
2025-09-10 16:38:55,0.0,0.0
2025-09-10 16:38:55,0.0,0.0
2025-09-10 16:38:55,0.0,0.0
2025-09-10 16:38:55,0.0,0.0
2025-09-10 16:38:55,0.0,0.0
2025-09-10 16:38:55,0.0,0.0
2025-09-10 16:38:55,0.0,0.0
2025-09-10 16:38:55,0.0,0.0
2025-09-10 16:38:55,0.0,0.0
2025-09-10 16:38:55,0.0,0.0
2025-09-10 16:38:55,0.0,0.0
2025-09-10 16:38:55,0.0,0.0
2025-09-10 16:38:55,0.0,0.0
2025-09-10 16:38:55,0.0,0.0
2025-09-10 16:38:55,0.0,0.0
2025-09-10 16:38:55,0.0,0.0
2025-09-10 16:38:55,0.0,0.0
2025-09-10 16:38:55,0.0,0.0
2025-09-10 16:38:55,0.0,0.0
2025-09-10 16:38:55,0.0,0.0
2025-09-10 16:38:55,0.0,0.0
2025-09-10 16:38:55,0.0,0.0
2025-09-10 16:38:55,0.0,0.0
2025-09-10 16:38:55,0.0,0.0
2025-09-10 16:38:55,0.0,0.0
2025-09-10 16:38:55,0.0,0.0
2025-09-10 16:38:55,0.0,0.0
2025-09-10 16:39:00,0.0,2.0
2025-09-10 16:39:00,11.1,19.0
2025-09-10 16:39:00,11.2,31.6
2025-09-10 16:39:00,38.1,51.8
2025-09-10 16:39:00,38.2,34.2
2025-09-10 16:39:00,96.1,89.6
2025-09-10 16:39:00,96.2,31.2
2025-09-10 16:39:00,307.1,36.4
2025-09-10 16:39:00,307.2,0.0
2025-09-10 16:39:00,52.1,38.6
2025-09-10 16:39:00,52.2,0.0
2025-09-10 16:39:00,102.1,22.6
2025-09-10 16:39:00,102.2,0.0
2025-09-10 16:39:00,124.2,0.0
2025-09-10 16:39:00,124.1,22.6
2025-09-10 16:39:00,48.2,9.0
2025-09-10 16:39:00,48.1,26.0
2025-09-10 16:39:00,75.2,0.0
2025-09-10 16:39:00,75.1,3.0
2025-09-10 16:39:00,109.2,2.0
2025-09-10 16:39:00,109.1,6.6
2025-09-10 16:39:00,123.2,7.8
2025-09-10 16:39:00,123.1,10.2
2025-09-10 16:39:00,26.1,8.4
2025-09-10 16:39:00,26.2,7.0
2025-09-10 16:39:00,66.1,11.0
2025-09-10 16:39:00,66.2,6.4
2025-09-10 16:39:00,10.1,10.8
2025-09-10 16:39:00,10.2,9.2
2025-09-10 16:39:00,58.1,0.0
2025-09-10 16:39:00,58.2,0.0
2025-09-10 16:39:00,306.1,8.6
2025-09-10 16:39:00,306.2,7.8
2025-09-10 16:39:00,9.1,6.2
2025-09-10 16:39:00,9.2,0.0
2025-09-10 16:39:00,57.1,17.2
2025-09-10 16:39:00,57.2,3.8
2025-09-10 16:39:00,79.1,6.8
2025-09-10 16:39:00,79.2,14.0
2025-09-10 16:39:00,116.1,9.6
2025-09-10 16:39:00,116.2,14.4
2025-09-10 16:39:00,13.1,5.6
2025-09-10 16:39:00,13.2,11.8
2025-09-10 16:39:00,76.1,11.4
2025-09-10 16:39:00,76.2,8.8
2025-09-10 16:39:00,17.1,10.6
2025-09-10 16:39:00,17.2,8.8
2025-09-10 16:39:00,125.1,10.6
2025-09-10 16:39:00,125.2,4.0
2025-09-10 16:39:00,0.0,0.0
2025-09-10 16:39:00,0.0,0.0
2025-09-10 16:39:00,104.1,0.0
2025-09-10 16:39:00,104.2,0.0
2025-09-10 16:39:00,119.1,0.0
2025-09-10 16:39:00,119.2,0.0
2025-09-10 16:39:00,64.1,0.0
2025-09-10 16:39:00,64.2,0.0
2025-09-10 16:39:00,29.1,0.0
2025-09-10 16:39:00,29.2,0.0
2025-09-10 16:39:00,53.1,0.0
2025-09-10 16:39:00,53.2,0.0
2025-09-10 16:39:00,77.1,0.0
2025-09-10 16:39:00,77.2,0.0
2025-09-10 16:39:00,37.1,0.0
2025-09-10 16:39:00,37.2,0.0
2025-09-10 16:39:00,70.1,9.6
2025-09-10 16:39:00,70.2,0.0
2025-09-10 16:39:00,28.1,6.6
2025-09-10 16:39:00,28.2,13.6
2025-09-10 16:39:00,0.1,0.0
2025-09-10 16:39:00,0.2,0.0
2025-09-10 16:39:00,25.1,0.0
2025-09-10 16:39:00,25.2,0.0
2025-09-10 16:39:00,301.1,7.2
2025-09-10 16:39:00,301.2,15.2
2025-09-10 16:39:00,304.1,11.0
2025-09-10 16:39:00,304.2,7.8
2025-09-10 16:39:00,22.1,237.6
2025-09-10 16:39:00,22.2,7.8
2025-09-10 16:39:00,4.1,9.2
2025-09-10 16:39:00,4.2,13.2
2025-09-10 16:39:00,12.1,10.2
2025-09-10 16:39:00,12.2,8.0
2025-09-10 16:39:00,99.1,12.4
2025-09-10 16:39:00,99.2,6.2
2025-09-10 16:39:00,56.1,13.4
2025-09-10 16:39:00,56.2,13.0
2025-09-10 16:39:00,122.1,5.8
2025-09-10 16:39:00,122.2,7.0
2025-09-10 16:39:00,55.1,12.6
2025-09-10 16:39:00,55.2,1.2
2025-09-10 16:39:00,83.1,1.2
2025-09-10 16:39:00,83.2,8.6
2025-09-10 16:39:00,97.1,2.0
2025-09-10 16:39:00,97.2,10.4
2025-09-10 16:39:00,84.1,12.2
2025-09-10 16:39:00,84.2,3.8
2025-09-10 16:39:00,305.1,9.4
2025-09-10 16:39:00,305.2,12.4
2025-09-10 16:39:00,2.1,81.8
2025-09-10 16:39:00,2.2,13.2
2025-09-10 16:39:00,45.1,10.4
2025-09-10 16:39:00,45.2,5.4
2025-09-10 16:39:00,0.0,0.0
2025-09-10 16:39:00,0.0,0.0
2025-09-10 16:39:00,0.0,0.0
2025-09-10 16:39:00,0.0,0.0
2025-09-10 16:39:00,0.0,0.0
2025-09-10 16:39:00,0.0,0.0
2025-09-10 16:39:00,0.0,0.0
2025-09-10 16:39:00,0.0,0.0
2025-09-10 16:39:00,0.0,0.0
2025-09-10 16:39:00,0.0,0.0
2025-09-10 16:39:00,0.0,0.0
2025-09-10 16:39:00,0.0,0.0
2025-09-10 16:39:00,0.0,0.0
2025-09-10 16:39:00,0.0,0.0
2025-09-10 16:39:00,0.0,0.0
2025-09-10 16:39:00,0.0,0.0
2025-09-10 16:39:00,0.0,0.0
2025-09-10 16:39:00,0.0,0.0
2025-09-10 16:39:00,0.0,0.0
2025-09-10 16:39:00,0.0,0.0
2025-09-10 16:39:00,0.0,0.0
2025-09-10 16:39:00,0.0,0.0
2025-09-10 16:39:00,0.0,0.0
2025-09-10 16:39:00,0.0,0.0
2025-09-10 16:39:00,0.0,0.0
2025-09-10 16:39:00,0.0,0.0
2025-09-10 16:39:00,0.0,0.0
2025-09-10 16:39:00,0.0,0.0
2025-09-10 16:39:05,0.0,2.0
2025-09-10 16:39:05,11.1,21.2
2025-09-10 16:39:05,11.2,26.2
2025-09-10 16:39:05,38.1,46.0
2025-09-10 16:39:05,38.2,36.4
2025-09-10 16:39:05,96.1,91.6
2025-09-10 16:39:05,96.2,32.0
2025-09-10 16:39:05,307.1,30.4
2025-09-10 16:39:05,307.2,0.0
2025-09-10 16:39:05,52.1,39.4
2025-09-10 16:39:05,52.2,0.0
2025-09-10 16:39:05,102.1,26.2
2025-09-10 16:39:05,102.2,0.0
2025-09-10 16:39:05,124.2,0.0
2025-09-10 16:39:05,124.1,24.6
2025-09-10 16:39:05,48.2,12.0
2025-09-10 16:39:05,48.1,28.4
2025-09-10 16:39:05,75.2,0.0
2025-09-10 16:39:05,75.1,5.2
2025-09-10 16:39:05,109.2,1.6
2025-09-10 16:39:05,109.1,4.6
2025-09-10 16:39:05,123.2,6.4
2025-09-10 16:39:05,123.1,8.8
2025-09-10 16:39:05,26.1,10.4
2025-09-10 16:39:05,26.2,9.6
2025-09-10 16:39:05,66.1,11.0
2025-09-10 16:39:05,66.2,6.8
2025-09-10 16:39:05,10.1,12.6
2025-09-10 16:39:05,10.2,8.2
2025-09-10 16:39:05,58.1,0.0
2025-09-10 16:39:05,58.2,0.0
2025-09-10 16:39:05,306.1,8.6
2025-09-10 16:39:05,306.2,5.2
2025-09-10 16:39:05,9.1,6.6
2025-09-10 16:39:05,9.2,0.0
2025-09-10 16:39:05,57.1,17.4
2025-09-10 16:39:05,57.2,2.8
2025-09-10 16:39:05,79.1,9.0
2025-09-10 16:39:05,79.2,13.6
2025-09-10 16:39:05,116.1,14.0
2025-09-10 16:39:05,116.2,11.8
2025-09-10 16:39:05,13.1,8.8
2025-09-10 16:39:05,13.2,9.4
2025-09-10 16:39:05,76.1,12.2
2025-09-10 16:39:05,76.2,8.2
2025-09-10 16:39:05,17.1,12.4
2025-09-10 16:39:05,17.2,7.4
2025-09-10 16:39:05,125.1,10.6
2025-09-10 16:39:05,125.2,2.8
2025-09-10 16:39:05,0.0,0.0
2025-09-10 16:39:05,0.0,0.0
2025-09-10 16:39:05,104.1,0.0
2025-09-10 16:39:05,104.2,0.0
2025-09-10 16:39:05,119.1,0.0
2025-09-10 16:39:05,119.2,0.0
2025-09-10 16:39:05,64.1,0.0
2025-09-10 16:39:05,64.2,0.0
2025-09-10 16:39:05,29.1,0.0
2025-09-10 16:39:05,29.2,0.0
2025-09-10 16:39:05,53.1,0.0
2025-09-10 16:39:05,53.2,0.0
2025-09-10 16:39:05,77.1,0.0
2025-09-10 16:39:05,77.2,0.0
2025-09-10 16:39:05,37.1,0.0
2025-09-10 16:39:05,37.2,0.0
2025-09-10 16:39:05,70.1,9.6
2025-09-10 16:39:05,70.2,0.0
2025-09-10 16:39:05,28.1,5.2
2025-09-10 16:39:05,28.2,10.8
2025-09-10 16:39:05,0.1,0.0
2025-09-10 16:39:05,0.2,0.0
2025-09-10 16:39:05,25.1,0.0
2025-09-10 16:39:05,25.2,0.0
2025-09-10 16:39:05,301.1,7.4
2025-09-10 16:39:05,301.2,13.8
2025-09-10 16:39:05,304.1,13.6
2025-09-10 16:39:05,304.2,9.0
2025-09-10 16:39:05,22.1,293.4
2025-09-10 16:39:05,22.2,9.6
2025-09-10 16:39:05,4.1,11.6
2025-09-10 16:39:05,4.2,12.2
2025-09-10 16:39:05,12.1,13.2
2025-09-10 16:39:05,12.2,9.0
2025-09-10 16:39:05,99.1,14.4
2025-09-10 16:39:05,99.2,3.0
2025-09-10 16:39:05,56.1,11.8
2025-09-10 16:39:05,56.2,12.4
2025-09-10 16:39:05,122.1,6.6
2025-09-10 16:39:05,122.2,9.6
2025-09-10 16:39:05,55.1,11.8
2025-09-10 16:39:05,55.2,1.2
2025-09-10 16:39:05,83.1,2.8
2025-09-10 16:39:05,83.2,11.0
2025-09-10 16:39:05,97.1,1.6
2025-09-10 16:39:05,97.2,14.8
2025-09-10 16:39:05,84.1,12.4
2025-09-10 16:39:05,84.2,5.8
2025-09-10 16:39:05,305.1,11.4
2025-09-10 16:39:05,305.2,11.4
2025-09-10 16:39:05,2.1,70.8
2025-09-10 16:39:05,2.2,12.2
2025-09-10 16:39:05,45.1,11.2
2025-09-10 16:39:05,45.2,4.6
2025-09-10 16:39:05,0.0,0.0
2025-09-10 16:39:05,0.0,0.0
2025-09-10 16:39:05,0.0,0.0
2025-09-10 16:39:05,0.0,0.0
2025-09-10 16:39:05,0.0,0.0
2025-09-10 16:39:05,0.0,0.0
2025-09-10 16:39:05,0.0,0.0
2025-09-10 16:39:05,0.0,0.0
2025-09-10 16:39:05,0.0,0.0
2025-09-10 16:39:05,0.0,0.0
2025-09-10 16:39:05,0.0,0.0
2025-09-10 16:39:05,0.0,0.0
2025-09-10 16:39:05,0.0,0.0
2025-09-10 16:39:05,0.0,0.0
2025-09-10 16:39:05,0.0,0.0
2025-09-10 16:39:05,0.0,0.0
2025-09-10 16:39:05,0.0,0.0
2025-09-10 16:39:05,0.0,0.0
2025-09-10 16:39:05,0.0,0.0
2025-09-10 16:39:05,0.0,0.0
2025-09-10 16:39:05,0.0,0.0
2025-09-10 16:39:05,0.0,0.0
2025-09-10 16:39:05,0.0,0.0
2025-09-10 16:39:05,0.0,0.0
2025-09-10 16:39:05,0.0,0.0
2025-09-10 16:39:05,0.0,0.0
2025-09-10 16:39:05,0.0,0.0
2025-09-10 16:39:05,0.0,0.0
2025-09-10 16:39:10,0.0,2.0
2025-09-10 16:39:10,11.1,22.0
2025-09-10 16:39:10,11.2,27.2
2025-09-10 16:39:10,38.1,66.4
2025-09-10 16:39:10,38.2,35.8
2025-09-10 16:39:10,96.1,92.0
2025-09-10 16:39:10,96.2,36.2
2025-09-10 16:39:10,307.1,36.6
2025-09-10 16:39:10,307.2,0.0
2025-09-10 16:39:10,52.1,44.6
2025-09-10 16:39:10,52.2,0.0
2025-09-10 16:39:10,102.1,23.0
2025-09-10 16:39:10,102.2,0.0
2025-09-10 16:39:10,124.2,0.0
2025-09-10 16:39:10,124.1,20.4
2025-09-10 16:39:10,48.2,8.4
2025-09-10 16:39:10,48.1,26.0
2025-09-10 16:39:10,75.2,0.0
2025-09-10 16:39:10,75.1,6.6
2025-09-10 16:39:10,109.2,1.2
2025-09-10 16:39:10,109.1,4.4
2025-09-10 16:39:10,123.2,8.4
2025-09-10 16:39:10,123.1,5.8
2025-09-10 16:39:10,26.1,10.2
2025-09-10 16:39:10,26.2,10.0
2025-09-10 16:39:10,66.1,12.4
2025-09-10 16:39:10,66.2,4.6
2025-09-10 16:39:10,10.1,9.8
2025-09-10 16:39:10,10.2,11.2
2025-09-10 16:39:10,58.1,0.0
2025-09-10 16:39:10,58.2,0.0
2025-09-10 16:39:10,306.1,11.0
2025-09-10 16:39:10,306.2,4.8
2025-09-10 16:39:10,9.1,6.0
2025-09-10 16:39:10,9.2,0.0
2025-09-10 16:39:10,57.1,16.2
2025-09-10 16:39:10,57.2,3.0
2025-09-10 16:39:10,79.1,8.8
2025-09-10 16:39:10,79.2,11.6
2025-09-10 16:39:10,116.1,10.6
2025-09-10 16:39:10,116.2,11.2
2025-09-10 16:39:10,13.1,7.6
2025-09-10 16:39:10,13.2,13.4
2025-09-10 16:39:10,76.1,13.8
2025-09-10 16:39:10,76.2,8.4
2025-09-10 16:39:10,17.1,10.0
2025-09-10 16:39:10,17.2,8.2
2025-09-10 16:39:10,125.1,13.2
2025-09-10 16:39:10,125.2,2.8
2025-09-10 16:39:10,0.0,0.0
2025-09-10 16:39:10,0.0,0.0
2025-09-10 16:39:10,104.1,0.0
2025-09-10 16:39:10,104.2,0.0
2025-09-10 16:39:10,119.1,0.0
2025-09-10 16:39:10,119.2,0.0
2025-09-10 16:39:10,64.1,0.0
2025-09-10 16:39:10,64.2,0.0
2025-09-10 16:39:10,29.1,0.0
2025-09-10 16:39:10,29.2,0.0
2025-09-10 16:39:10,53.1,0.0
2025-09-10 16:39:10,53.2,0.0
2025-09-10 16:39:10,77.1,0.0
2025-09-10 16:39:10,77.2,0.0
2025-09-10 16:39:10,37.1,0.0
2025-09-10 16:39:10,37.2,0.2
2025-09-10 16:39:10,70.1,8.8
2025-09-10 16:39:10,70.2,0.0
2025-09-10 16:39:10,28.1,6.8
2025-09-10 16:39:10,28.2,13.0
2025-09-10 16:39:10,0.1,0.0
2025-09-10 16:39:10,0.2,0.2
2025-09-10 16:39:10,25.1,0.0
2025-09-10 16:39:10,25.2,0.0
2025-09-10 16:39:10,301.1,6.2
2025-09-10 16:39:10,301.2,14.0
2025-09-10 16:39:10,304.1,12.6
2025-09-10 16:39:10,304.2,5.8
2025-09-10 16:39:10,22.1,239.2
2025-09-10 16:39:10,22.2,8.0
2025-09-10 16:39:10,4.1,10.4
2025-09-10 16:39:10,4.2,11.6
2025-09-10 16:39:10,12.1,11.4
2025-09-10 16:39:10,12.2,6.4
2025-09-10 16:39:10,99.1,13.4
2025-09-10 16:39:10,99.2,3.4
2025-09-10 16:39:10,56.1,13.8
2025-09-10 16:39:10,56.2,15.2
2025-09-10 16:39:10,122.1,5.6
2025-09-10 16:39:10,122.2,9.0
2025-09-10 16:39:10,55.1,12.2
2025-09-10 16:39:10,55.2,1.0
2025-09-10 16:39:10,83.1,1.4
2025-09-10 16:39:10,83.2,9.0
2025-09-10 16:39:10,97.1,1.4
2025-09-10 16:39:10,97.2,12.8
2025-09-10 16:39:10,84.1,16.0
2025-09-10 16:39:10,84.2,6.8
2025-09-10 16:39:10,305.1,10.0
2025-09-10 16:39:10,305.2,10.8
2025-09-10 16:39:10,2.1,58.6
2025-09-10 16:39:10,2.2,16.0
2025-09-10 16:39:10,45.1,11.2
2025-09-10 16:39:10,45.2,4.8
2025-09-10 16:39:10,0.0,0.0
2025-09-10 16:39:10,0.0,0.0
2025-09-10 16:39:10,0.0,0.0
2025-09-10 16:39:10,0.0,0.0
2025-09-10 16:39:10,0.0,0.0
2025-09-10 16:39:10,0.0,0.0
2025-09-10 16:39:10,0.0,0.0
2025-09-10 16:39:10,0.0,0.0
2025-09-10 16:39:10,0.0,0.0
2025-09-10 16:39:10,0.0,0.0
2025-09-10 16:39:10,0.0,0.0
2025-09-10 16:39:10,0.0,0.0
2025-09-10 16:39:10,0.0,0.0
2025-09-10 16:39:10,0.0,0.0
2025-09-10 16:39:10,0.0,0.0
2025-09-10 16:39:10,0.0,0.0
2025-09-10 16:39:10,0.0,0.0
2025-09-10 16:39:10,0.0,0.0
2025-09-10 16:39:10,0.0,0.0
2025-09-10 16:39:10,0.0,0.0
2025-09-10 16:39:10,0.0,0.0
2025-09-10 16:39:10,0.0,0.0
2025-09-10 16:39:10,0.0,0.0
2025-09-10 16:39:10,0.0,0.0
2025-09-10 16:39:10,0.0,0.0
2025-09-10 16:39:10,0.0,0.0
2025-09-10 16:39:10,0.0,0.0
2025-09-10 16:39:10,0.0,0.0
2025-09-10 16:39:15,0.0,2.0
2025-09-10 16:39:15,11.1,25.0
2025-09-10 16:39:15,11.2,23.8
2025-09-10 16:39:15,38.1,55.0
2025-09-10 16:39:15,38.2,29.4
2025-09-10 16:39:15,96.1,93.2
2025-09-10 16:39:15,96.2,39.0
2025-09-10 16:39:15,307.1,30.2
2025-09-10 16:39:15,307.2,0.0
2025-09-10 16:39:15,52.1,43.2
2025-09-10 16:39:15,52.2,0.0
2025-09-10 16:39:15,102.1,28.6
2025-09-10 16:39:15,102.2,0.0
2025-09-10 16:39:15,124.2,0.0
2025-09-10 16:39:15,124.1,24.0
2025-09-10 16:39:15,48.2,8.8
2025-09-10 16:39:15,48.1,32.2
2025-09-10 16:39:15,75.2,0.0
2025-09-10 16:39:15,75.1,5.6
2025-09-10 16:39:15,109.2,1.6
2025-09-10 16:39:15,109.1,3.8
2025-09-10 16:39:15,123.2,8.6
2025-09-10 16:39:15,123.1,3.8
2025-09-10 16:39:15,26.1,11.0
2025-09-10 16:39:15,26.2,9.6
2025-09-10 16:39:15,66.1,12.0
2025-09-10 16:39:15,66.2,4.6
2025-09-10 16:39:15,10.1,11.4
2025-09-10 16:39:15,10.2,7.8
2025-09-10 16:39:15,58.1,0.0
2025-09-10 16:39:15,58.2,0.0
2025-09-10 16:39:15,306.1,9.0
2025-09-10 16:39:15,306.2,6.6
2025-09-10 16:39:15,9.1,5.8
2025-09-10 16:39:15,9.2,0.0
2025-09-10 16:39:15,57.1,17.8
2025-09-10 16:39:15,57.2,3.0
2025-09-10 16:39:15,79.1,7.8
2025-09-10 16:39:15,79.2,13.4
2025-09-10 16:39:15,116.1,11.4
2025-09-10 16:39:15,116.2,13.4
2025-09-10 16:39:15,13.1,9.0
2025-09-10 16:39:15,13.2,9.4
2025-09-10 16:39:15,76.1,10.0
2025-09-10 16:39:15,76.2,8.6
2025-09-10 16:39:15,17.1,11.0
2025-09-10 16:39:15,17.2,10.4
2025-09-10 16:39:15,125.1,11.6
2025-09-10 16:39:15,125.2,3.8
2025-09-10 16:39:15,0.0,0.0
2025-09-10 16:39:15,0.0,0.0
2025-09-10 16:39:15,104.1,0.0
2025-09-10 16:39:15,104.2,0.0
2025-09-10 16:39:15,119.1,0.0
2025-09-10 16:39:15,119.2,0.0
2025-09-10 16:39:15,64.1,0.0
2025-09-10 16:39:15,64.2,0.0
2025-09-10 16:39:15,29.1,0.0
2025-09-10 16:39:15,29.2,0.0
2025-09-10 16:39:15,53.1,0.0
2025-09-10 16:39:15,53.2,0.0
2025-09-10 16:39:15,77.1,0.0
2025-09-10 16:39:15,77.2,0.0
2025-09-10 16:39:15,37.1,0.0
2025-09-10 16:39:15,37.2,0.0
2025-09-10 16:39:15,70.1,7.8
2025-09-10 16:39:15,70.2,0.0
2025-09-10 16:39:15,28.1,5.8
2025-09-10 16:39:15,28.2,12.8
2025-09-10 16:39:15,0.1,0.0
2025-09-10 16:39:15,0.2,0.0
2025-09-10 16:39:15,25.1,0.0
2025-09-10 16:39:15,25.2,0.0
2025-09-10 16:39:15,301.1,5.2
2025-09-10 16:39:15,301.2,12.2
2025-09-10 16:39:15,304.1,11.2
2025-09-10 16:39:15,304.2,6.8
2025-09-10 16:39:15,22.1,305.2
2025-09-10 16:39:15,22.2,10.0
2025-09-10 16:39:15,4.1,9.0
2025-09-10 16:39:15,4.2,11.2
2025-09-10 16:39:15,12.1,10.4
2025-09-10 16:39:15,12.2,7.2
2025-09-10 16:39:15,99.1,12.2
2025-09-10 16:39:15,99.2,3.2
2025-09-10 16:39:15,56.1,9.4
2025-09-10 16:39:15,56.2,13.6
2025-09-10 16:39:15,122.1,7.6
2025-09-10 16:39:15,122.2,12.0
2025-09-10 16:39:15,55.1,11.0
2025-09-10 16:39:15,55.2,2.2
2025-09-10 16:39:15,83.1,2.6
2025-09-10 16:39:15,83.2,8.0
2025-09-10 16:39:15,97.1,1.4
2025-09-10 16:39:15,97.2,14.6
2025-09-10 16:39:15,84.1,12.4
2025-09-10 16:39:15,84.2,5.4
2025-09-10 16:39:15,305.1,11.8
2025-09-10 16:39:15,305.2,10.4
2025-09-10 16:39:15,2.1,52.6
2025-09-10 16:39:15,2.2,15.8
2025-09-10 16:39:15,45.1,12.4
2025-09-10 16:39:15,45.2,3.8
2025-09-10 16:39:15,0.0,0.0
2025-09-10 16:39:15,0.0,0.0
2025-09-10 16:39:15,0.0,0.0
2025-09-10 16:39:15,0.0,0.0
2025-09-10 16:39:15,0.0,0.0
2025-09-10 16:39:15,0.0,0.0
2025-09-10 16:39:15,0.0,0.0
2025-09-10 16:39:15,0.0,0.0
2025-09-10 16:39:15,0.0,0.0
2025-09-10 16:39:15,0.0,0.0
2025-09-10 16:39:15,0.0,0.0
2025-09-10 16:39:15,0.0,0.0
2025-09-10 16:39:15,0.0,0.0
2025-09-10 16:39:15,0.0,0.0
2025-09-10 16:39:15,0.0,0.0
2025-09-10 16:39:15,0.0,0.0
2025-09-10 16:39:15,0.0,0.0
2025-09-10 16:39:15,0.0,0.0
2025-09-10 16:39:15,0.0,0.0
2025-09-10 16:39:15,0.0,0.0
2025-09-10 16:39:15,0.0,0.0
2025-09-10 16:39:15,0.0,0.0
2025-09-10 16:39:15,0.0,0.0
2025-09-10 16:39:15,0.0,0.0
2025-09-10 16:39:15,0.0,0.0
2025-09-10 16:39:15,0.0,0.0
2025-09-10 16:39:15,0.0,0.0
2025-09-10 16:39:15,0.0,0.0
2025-09-10 16:39:20,0.0,2.0
2025-09-10 16:39:20,11.1,20.0
2025-09-10 16:39:20,11.2,25.4
2025-09-10 16:39:20,38.1,49.0
2025-09-10 16:39:20,38.2,35.4
2025-09-10 16:39:20,96.1,92.0
2025-09-10 16:39:20,96.2,40.4
2025-09-10 16:39:20,307.1,33.8
2025-09-10 16:39:20,307.2,0.0
2025-09-10 16:39:20,52.1,40.0
2025-09-10 16:39:20,52.2,0.0
2025-09-10 16:39:20,102.1,25.6
2025-09-10 16:39:20,102.2,0.0
2025-09-10 16:39:20,124.2,0.0
2025-09-10 16:39:20,124.1,21.8
2025-09-10 16:39:20,48.2,8.6
2025-09-10 16:39:20,48.1,28.0
2025-09-10 16:39:20,75.2,0.0
2025-09-10 16:39:20,75.1,6.6
2025-09-10 16:39:20,109.2,2.0
2025-09-10 16:39:20,109.1,4.2
2025-09-10 16:39:20,123.2,7.0
2025-09-10 16:39:20,123.1,4.0
2025-09-10 16:39:20,26.1,10.8
2025-09-10 16:39:20,26.2,7.2
2025-09-10 16:39:20,66.1,9.0
2025-09-10 16:39:20,66.2,5.0
2025-09-10 16:39:20,10.1,10.6
2025-09-10 16:39:20,10.2,11.6
2025-09-10 16:39:20,58.1,0.0
2025-09-10 16:39:20,58.2,0.0
2025-09-10 16:39:20,306.1,9.6
2025-09-10 16:39:20,306.2,7.0
2025-09-10 16:39:20,9.1,7.2
2025-09-10 16:39:20,9.2,0.0
2025-09-10 16:39:20,57.1,17.6
2025-09-10 16:39:20,57.2,2.0
2025-09-10 16:39:20,79.1,10.6
2025-09-10 16:39:20,79.2,13.2
2025-09-10 16:39:20,116.1,9.2
2025-09-10 16:39:20,116.2,10.8
2025-09-10 16:39:20,13.1,5.8
2025-09-10 16:39:20,13.2,10.8
2025-09-10 16:39:20,76.1,13.6
2025-09-10 16:39:20,76.2,8.0
2025-09-10 16:39:20,17.1,11.0
2025-09-10 16:39:20,17.2,9.4
2025-09-10 16:39:20,125.1,10.2
2025-09-10 16:39:20,125.2,3.4
2025-09-10 16:39:20,0.0,0.0
2025-09-10 16:39:20,0.0,0.0
2025-09-10 16:39:20,104.1,0.0
2025-09-10 16:39:20,104.2,0.0
2025-09-10 16:39:20,119.1,0.0
2025-09-10 16:39:20,119.2,0.0
2025-09-10 16:39:20,64.1,0.0
2025-09-10 16:39:20,64.2,0.0
2025-09-10 16:39:20,29.1,0.0
2025-09-10 16:39:20,29.2,0.0
2025-09-10 16:39:20,53.1,0.0
2025-09-10 16:39:20,53.2,0.0
2025-09-10 16:39:20,77.1,0.0
2025-09-10 16:39:20,77.2,0.0
2025-09-10 16:39:20,37.1,0.0
2025-09-10 16:39:20,37.2,0.0
2025-09-10 16:39:20,70.1,9.8
2025-09-10 16:39:20,70.2,0.0
2025-09-10 16:39:20,28.1,6.6
2025-09-10 16:39:20,28.2,12.0
2025-09-10 16:39:20,0.1,0.0
2025-09-10 16:39:20,0.2,0.0
2025-09-10 16:39:20,25.1,0.0
2025-09-10 16:39:20,25.2,0.0
2025-09-10 16:39:20,301.1,6.0
2025-09-10 16:39:20,301.2,15.0
2025-09-10 16:39:20,304.1,14.6
2025-09-10 16:39:20,304.2,7.8
2025-09-10 16:39:20,22.1,225.6
2025-09-10 16:39:20,22.2,7.4
2025-09-10 16:39:20,4.1,9.6
2025-09-10 16:39:20,4.2,11.8
2025-09-10 16:39:20,12.1,8.8
2025-09-10 16:39:20,12.2,7.6
2025-09-10 16:39:20,99.1,14.8
2025-09-10 16:39:20,99.2,3.8
2025-09-10 16:39:20,56.1,10.2
2025-09-10 16:39:20,56.2,13.4
2025-09-10 16:39:20,122.1,4.0
2025-09-10 16:39:20,122.2,7.0
2025-09-10 16:39:20,55.1,13.6
2025-09-10 16:39:20,55.2,1.2
2025-09-10 16:39:20,83.1,3.0
2025-09-10 16:39:20,83.2,9.8
2025-09-10 16:39:20,97.1,2.0
2025-09-10 16:39:20,97.2,13.8
2025-09-10 16:39:20,84.1,16.0
2025-09-10 16:39:20,84.2,4.6
2025-09-10 16:39:20,305.1,8.8
2025-09-10 16:39:20,305.2,10.8
2025-09-10 16:39:20,2.1,42.2
2025-09-10 16:39:20,2.2,11.4
2025-09-10 16:39:20,45.1,10.4
2025-09-10 16:39:20,45.2,3.8
2025-09-10 16:39:20,0.0,0.0
2025-09-10 16:39:20,0.0,0.0
2025-09-10 16:39:20,0.0,0.0
2025-09-10 16:39:20,0.0,0.0
2025-09-10 16:39:20,0.0,0.0
2025-09-10 16:39:20,0.0,0.0
2025-09-10 16:39:20,0.0,0.0
2025-09-10 16:39:20,0.0,0.0
2025-09-10 16:39:20,0.0,0.0
2025-09-10 16:39:20,0.0,0.0
2025-09-10 16:39:20,0.0,0.0
2025-09-10 16:39:20,0.0,0.0
2025-09-10 16:39:20,0.0,0.0
2025-09-10 16:39:20,0.0,0.0
2025-09-10 16:39:20,0.0,0.0
2025-09-10 16:39:20,0.0,0.0
2025-09-10 16:39:20,0.0,0.0
2025-09-10 16:39:20,0.0,0.0
2025-09-10 16:39:20,0.0,0.0
2025-09-10 16:39:20,0.0,0.0
2025-09-10 16:39:20,0.0,0.0
2025-09-10 16:39:20,0.0,0.0
2025-09-10 16:39:20,0.0,0.0
2025-09-10 16:39:20,0.0,0.0
2025-09-10 16:39:20,0.0,0.0
2025-09-10 16:39:20,0.0,0.0
2025-09-10 16:39:20,0.0,0.0
2025-09-10 16:39:20,0.0,0.0
2025-09-10 16:39:25,0.0,2.0
2025-09-10 16:39:25,11.1,24.4
2025-09-10 16:39:25,11.2,29.0
2025-09-10 16:39:25,38.1,51.8
2025-09-10 16:39:25,38.2,38.8
2025-09-10 16:39:25,96.1,97.2
2025-09-10 16:39:25,96.2,41.8
2025-09-10 16:39:25,307.1,30.4
2025-09-10 16:39:25,307.2,0.0
2025-09-10 16:39:25,52.1,30.8
2025-09-10 16:39:25,52.2,0.0
2025-09-10 16:39:25,102.1,29.8
2025-09-10 16:39:25,102.2,0.0
2025-09-10 16:39:25,124.2,0.0
2025-09-10 16:39:25,124.1,26.0
2025-09-10 16:39:25,48.2,12.0
2025-09-10 16:39:25,48.1,28.4
2025-09-10 16:39:25,75.2,0.0
2025-09-10 16:39:25,75.1,5.4
2025-09-10 16:39:25,109.2,0.4
2025-09-10 16:39:25,109.1,4.8
2025-09-10 16:39:25,123.2,6.4
2025-09-10 16:39:25,123.1,5.6
2025-09-10 16:39:25,26.1,11.6
2025-09-10 16:39:25,26.2,10.4
2025-09-10 16:39:25,66.1,10.6
2025-09-10 16:39:25,66.2,4.6
2025-09-10 16:39:25,10.1,9.8
2025-09-10 16:39:25,10.2,8.6
2025-09-10 16:39:25,58.1,0.0
2025-09-10 16:39:25,58.2,0.0
2025-09-10 16:39:25,306.1,9.8
2025-09-10 16:39:25,306.2,5.6
2025-09-10 16:39:25,9.1,5.0
2025-09-10 16:39:25,9.2,0.0
2025-09-10 16:39:25,57.1,17.6
2025-09-10 16:39:25,57.2,3.4
2025-09-10 16:39:25,79.1,8.0
2025-09-10 16:39:25,79.2,11.8
2025-09-10 16:39:25,116.1,9.0
2025-09-10 16:39:25,116.2,13.8
2025-09-10 16:39:25,13.1,8.8
2025-09-10 16:39:25,13.2,11.6
2025-09-10 16:39:25,76.1,11.4
2025-09-10 16:39:25,76.2,9.4
2025-09-10 16:39:25,17.1,13.8
2025-09-10 16:39:25,17.2,10.6
2025-09-10 16:39:25,125.1,16.0
2025-09-10 16:39:25,125.2,3.4
2025-09-10 16:39:25,0.0,0.0
2025-09-10 16:39:25,0.0,0.0
2025-09-10 16:39:25,104.1,0.0
2025-09-10 16:39:25,104.2,0.0
2025-09-10 16:39:25,119.1,0.0
2025-09-10 16:39:25,119.2,0.0
2025-09-10 16:39:25,64.1,0.0
2025-09-10 16:39:25,64.2,0.0
2025-09-10 16:39:25,29.1,0.0
2025-09-10 16:39:25,29.2,0.0
2025-09-10 16:39:25,53.1,0.0
2025-09-10 16:39:25,53.2,0.0
2025-09-10 16:39:25,77.1,0.0
2025-09-10 16:39:25,77.2,0.0
2025-09-10 16:39:25,37.1,0.0
2025-09-10 16:39:25,37.2,0.0
2025-09-10 16:39:25,70.1,11.2
2025-09-10 16:39:25,70.2,0.0
2025-09-10 16:39:25,28.1,9.0
2025-09-10 16:39:25,28.2,12.8
2025-09-10 16:39:25,0.1,0.0
2025-09-10 16:39:25,0.2,0.0
2025-09-10 16:39:25,25.1,0.0
2025-09-10 16:39:25,25.2,0.0
2025-09-10 16:39:25,301.1,6.6
2025-09-10 16:39:25,301.2,14.0
2025-09-10 16:39:25,304.1,8.8
2025-09-10 16:39:25,304.2,8.0
2025-09-10 16:39:25,22.1,317.6
2025-09-10 16:39:25,22.2,10.4
2025-09-10 16:39:25,4.1,12.4
2025-09-10 16:39:25,4.2,16.0
2025-09-10 16:39:25,12.1,9.0
2025-09-10 16:39:25,12.2,7.8
2025-09-10 16:39:25,99.1,14.8
2025-09-10 16:39:25,99.2,3.4
2025-09-10 16:39:25,56.1,10.2
2025-09-10 16:39:25,56.2,17.2
2025-09-10 16:39:25,122.1,6.2
2025-09-10 16:39:25,122.2,11.4
2025-09-10 16:39:25,55.1,13.4
2025-09-10 16:39:25,55.2,1.0
2025-09-10 16:39:25,83.1,2.8
2025-09-10 16:39:25,83.2,8.4
2025-09-10 16:39:25,97.1,0.8
2025-09-10 16:39:25,97.2,13.2
2025-09-10 16:39:25,84.1,14.8
2025-09-10 16:39:25,84.2,6.2
2025-09-10 16:39:25,305.1,9.8
2025-09-10 16:39:25,305.2,10.2
2025-09-10 16:39:25,2.1,64.2
2025-09-10 16:39:25,2.2,17.8
2025-09-10 16:39:25,45.1,10.8
2025-09-10 16:39:25,45.2,5.6
2025-09-10 16:39:25,0.0,0.0
2025-09-10 16:39:25,0.0,0.0
2025-09-10 16:39:25,0.0,0.0
2025-09-10 16:39:25,0.0,0.0
2025-09-10 16:39:25,0.0,0.0
2025-09-10 16:39:25,0.0,0.0
2025-09-10 16:39:25,0.0,0.0
2025-09-10 16:39:25,0.0,0.0
2025-09-10 16:39:25,0.0,0.0
2025-09-10 16:39:25,0.0,0.0
2025-09-10 16:39:25,0.0,0.0
2025-09-10 16:39:25,0.0,0.0
2025-09-10 16:39:25,0.0,0.0
2025-09-10 16:39:25,0.0,0.0
2025-09-10 16:39:25,0.0,0.0
2025-09-10 16:39:25,0.0,0.0
2025-09-10 16:39:25,0.0,0.0
2025-09-10 16:39:25,0.0,0.0
2025-09-10 16:39:25,0.0,0.0
2025-09-10 16:39:25,0.0,0.0
2025-09-10 16:39:25,0.0,0.0
2025-09-10 16:39:25,0.0,0.0
2025-09-10 16:39:25,0.0,0.0
2025-09-10 16:39:25,0.0,0.0
2025-09-10 16:39:25,0.0,0.0
2025-09-10 16:39:25,0.0,0.0
2025-09-10 16:39:25,0.0,0.0
2025-09-10 16:39:25,0.0,0.0
2025-09-10 16:39:30,0.0,2.0
2025-09-10 16:39:30,11.1,22.0
2025-09-10 16:39:30,11.2,23.6
2025-09-10 16:39:30,38.1,70.6
2025-09-10 16:39:30,38.2,35.6
2025-09-10 16:39:30,96.1,101.6
2025-09-10 16:39:30,96.2,45.2
2025-09-10 16:39:30,307.1,29.8
2025-09-10 16:39:30,307.2,0.0
2025-09-10 16:39:30,52.1,28.8
2025-09-10 16:39:30,52.2,0.0
2025-09-10 16:39:30,102.1,26.4
2025-09-10 16:39:30,102.2,0.0
2025-09-10 16:39:30,124.2,0.0
2025-09-10 16:39:30,124.1,18.0
2025-09-10 16:39:30,48.2,9.8
2025-09-10 16:39:30,48.1,23.4
2025-09-10 16:39:30,75.2,0.0
2025-09-10 16:39:30,75.1,4.6
2025-09-10 16:39:30,109.2,2.4
2025-09-10 16:39:30,109.1,3.8
2025-09-10 16:39:30,123.2,6.2
2025-09-10 16:39:30,123.1,3.4
2025-09-10 16:39:30,26.1,12.0
2025-09-10 16:39:30,26.2,8.6
2025-09-10 16:39:30,66.1,9.8
2025-09-10 16:39:30,66.2,3.6
2025-09-10 16:39:30,10.1,12.0
2025-09-10 16:39:30,10.2,9.6
2025-09-10 16:39:30,58.1,0.0
2025-09-10 16:39:30,58.2,0.0
2025-09-10 16:39:30,306.1,9.6
2025-09-10 16:39:30,306.2,6.8
2025-09-10 16:39:30,9.1,5.2
2025-09-10 16:39:30,9.2,0.0
2025-09-10 16:39:30,57.1,16.4
2025-09-10 16:39:30,57.2,3.0
2025-09-10 16:39:30,79.1,8.6
2025-09-10 16:39:30,79.2,13.4
2025-09-10 16:39:30,116.1,11.6
2025-09-10 16:39:30,116.2,11.0
2025-09-10 16:39:30,13.1,6.0
2025-09-10 16:39:30,13.2,9.2
2025-09-10 16:39:30,76.1,10.6
2025-09-10 16:39:30,76.2,6.4
2025-09-10 16:39:30,17.1,10.4
2025-09-10 16:39:30,17.2,11.0
2025-09-10 16:39:30,125.1,13.6
2025-09-10 16:39:30,125.2,3.2
2025-09-10 16:39:30,0.0,0.0
2025-09-10 16:39:30,0.0,0.0
2025-09-10 16:39:30,104.1,0.0
2025-09-10 16:39:30,104.2,0.0
2025-09-10 16:39:30,119.1,0.0
2025-09-10 16:39:30,119.2,0.0
2025-09-10 16:39:30,64.1,0.0
2025-09-10 16:39:30,64.2,0.0
2025-09-10 16:39:30,29.1,0.0
2025-09-10 16:39:30,29.2,0.0
2025-09-10 16:39:30,53.1,0.0
2025-09-10 16:39:30,53.2,0.0
2025-09-10 16:39:30,77.1,0.0
2025-09-10 16:39:30,77.2,0.0
2025-09-10 16:39:30,37.1,0.0
2025-09-10 16:39:30,37.2,0.0
2025-09-10 16:39:30,70.1,9.8
2025-09-10 16:39:30,70.2,0.0
2025-09-10 16:39:30,28.1,7.0
2025-09-10 16:39:30,28.2,14.2
2025-09-10 16:39:30,0.1,0.0
2025-09-10 16:39:30,0.2,0.0
2025-09-10 16:39:30,25.1,0.0
2025-09-10 16:39:30,25.2,0.0
2025-09-10 16:39:30,301.1,6.6
2025-09-10 16:39:30,301.2,13.6
2025-09-10 16:39:30,304.1,12.8
2025-09-10 16:39:30,304.2,9.6
2025-09-10 16:39:30,22.1,159.2
2025-09-10 16:39:30,22.2,5.2
2025-09-10 16:39:30,4.1,10.8
2025-09-10 16:39:30,4.2,11.6
2025-09-10 16:39:30,12.1,8.0
2025-09-10 16:39:30,12.2,6.4
2025-09-10 16:39:30,99.1,12.8
2025-09-10 16:39:30,99.2,3.6
2025-09-10 16:39:30,56.1,12.6
2025-09-10 16:39:30,56.2,14.2
2025-09-10 16:39:30,122.1,5.2
2025-09-10 16:39:30,122.2,12.2
2025-09-10 16:39:30,55.1,13.6
2025-09-10 16:39:30,55.2,1.4
2025-09-10 16:39:30,83.1,2.6
2025-09-10 16:39:30,83.2,10.6
2025-09-10 16:39:30,97.1,0.6
2025-09-10 16:39:30,97.2,13.8
2025-09-10 16:39:30,84.1,17.0
2025-09-10 16:39:30,84.2,3.4
2025-09-10 16:39:30,305.1,9.0
2025-09-10 16:39:30,305.2,12.6
2025-09-10 16:39:30,2.1,70.0
2025-09-10 16:39:30,2.2,11.8
2025-09-10 16:39:30,45.1,15.0
2025-09-10 16:39:30,45.2,5.6
2025-09-10 16:39:30,0.0,0.0
2025-09-10 16:39:30,0.0,0.0
2025-09-10 16:39:30,0.0,0.0
2025-09-10 16:39:30,0.0,0.0
2025-09-10 16:39:30,0.0,0.0
2025-09-10 16:39:30,0.0,0.0
2025-09-10 16:39:30,0.0,0.0
2025-09-10 16:39:30,0.0,0.0
2025-09-10 16:39:30,0.0,0.0
2025-09-10 16:39:30,0.0,0.0
2025-09-10 16:39:30,0.0,0.0
2025-09-10 16:39:30,0.0,0.0
2025-09-10 16:39:30,0.0,0.0
2025-09-10 16:39:30,0.0,0.0
2025-09-10 16:39:30,0.0,0.0
2025-09-10 16:39:30,0.0,0.0
2025-09-10 16:39:30,0.0,0.0
2025-09-10 16:39:30,0.0,0.0
2025-09-10 16:39:30,0.0,0.0
2025-09-10 16:39:30,0.0,0.0
2025-09-10 16:39:30,0.0,0.0
2025-09-10 16:39:30,0.0,0.0
2025-09-10 16:39:30,0.0,0.0
2025-09-10 16:39:30,0.0,0.0
2025-09-10 16:39:30,0.0,0.0
2025-09-10 16:39:30,0.0,0.0
2025-09-10 16:39:30,0.0,0.0
2025-09-10 16:39:30,0.0,0.0
2025-09-10 16:39:35,0.0,2.0
2025-09-10 16:39:35,11.1,22.0
2025-09-10 16:39:35,11.2,28.6
2025-09-10 16:39:35,38.1,45.0
2025-09-10 16:39:35,38.2,32.0
2025-09-10 16:39:35,96.1,87.4
2025-09-10 16:39:35,96.2,51.0
2025-09-10 16:39:35,307.1,33.4
2025-09-10 16:39:35,307.2,0.0
2025-09-10 16:39:35,52.1,28.4
2025-09-10 16:39:35,52.2,0.0
2025-09-10 16:39:35,102.1,25.8
2025-09-10 16:39:35,102.2,0.0
2025-09-10 16:39:35,124.2,0.0
2025-09-10 16:39:35,124.1,21.4
2025-09-10 16:39:35,48.2,10.6
2025-09-10 16:39:35,48.1,25.6
2025-09-10 16:39:35,75.2,0.0
2025-09-10 16:39:35,75.1,5.6
2025-09-10 16:39:35,109.2,1.8
2025-09-10 16:39:35,109.1,4.0
2025-09-10 16:39:35,123.2,6.0
2025-09-10 16:39:35,123.1,4.0
2025-09-10 16:39:35,26.1,9.6
2025-09-10 16:39:35,26.2,6.8
2025-09-10 16:39:35,66.1,13.4
2025-09-10 16:39:35,66.2,3.8
2025-09-10 16:39:35,10.1,12.8
2025-09-10 16:39:35,10.2,9.2
2025-09-10 16:39:35,58.1,0.0
2025-09-10 16:39:35,58.2,0.0
2025-09-10 16:39:35,306.1,9.8
2025-09-10 16:39:35,306.2,3.8
2025-09-10 16:39:35,9.1,8.2
2025-09-10 16:39:35,9.2,0.0
2025-09-10 16:39:35,57.1,19.2
2025-09-10 16:39:35,57.2,3.2
2025-09-10 16:39:35,79.1,8.0
2025-09-10 16:39:35,79.2,11.0
2025-09-10 16:39:35,116.1,12.2
2025-09-10 16:39:35,116.2,11.8
2025-09-10 16:39:35,13.1,8.8
2025-09-10 16:39:35,13.2,9.6
2025-09-10 16:39:35,76.1,12.4
2025-09-10 16:39:35,76.2,7.2
2025-09-10 16:39:35,17.1,9.6
2025-09-10 16:39:35,17.2,8.0
2025-09-10 16:39:35,125.1,13.2
2025-09-10 16:39:35,125.2,6.2
2025-09-10 16:39:35,0.0,0.0
2025-09-10 16:39:35,0.0,0.0
2025-09-10 16:39:35,104.1,0.0
2025-09-10 16:39:35,104.2,0.0
2025-09-10 16:39:35,119.1,0.0
2025-09-10 16:39:35,119.2,0.0
2025-09-10 16:39:35,64.1,0.0
2025-09-10 16:39:35,64.2,0.0
2025-09-10 16:39:35,29.1,0.0
2025-09-10 16:39:35,29.2,0.0
2025-09-10 16:39:35,53.1,0.0
2025-09-10 16:39:35,53.2,0.0
2025-09-10 16:39:35,77.1,0.0
2025-09-10 16:39:35,77.2,0.0
2025-09-10 16:39:35,37.1,0.0
2025-09-10 16:39:35,37.2,0.0
2025-09-10 16:39:35,70.1,11.0
2025-09-10 16:39:35,70.2,0.0
2025-09-10 16:39:35,28.1,7.2
2025-09-10 16:39:35,28.2,13.0
2025-09-10 16:39:35,0.1,0.0
2025-09-10 16:39:35,0.2,0.0
2025-09-10 16:39:35,25.1,0.0
2025-09-10 16:39:35,25.2,0.0
2025-09-10 16:39:35,301.1,7.6
2025-09-10 16:39:35,301.2,12.8
2025-09-10 16:39:35,304.1,10.6
2025-09-10 16:39:35,304.2,7.8
2025-09-10 16:39:35,22.1,202.4
2025-09-10 16:39:35,22.2,6.6
2025-09-10 16:39:35,4.1,8.6
2025-09-10 16:39:35,4.2,10.4
2025-09-10 16:39:35,12.1,9.0
2025-09-10 16:39:35,12.2,6.0
2025-09-10 16:39:35,99.1,13.2
2025-09-10 16:39:35,99.2,2.4
2025-09-10 16:39:35,56.1,9.4
2025-09-10 16:39:35,56.2,12.0
2025-09-10 16:39:35,122.1,5.2
2025-09-10 16:39:35,122.2,9.6
2025-09-10 16:39:35,55.1,13.4
2025-09-10 16:39:35,55.2,1.4
2025-09-10 16:39:35,83.1,1.8
2025-09-10 16:39:35,83.2,6.6
2025-09-10 16:39:35,97.1,0.8
2025-09-10 16:39:35,97.2,10.8
2025-09-10 16:39:35,84.1,14.6
2025-09-10 16:39:35,84.2,5.2
2025-09-10 16:39:35,305.1,10.6
2025-09-10 16:39:35,305.2,13.0
2025-09-10 16:39:35,2.1,68.8
2025-09-10 16:39:35,2.2,12.6
2025-09-10 16:39:35,45.1,11.6
2025-09-10 16:39:35,45.2,4.0
2025-09-10 16:39:35,0.0,0.0
2025-09-10 16:39:35,0.0,0.0
2025-09-10 16:39:35,0.0,0.0
2025-09-10 16:39:35,0.0,0.0
2025-09-10 16:39:35,0.0,0.0
2025-09-10 16:39:35,0.0,0.0
2025-09-10 16:39:35,0.0,0.0
2025-09-10 16:39:35,0.0,0.0
2025-09-10 16:39:35,0.0,0.0
2025-09-10 16:39:35,0.0,0.0
2025-09-10 16:39:35,0.0,0.0
2025-09-10 16:39:35,0.0,0.0
2025-09-10 16:39:35,0.0,0.0
2025-09-10 16:39:35,0.0,0.0
2025-09-10 16:39:35,0.0,0.0
2025-09-10 16:39:35,0.0,0.0
2025-09-10 16:39:35,0.0,0.0
2025-09-10 16:39:35,0.0,0.0
2025-09-10 16:39:35,0.0,0.0
2025-09-10 16:39:35,0.0,0.0
2025-09-10 16:39:35,0.0,0.0
2025-09-10 16:39:35,0.0,0.0
2025-09-10 16:39:35,0.0,0.0
2025-09-10 16:39:35,0.0,0.0
2025-09-10 16:39:35,0.0,0.0
2025-09-10 16:39:35,0.0,0.0
2025-09-10 16:39:35,0.0,0.0
2025-09-10 16:39:35,0.0,0.0
2025-09-10 16:39:40,0.0,2.0
2025-09-10 16:39:40,11.1,24.2
2025-09-10 16:39:40,11.2,23.8
2025-09-10 16:39:40,38.1,47.2
2025-09-10 16:39:40,38.2,40.2
2025-09-10 16:39:40,96.1,98.4
2025-09-10 16:39:40,96.2,50.4
2025-09-10 16:39:40,307.1,37.0
2025-09-10 16:39:40,307.2,0.0
2025-09-10 16:39:40,52.1,29.6
2025-09-10 16:39:40,52.2,0.0
2025-09-10 16:39:40,102.1,25.8
2025-09-10 16:39:40,102.2,0.0
2025-09-10 16:39:40,124.2,0.0
2025-09-10 16:39:40,124.1,25.2
2025-09-10 16:39:40,48.2,7.2
2025-09-10 16:39:40,48.1,23.0
2025-09-10 16:39:40,75.2,0.0
2025-09-10 16:39:40,75.1,4.8
2025-09-10 16:39:40,109.2,2.0
2025-09-10 16:39:40,109.1,3.6
2025-09-10 16:39:40,123.2,9.4
2025-09-10 16:39:40,123.1,3.4
2025-09-10 16:39:40,26.1,10.2
2025-09-10 16:39:40,26.2,8.6
2025-09-10 16:39:40,66.1,14.0
2025-09-10 16:39:40,66.2,3.2
2025-09-10 16:39:40,10.1,13.6
2025-09-10 16:39:40,10.2,9.4
2025-09-10 16:39:40,58.1,0.0
2025-09-10 16:39:40,58.2,0.0
2025-09-10 16:39:40,306.1,10.6
2025-09-10 16:39:40,306.2,6.2
2025-09-10 16:39:40,9.1,5.4
2025-09-10 16:39:40,9.2,0.0
2025-09-10 16:39:40,57.1,15.6
2025-09-10 16:39:40,57.2,3.8
2025-09-10 16:39:40,79.1,9.2
2025-09-10 16:39:40,79.2,14.0
2025-09-10 16:39:40,116.1,12.0
2025-09-10 16:39:40,116.2,12.8
2025-09-10 16:39:40,13.1,8.6
2025-09-10 16:39:40,13.2,8.8
2025-09-10 16:39:40,76.1,11.4
2025-09-10 16:39:40,76.2,7.6
2025-09-10 16:39:40,17.1,9.6
2025-09-10 16:39:40,17.2,9.6
2025-09-10 16:39:40,125.1,13.0
2025-09-10 16:39:40,125.2,5.4
2025-09-10 16:39:40,0.0,0.0
2025-09-10 16:39:40,0.0,0.0
2025-09-10 16:39:40,104.1,0.0
2025-09-10 16:39:40,104.2,0.0
2025-09-10 16:39:40,119.1,0.0
2025-09-10 16:39:40,119.2,0.0
2025-09-10 16:39:40,64.1,0.0
2025-09-10 16:39:40,64.2,0.0
2025-09-10 16:39:40,29.1,0.0
2025-09-10 16:39:40,29.2,0.0
2025-09-10 16:39:40,53.1,0.0
2025-09-10 16:39:40,53.2,0.0
2025-09-10 16:39:40,77.1,0.0
2025-09-10 16:39:40,77.2,0.0
2025-09-10 16:39:40,37.1,0.2
2025-09-10 16:39:40,37.2,0.2
2025-09-10 16:39:40,70.1,10.4
2025-09-10 16:39:40,70.2,0.2
2025-09-10 16:39:40,28.1,8.8
2025-09-10 16:39:40,28.2,13.4
2025-09-10 16:39:40,0.1,0.0
2025-09-10 16:39:40,0.2,0.2
2025-09-10 16:39:40,25.1,0.0
2025-09-10 16:39:40,25.2,0.0
2025-09-10 16:39:40,301.1,5.6
2025-09-10 16:39:40,301.2,13.2
2025-09-10 16:39:40,304.1,15.0
2025-09-10 16:39:40,304.2,8.6
2025-09-10 16:39:40,22.1,200.8
2025-09-10 16:39:40,22.2,6.6
2025-09-10 16:39:40,4.1,10.0
2025-09-10 16:39:40,4.2,12.8
2025-09-10 16:39:40,12.1,9.6
2025-09-10 16:39:40,12.2,8.0
2025-09-10 16:39:40,99.1,15.4
2025-09-10 16:39:40,99.2,2.4
2025-09-10 16:39:40,56.1,9.6
2025-09-10 16:39:40,56.2,10.8
2025-09-10 16:39:40,122.1,6.8
2025-09-10 16:39:40,122.2,8.4
2025-09-10 16:39:40,55.1,13.6
2025-09-10 16:39:40,55.2,1.2
2025-09-10 16:39:40,83.1,2.4
2025-09-10 16:39:40,83.2,8.0
2025-09-10 16:39:40,97.1,0.6
2025-09-10 16:39:40,97.2,12.6
2025-09-10 16:39:40,84.1,17.0
2025-09-10 16:39:40,84.2,5.8
2025-09-10 16:39:40,305.1,11.4
2025-09-10 16:39:40,305.2,13.6
2025-09-10 16:39:40,2.1,59.0
2025-09-10 16:39:40,2.2,14.4
2025-09-10 16:39:40,45.1,12.0
2025-09-10 16:39:40,45.2,5.4
2025-09-10 16:39:40,0.0,0.0
2025-09-10 16:39:40,0.0,0.0
2025-09-10 16:39:40,0.0,0.0
2025-09-10 16:39:40,0.0,0.0
2025-09-10 16:39:40,0.0,0.0
2025-09-10 16:39:40,0.0,0.0
2025-09-10 16:39:40,0.0,0.0
2025-09-10 16:39:40,0.0,0.0
2025-09-10 16:39:40,0.0,0.0
2025-09-10 16:39:40,0.0,0.0
2025-09-10 16:39:40,0.0,0.0
2025-09-10 16:39:40,0.0,0.0
2025-09-10 16:39:40,0.0,0.0
2025-09-10 16:39:40,0.0,0.0
2025-09-10 16:39:40,0.0,0.0
2025-09-10 16:39:40,0.0,0.0
2025-09-10 16:39:40,0.0,0.0
2025-09-10 16:39:40,0.0,0.0
2025-09-10 16:39:40,0.0,0.0
2025-09-10 16:39:40,0.0,0.0
2025-09-10 16:39:40,0.0,0.0
2025-09-10 16:39:40,0.0,0.0
2025-09-10 16:39:40,0.0,0.0
2025-09-10 16:39:40,0.0,0.0
2025-09-10 16:39:40,0.0,0.0
2025-09-10 16:39:40,0.0,0.0
2025-09-10 16:39:40,0.0,0.0
2025-09-10 16:39:40,0.0,0.0
2025-09-10 16:39:45,0.0,2.0
2025-09-10 16:39:45,11.1,23.2
2025-09-10 16:39:45,11.2,27.2
2025-09-10 16:39:45,38.1,47.6
2025-09-10 16:39:45,38.2,32.8
2025-09-10 16:39:45,96.1,103.8
2025-09-10 16:39:45,96.2,52.4
2025-09-10 16:39:45,307.1,29.6
2025-09-10 16:39:45,307.2,0.0
2025-09-10 16:39:45,52.1,39.2
2025-09-10 16:39:45,52.2,0.0
2025-09-10 16:39:45,102.1,25.8
2025-09-10 16:39:45,102.2,0.0
2025-09-10 16:39:45,124.2,0.0
2025-09-10 16:39:45,124.1,21.0
2025-09-10 16:39:45,48.2,8.8
2025-09-10 16:39:45,48.1,28.6
2025-09-10 16:39:45,75.2,0.0
2025-09-10 16:39:45,75.1,5.4
2025-09-10 16:39:45,109.2,3.0
2025-09-10 16:39:45,109.1,3.0
2025-09-10 16:39:45,123.2,8.6
2025-09-10 16:39:45,123.1,7.8
2025-09-10 16:39:45,26.1,14.4
2025-09-10 16:39:45,26.2,8.0
2025-09-10 16:39:45,66.1,10.8
2025-09-10 16:39:45,66.2,3.0
2025-09-10 16:39:45,10.1,9.8
2025-09-10 16:39:45,10.2,7.8
2025-09-10 16:39:45,58.1,0.0
2025-09-10 16:39:45,58.2,0.0
2025-09-10 16:39:45,306.1,11.8
2025-09-10 16:39:45,306.2,6.2
2025-09-10 16:39:45,9.1,7.6
2025-09-10 16:39:45,9.2,0.0
2025-09-10 16:39:45,57.1,14.6
2025-09-10 16:39:45,57.2,3.0
2025-09-10 16:39:45,79.1,10.0
2025-09-10 16:39:45,79.2,14.0
2025-09-10 16:39:45,116.1,11.8
2025-09-10 16:39:45,116.2,12.2
2025-09-10 16:39:45,13.1,9.2
2025-09-10 16:39:45,13.2,9.6
2025-09-10 16:39:45,76.1,10.2
2025-09-10 16:39:45,76.2,7.0
2025-09-10 16:39:45,17.1,12.0
2025-09-10 16:39:45,17.2,7.4
2025-09-10 16:39:45,125.1,11.0
2025-09-10 16:39:45,125.2,3.6
2025-09-10 16:39:45,0.0,0.0
2025-09-10 16:39:45,0.0,0.0
2025-09-10 16:39:45,104.1,0.0
2025-09-10 16:39:45,104.2,0.0
2025-09-10 16:39:45,119.1,0.0
2025-09-10 16:39:45,119.2,0.0
2025-09-10 16:39:45,64.1,0.0
2025-09-10 16:39:45,64.2,0.0
2025-09-10 16:39:45,29.1,0.0
2025-09-10 16:39:45,29.2,0.0
2025-09-10 16:39:45,53.1,0.0
2025-09-10 16:39:45,53.2,0.0
2025-09-10 16:39:45,77.1,0.0
2025-09-10 16:39:45,77.2,0.0
2025-09-10 16:39:45,37.1,0.0
2025-09-10 16:39:45,37.2,0.0
2025-09-10 16:39:45,70.1,8.8
2025-09-10 16:39:45,70.2,0.0
2025-09-10 16:39:45,28.1,6.2
2025-09-10 16:39:45,28.2,10.2
2025-09-10 16:39:45,0.1,0.0
2025-09-10 16:39:45,0.2,0.0
2025-09-10 16:39:45,25.1,0.0
2025-09-10 16:39:45,25.2,0.0
2025-09-10 16:39:45,301.1,4.8
2025-09-10 16:39:45,301.2,15.2
2025-09-10 16:39:45,304.1,8.6
2025-09-10 16:39:45,304.2,8.4
2025-09-10 16:39:45,22.1,219.0
2025-09-10 16:39:45,22.2,7.2
2025-09-10 16:39:45,4.1,13.0
2025-09-10 16:39:45,4.2,13.4
2025-09-10 16:39:45,12.1,11.0
2025-09-10 16:39:45,12.2,5.6
2025-09-10 16:39:45,99.1,15.2
2025-09-10 16:39:45,99.2,4.0
2025-09-10 16:39:45,56.1,12.2
2025-09-10 16:39:45,56.2,12.8
2025-09-10 16:39:45,122.1,5.4
2025-09-10 16:39:45,122.2,11.6
2025-09-10 16:39:45,55.1,11.6
2025-09-10 16:39:45,55.2,1.0
2025-09-10 16:39:45,83.1,2.2
2025-09-10 16:39:45,83.2,10.6
2025-09-10 16:39:45,97.1,0.6
2025-09-10 16:39:45,97.2,12.0
2025-09-10 16:39:45,84.1,12.6
2025-09-10 16:39:45,84.2,4.2
2025-09-10 16:39:45,305.1,12.6
2025-09-10 16:39:45,305.2,10.8
2025-09-10 16:39:45,2.1,49.6
2025-09-10 16:39:45,2.2,12.4
2025-09-10 16:39:45,45.1,11.2
2025-09-10 16:39:45,45.2,4.8
2025-09-10 16:39:45,0.0,0.0
2025-09-10 16:39:45,0.0,0.0
2025-09-10 16:39:45,0.0,0.0
2025-09-10 16:39:45,0.0,0.0
2025-09-10 16:39:45,0.0,0.0
2025-09-10 16:39:45,0.0,0.0
2025-09-10 16:39:45,0.0,0.0
2025-09-10 16:39:45,0.0,0.0
2025-09-10 16:39:45,0.0,0.0
2025-09-10 16:39:45,0.0,0.0
2025-09-10 16:39:45,0.0,0.0
2025-09-10 16:39:45,0.0,0.0
2025-09-10 16:39:45,0.0,0.0
2025-09-10 16:39:45,0.0,0.0
2025-09-10 16:39:45,0.0,0.0
2025-09-10 16:39:45,0.0,0.0
2025-09-10 16:39:45,0.0,0.0
2025-09-10 16:39:45,0.0,0.0
2025-09-10 16:39:45,0.0,0.0
2025-09-10 16:39:45,0.0,0.0
2025-09-10 16:39:45,0.0,0.0
2025-09-10 16:39:45,0.0,0.0
2025-09-10 16:39:45,0.0,0.0
2025-09-10 16:39:45,0.0,0.0
2025-09-10 16:39:45,0.0,0.0
2025-09-10 16:39:45,0.0,0.0
2025-09-10 16:39:45,0.0,0.0
2025-09-10 16:39:45,0.0,0.0
2025-09-10 16:39:50,0.0,2.2
2025-09-10 16:39:50,11.1,20.6
2025-09-10 16:39:50,11.2,26.0
2025-09-10 16:39:50,38.1,65.0
2025-09-10 16:39:50,38.2,35.2
2025-09-10 16:39:50,96.1,97.6
2025-09-10 16:39:50,96.2,54.6
2025-09-10 16:39:50,307.1,34.4
2025-09-10 16:39:50,307.2,0.0
2025-09-10 16:39:50,52.1,38.6
2025-09-10 16:39:50,52.2,0.0
2025-09-10 16:39:50,102.1,28.4
2025-09-10 16:39:50,102.2,0.0
2025-09-10 16:39:50,124.2,0.0
2025-09-10 16:39:50,124.1,21.2
2025-09-10 16:39:50,48.2,13.0
2025-09-10 16:39:50,48.1,29.0
2025-09-10 16:39:50,75.2,0.0
2025-09-10 16:39:50,75.1,4.4
2025-09-10 16:39:50,109.2,1.6
2025-09-10 16:39:50,109.1,3.0
2025-09-10 16:39:50,123.2,10.0
2025-09-10 16:39:50,123.1,2.8
2025-09-10 16:39:50,26.1,10.2
2025-09-10 16:39:50,26.2,10.6
2025-09-10 16:39:50,66.1,11.0
2025-09-10 16:39:50,66.2,4.0
2025-09-10 16:39:50,10.1,15.0
2025-09-10 16:39:50,10.2,8.0
2025-09-10 16:39:50,58.1,0.0
2025-09-10 16:39:50,58.2,0.0
2025-09-10 16:39:50,306.1,8.2
2025-09-10 16:39:50,306.2,5.4
2025-09-10 16:39:50,9.1,7.6
2025-09-10 16:39:50,9.2,0.0
2025-09-10 16:39:50,57.1,15.6
2025-09-10 16:39:50,57.2,4.0
2025-09-10 16:39:50,79.1,8.4
2025-09-10 16:39:50,79.2,12.4
2025-09-10 16:39:50,116.1,9.8
2025-09-10 16:39:50,116.2,12.0
2025-09-10 16:39:50,13.1,8.2
2025-09-10 16:39:50,13.2,9.2
2025-09-10 16:39:50,76.1,13.4
2025-09-10 16:39:50,76.2,7.8
2025-09-10 16:39:50,17.1,10.2
2025-09-10 16:39:50,17.2,10.4
2025-09-10 16:39:50,125.1,12.8
2025-09-10 16:39:50,125.2,4.6
2025-09-10 16:39:50,0.0,0.0
2025-09-10 16:39:50,0.0,0.0
2025-09-10 16:39:50,104.1,0.0
2025-09-10 16:39:50,104.2,0.0
2025-09-10 16:39:50,119.1,0.0
2025-09-10 16:39:50,119.2,0.0
2025-09-10 16:39:50,64.1,0.0
2025-09-10 16:39:50,64.2,0.0
2025-09-10 16:39:50,29.1,0.0
2025-09-10 16:39:50,29.2,0.0
2025-09-10 16:39:50,53.1,0.0
2025-09-10 16:39:50,53.2,0.0
2025-09-10 16:39:50,77.1,0.0
2025-09-10 16:39:50,77.2,0.0
2025-09-10 16:39:50,37.1,0.0
2025-09-10 16:39:50,37.2,0.0
2025-09-10 16:39:50,70.1,7.4
2025-09-10 16:39:50,70.2,0.0
2025-09-10 16:39:50,28.1,7.6
2025-09-10 16:39:50,28.2,12.8
2025-09-10 16:39:50,0.1,0.0
2025-09-10 16:39:50,0.2,0.0
2025-09-10 16:39:50,25.1,0.0
2025-09-10 16:39:50,25.2,0.0
2025-09-10 16:39:50,301.1,6.0
2025-09-10 16:39:50,301.2,13.8
2025-09-10 16:39:50,304.1,12.0
2025-09-10 16:39:50,304.2,7.8
2025-09-10 16:39:50,22.1,292.8
2025-09-10 16:39:50,22.2,9.6
2025-09-10 16:39:50,4.1,9.2
2025-09-10 16:39:50,4.2,12.2
2025-09-10 16:39:50,12.1,8.2
2025-09-10 16:39:50,12.2,8.2
2025-09-10 16:39:50,99.1,13.6
2025-09-10 16:39:50,99.2,3.0
2025-09-10 16:39:50,56.1,14.0
2025-09-10 16:39:50,56.2,14.4
2025-09-10 16:39:50,122.1,5.0
2025-09-10 16:39:50,122.2,10.2
2025-09-10 16:39:50,55.1,13.2
2025-09-10 16:39:50,55.2,1.2
2025-09-10 16:39:50,83.1,2.8
2025-09-10 16:39:50,83.2,8.8
2025-09-10 16:39:50,97.1,1.8
2025-09-10 16:39:50,97.2,13.4
2025-09-10 16:39:50,84.1,15.8
2025-09-10 16:39:50,84.2,5.6
2025-09-10 16:39:50,305.1,10.4
2025-09-10 16:39:50,305.2,11.0
2025-09-10 16:39:50,2.1,54.8
2025-09-10 16:39:50,2.2,14.2
2025-09-10 16:39:50,45.1,12.8
2025-09-10 16:39:50,45.2,7.4
2025-09-10 16:39:50,0.0,0.0
2025-09-10 16:39:50,0.0,0.0
2025-09-10 16:39:50,0.0,0.0
2025-09-10 16:39:50,0.0,0.0
2025-09-10 16:39:50,0.0,0.0
2025-09-10 16:39:50,0.0,0.0
2025-09-10 16:39:50,0.0,0.0
2025-09-10 16:39:50,0.0,0.0
2025-09-10 16:39:50,0.0,0.0
2025-09-10 16:39:50,0.0,0.0
2025-09-10 16:39:50,0.0,0.0
2025-09-10 16:39:50,0.0,0.0
2025-09-10 16:39:50,0.0,0.0
2025-09-10 16:39:50,0.0,0.0
2025-09-10 16:39:50,0.0,0.0
2025-09-10 16:39:50,0.0,0.0
2025-09-10 16:39:50,0.0,0.0
2025-09-10 16:39:50,0.0,0.0
2025-09-10 16:39:50,0.0,0.0
2025-09-10 16:39:50,0.0,0.0
2025-09-10 16:39:50,0.0,0.0
2025-09-10 16:39:50,0.0,0.0
2025-09-10 16:39:50,0.0,0.0
2025-09-10 16:39:50,0.0,0.0
2025-09-10 16:39:50,0.0,0.0
2025-09-10 16:39:50,0.0,0.0
2025-09-10 16:39:50,0.0,0.0
2025-09-10 16:39:50,0.0,0.0
2025-09-10 16:39:55,0.0,2.0
2025-09-10 16:39:55,11.1,20.4
2025-09-10 16:39:55,11.2,28.4
2025-09-10 16:39:55,38.1,47.6
2025-09-10 16:39:55,38.2,28.6
2025-09-10 16:39:55,96.1,98.4
2025-09-10 16:39:55,96.2,56.4
2025-09-10 16:39:55,307.1,33.8
2025-09-10 16:39:55,307.2,0.0
2025-09-10 16:39:55,52.1,30.2
2025-09-10 16:39:55,52.2,0.0
2025-09-10 16:39:55,102.1,25.6
2025-09-10 16:39:55,102.2,0.0
2025-09-10 16:39:55,124.2,0.0
2025-09-10 16:39:55,124.1,24.2
2025-09-10 16:39:55,48.2,6.4
2025-09-10 16:39:55,48.1,26.2
2025-09-10 16:39:55,75.2,0.0
2025-09-10 16:39:55,75.1,5.6
2025-09-10 16:39:55,109.2,1.4
2025-09-10 16:39:55,109.1,4.6
2025-09-10 16:39:55,123.2,6.8
2025-09-10 16:39:55,123.1,4.6
2025-09-10 16:39:55,26.1,14.2
2025-09-10 16:39:55,26.2,11.8
2025-09-10 16:39:55,66.1,11.4
2025-09-10 16:39:55,66.2,6.4
2025-09-10 16:39:55,10.1,11.4
2025-09-10 16:39:55,10.2,9.0
2025-09-10 16:39:55,58.1,0.0
2025-09-10 16:39:55,58.2,0.0
2025-09-10 16:39:55,306.1,10.0
2025-09-10 16:39:55,306.2,6.4
2025-09-10 16:39:55,9.1,8.0
2025-09-10 16:39:55,9.2,0.0
2025-09-10 16:39:55,57.1,15.8
2025-09-10 16:39:55,57.2,4.2
2025-09-10 16:39:55,79.1,7.8
2025-09-10 16:39:55,79.2,12.8
2025-09-10 16:39:55,116.1,10.2
2025-09-10 16:39:55,116.2,15.6
2025-09-10 16:39:55,13.1,10.6
2025-09-10 16:39:55,13.2,8.8
2025-09-10 16:39:55,76.1,12.6
2025-09-10 16:39:55,76.2,7.4
2025-09-10 16:39:55,17.1,12.0
2025-09-10 16:39:55,17.2,9.2
2025-09-10 16:39:55,125.1,9.8
2025-09-10 16:39:55,125.2,5.2
2025-09-10 16:39:55,0.0,0.0
2025-09-10 16:39:55,0.0,0.0
2025-09-10 16:39:55,104.1,0.0
2025-09-10 16:39:55,104.2,0.0
2025-09-10 16:39:55,119.1,0.0
2025-09-10 16:39:55,119.2,0.0
2025-09-10 16:39:55,64.1,0.0
2025-09-10 16:39:55,64.2,0.0
2025-09-10 16:39:55,29.1,0.0
2025-09-10 16:39:55,29.2,0.0
2025-09-10 16:39:55,53.1,0.0
2025-09-10 16:39:55,53.2,0.0
2025-09-10 16:39:55,77.1,0.0
2025-09-10 16:39:55,77.2,0.0
2025-09-10 16:39:55,37.1,0.0
2025-09-10 16:39:55,37.2,0.0
2025-09-10 16:39:55,70.1,9.6
2025-09-10 16:39:55,70.2,0.0
2025-09-10 16:39:55,28.1,12.0
2025-09-10 16:39:55,28.2,11.6
2025-09-10 16:39:55,0.1,0.0
2025-09-10 16:39:55,0.2,0.0
2025-09-10 16:39:55,25.1,0.0
2025-09-10 16:39:55,25.2,0.0
2025-09-10 16:39:55,301.1,7.6
2025-09-10 16:39:55,301.2,16.4
2025-09-10 16:39:55,304.1,11.6
2025-09-10 16:39:55,304.2,5.4
2025-09-10 16:39:55,22.1,256.6
2025-09-10 16:39:55,22.2,8.4
2025-09-10 16:39:55,4.1,8.2
2025-09-10 16:39:55,4.2,12.8
2025-09-10 16:39:55,12.1,10.2
2025-09-10 16:39:55,12.2,7.2
2025-09-10 16:39:55,99.1,10.8
2025-09-10 16:39:55,99.2,4.2
2025-09-10 16:39:55,56.1,10.0
2025-09-10 16:39:55,56.2,16.4
2025-09-10 16:39:55,122.1,5.2
2025-09-10 16:39:55,122.2,10.4
2025-09-10 16:39:55,55.1,12.0
2025-09-10 16:39:55,55.2,1.6
2025-09-10 16:39:55,83.1,2.0
2025-09-10 16:39:55,83.2,7.8
2025-09-10 16:39:55,97.1,1.6
2025-09-10 16:39:55,97.2,13.6
2025-09-10 16:39:55,84.1,18.4
2025-09-10 16:39:55,84.2,5.8
2025-09-10 16:39:55,305.1,13.0
2025-09-10 16:39:55,305.2,11.6
2025-09-10 16:39:55,2.1,49.6
2025-09-10 16:39:55,2.2,11.2
2025-09-10 16:39:55,45.1,13.0
2025-09-10 16:39:55,45.2,5.8
2025-09-10 16:39:55,0.0,0.0
2025-09-10 16:39:55,0.0,0.0
2025-09-10 16:39:55,0.0,0.0
2025-09-10 16:39:55,0.0,0.0
2025-09-10 16:39:55,0.0,0.0
2025-09-10 16:39:55,0.0,0.0
2025-09-10 16:39:55,0.0,0.0
2025-09-10 16:39:55,0.0,0.0
2025-09-10 16:39:55,0.0,0.0
2025-09-10 16:39:55,0.0,0.0
2025-09-10 16:39:55,0.0,0.0
2025-09-10 16:39:55,0.0,0.0
2025-09-10 16:39:55,0.0,0.0
2025-09-10 16:39:55,0.0,0.0
2025-09-10 16:39:55,0.0,0.0
2025-09-10 16:39:55,0.0,0.0
2025-09-10 16:39:55,0.0,0.0
2025-09-10 16:39:55,0.0,0.0
2025-09-10 16:39:55,0.0,0.0
2025-09-10 16:39:55,0.0,0.0
2025-09-10 16:39:55,0.0,0.0
2025-09-10 16:39:55,0.0,0.0
2025-09-10 16:39:55,0.0,0.0
2025-09-10 16:39:55,0.0,0.0
2025-09-10 16:39:55,0.0,0.0
2025-09-10 16:39:55,0.0,0.0
2025-09-10 16:39:55,0.0,0.0
2025-09-10 16:39:55,0.0,0.0
2025-09-10 16:40:00,0.0,2.0
2025-09-10 16:40:00,11.1,21.0
2025-09-10 16:40:00,11.2,24.8
2025-09-10 16:40:00,38.1,43.0
2025-09-10 16:40:00,38.2,36.8
2025-09-10 16:40:00,96.1,98.8
2025-09-10 16:40:00,96.2,60.8
2025-09-10 16:40:00,307.1,29.8
2025-09-10 16:40:00,307.2,0.0
2025-09-10 16:40:00,52.1,33.4
2025-09-10 16:40:00,52.2,0.0
2025-09-10 16:40:00,102.1,24.2
2025-09-10 16:40:00,102.2,0.0
2025-09-10 16:40:00,124.2,0.0
2025-09-10 16:40:00,124.1,21.8
2025-09-10 16:40:00,48.2,8.6
2025-09-10 16:40:00,48.1,28.6
2025-09-10 16:40:00,75.2,0.0
2025-09-10 16:40:00,75.1,6.4
2025-09-10 16:40:00,109.2,1.2
2025-09-10 16:40:00,109.1,2.8
2025-09-10 16:40:00,123.2,7.8
2025-09-10 16:40:00,123.1,4.8
2025-09-10 16:40:00,26.1,10.6
2025-09-10 16:40:00,26.2,8.6
2025-09-10 16:40:00,66.1,9.8
2025-09-10 16:40:00,66.2,4.4
2025-09-10 16:40:00,10.1,11.8
2025-09-10 16:40:00,10.2,10.6
2025-09-10 16:40:00,58.1,0.0
2025-09-10 16:40:00,58.2,0.0
2025-09-10 16:40:00,306.1,8.2
2025-09-10 16:40:00,306.2,4.4
2025-09-10 16:40:00,9.1,5.6
2025-09-10 16:40:00,9.2,0.0
2025-09-10 16:40:00,57.1,15.8
2025-09-10 16:40:00,57.2,3.2
2025-09-10 16:40:00,79.1,10.4
2025-09-10 16:40:00,79.2,11.4
2025-09-10 16:40:00,116.1,8.6
2025-09-10 16:40:00,116.2,8.8
2025-09-10 16:40:00,13.1,7.8
2025-09-10 16:40:00,13.2,11.8
2025-09-10 16:40:00,76.1,12.2
2025-09-10 16:40:00,76.2,7.8
2025-09-10 16:40:00,17.1,8.0
2025-09-10 16:40:00,17.2,9.6
2025-09-10 16:40:00,125.1,12.0
2025-09-10 16:40:00,125.2,2.6
2025-09-10 16:40:00,0.0,0.0
2025-09-10 16:40:00,0.0,0.0
2025-09-10 16:40:00,104.1,0.0
2025-09-10 16:40:00,104.2,0.0
2025-09-10 16:40:00,119.1,0.0
2025-09-10 16:40:00,119.2,0.0
2025-09-10 16:40:00,64.1,0.0
2025-09-10 16:40:00,64.2,0.0
2025-09-10 16:40:00,29.1,0.0
2025-09-10 16:40:00,29.2,0.0
2025-09-10 16:40:00,53.1,0.0
2025-09-10 16:40:00,53.2,0.0
2025-09-10 16:40:00,77.1,0.0
2025-09-10 16:40:00,77.2,0.0
2025-09-10 16:40:00,37.1,0.0
2025-09-10 16:40:00,37.2,0.0
2025-09-10 16:40:00,70.1,9.2
2025-09-10 16:40:00,70.2,0.0
2025-09-10 16:40:00,28.1,10.4
2025-09-10 16:40:00,28.2,11.6
2025-09-10 16:40:00,0.1,0.0
2025-09-10 16:40:00,0.2,0.0
2025-09-10 16:40:00,25.1,0.0
2025-09-10 16:40:00,25.2,0.0
2025-09-10 16:40:00,301.1,6.8
2025-09-10 16:40:00,301.2,17.4
2025-09-10 16:40:00,304.1,12.4
2025-09-10 16:40:00,304.2,8.2
2025-09-10 16:40:00,22.1,268.4
2025-09-10 16:40:00,22.2,8.8
2025-09-10 16:40:00,4.1,10.8
2025-09-10 16:40:00,4.2,15.0
2025-09-10 16:40:00,12.1,9.6
2025-09-10 16:40:00,12.2,8.4
2025-09-10 16:40:00,99.1,12.2
2025-09-10 16:40:00,99.2,2.6
2025-09-10 16:40:00,56.1,7.0
2025-09-10 16:40:00,56.2,11.8
2025-09-10 16:40:00,122.1,7.0
2025-09-10 16:40:00,122.2,10.0
2025-09-10 16:40:00,55.1,12.4
2025-09-10 16:40:00,55.2,1.8
2025-09-10 16:40:00,83.1,1.2
2025-09-10 16:40:00,83.2,9.8
2025-09-10 16:40:00,97.1,1.0
2025-09-10 16:40:00,97.2,14.8
2025-09-10 16:40:00,84.1,12.0
2025-09-10 16:40:00,84.2,3.8
2025-09-10 16:40:00,305.1,8.2
2025-09-10 16:40:00,305.2,11.6
2025-09-10 16:40:00,2.1,44.0
2025-09-10 16:40:00,2.2,14.6
2025-09-10 16:40:00,45.1,11.2
2025-09-10 16:40:00,45.2,4.4
2025-09-10 16:40:00,0.0,0.0
2025-09-10 16:40:00,0.0,0.0
2025-09-10 16:40:00,0.0,0.0
2025-09-10 16:40:00,0.0,0.0
2025-09-10 16:40:00,0.0,0.0
2025-09-10 16:40:00,0.0,0.0
2025-09-10 16:40:00,0.0,0.0
2025-09-10 16:40:00,0.0,0.0
2025-09-10 16:40:00,0.0,0.0
2025-09-10 16:40:00,0.0,0.0
2025-09-10 16:40:00,0.0,0.0
2025-09-10 16:40:00,0.0,0.0
2025-09-10 16:40:00,0.0,0.0
2025-09-10 16:40:00,0.0,0.0
2025-09-10 16:40:00,0.0,0.0
2025-09-10 16:40:00,0.0,0.0
2025-09-10 16:40:00,0.0,0.0
2025-09-10 16:40:00,0.0,0.0
2025-09-10 16:40:00,0.0,0.0
2025-09-10 16:40:00,0.0,0.0
2025-09-10 16:40:00,0.0,0.0
2025-09-10 16:40:00,0.0,0.0
2025-09-10 16:40:00,0.0,0.0
2025-09-10 16:40:00,0.0,0.0
2025-09-10 16:40:00,0.0,0.0
2025-09-10 16:40:00,0.0,0.0
2025-09-10 16:40:00,0.0,0.0
2025-09-10 16:40:00,0.0,0.0
2025-09-10 16:40:05,0.0,2.0
2025-09-10 16:40:05,11.1,22.4
2025-09-10 16:40:05,11.2,30.2
2025-09-10 16:40:05,38.1,47.8
2025-09-10 16:40:05,38.2,36.4
2025-09-10 16:40:05,96.1,97.4
2025-09-10 16:40:05,96.2,64.2
2025-09-10 16:40:05,307.1,32.6
2025-09-10 16:40:05,307.2,0.0
2025-09-10 16:40:05,52.1,37.8
2025-09-10 16:40:05,52.2,0.0
2025-09-10 16:40:05,102.1,23.8
2025-09-10 16:40:05,102.2,0.0
2025-09-10 16:40:05,124.2,0.0
2025-09-10 16:40:05,124.1,24.2
2025-09-10 16:40:05,48.2,7.0
2025-09-10 16:40:05,48.1,25.6
2025-09-10 16:40:05,75.2,0.0
2025-09-10 16:40:05,75.1,5.4
2025-09-10 16:40:05,109.2,2.0
2025-09-10 16:40:05,109.1,5.0
2025-09-10 16:40:05,123.2,8.6
2025-09-10 16:40:05,123.1,4.8
2025-09-10 16:40:05,26.1,12.6
2025-09-10 16:40:05,26.2,6.6
2025-09-10 16:40:05,66.1,10.4
2025-09-10 16:40:05,66.2,5.0
2025-09-10 16:40:05,10.1,9.8
2025-09-10 16:40:05,10.2,10.0
2025-09-10 16:40:05,58.1,0.0
2025-09-10 16:40:05,58.2,0.0
2025-09-10 16:40:05,306.1,11.2
2025-09-10 16:40:05,306.2,7.6
2025-09-10 16:40:05,9.1,8.4
2025-09-10 16:40:05,9.2,0.0
2025-09-10 16:40:05,57.1,14.4
2025-09-10 16:40:05,57.2,2.8
2025-09-10 16:40:05,79.1,8.8
2025-09-10 16:40:05,79.2,14.6
2025-09-10 16:40:05,116.1,10.0
2025-09-10 16:40:05,116.2,14.6
2025-09-10 16:40:05,13.1,6.8
2025-09-10 16:40:05,13.2,9.8
2025-09-10 16:40:05,76.1,12.6
2025-09-10 16:40:05,76.2,7.4
2025-09-10 16:40:05,17.1,11.2
2025-09-10 16:40:05,17.2,9.8
2025-09-10 16:40:05,125.1,12.6
2025-09-10 16:40:05,125.2,4.6
2025-09-10 16:40:05,0.0,0.0
2025-09-10 16:40:05,0.0,0.0
2025-09-10 16:40:05,104.1,0.0
2025-09-10 16:40:05,104.2,0.0
2025-09-10 16:40:05,119.1,0.0
2025-09-10 16:40:05,119.2,0.0
2025-09-10 16:40:05,64.1,0.0
2025-09-10 16:40:05,64.2,0.0
2025-09-10 16:40:05,29.1,0.0
2025-09-10 16:40:05,29.2,0.0
2025-09-10 16:40:05,53.1,0.0
2025-09-10 16:40:05,53.2,0.0
2025-09-10 16:40:05,77.1,0.0
2025-09-10 16:40:05,77.2,0.0
2025-09-10 16:40:05,37.1,0.0
2025-09-10 16:40:05,37.2,0.0
2025-09-10 16:40:05,70.1,10.2
2025-09-10 16:40:05,70.2,0.0
2025-09-10 16:40:05,28.1,8.8
2025-09-10 16:40:05,28.2,13.4
2025-09-10 16:40:05,0.1,0.0
2025-09-10 16:40:05,0.2,0.0
2025-09-10 16:40:05,25.1,0.0
2025-09-10 16:40:05,25.2,0.0
2025-09-10 16:40:05,301.1,6.6
2025-09-10 16:40:05,301.2,14.4
2025-09-10 16:40:05,304.1,13.0
2025-09-10 16:40:05,304.2,8.6
2025-09-10 16:40:05,22.1,232.2
2025-09-10 16:40:05,22.2,7.6
2025-09-10 16:40:05,4.1,12.0
2025-09-10 16:40:05,4.2,10.6
2025-09-10 16:40:05,12.1,11.8
2025-09-10 16:40:05,12.2,7.6
2025-09-10 16:40:05,99.1,14.4
2025-09-10 16:40:05,99.2,3.2
2025-09-10 16:40:05,56.1,11.6
2025-09-10 16:40:05,56.2,12.4
2025-09-10 16:40:05,122.1,5.2
2025-09-10 16:40:05,122.2,11.2
2025-09-10 16:40:05,55.1,14.2
2025-09-10 16:40:05,55.2,1.8
2025-09-10 16:40:05,83.1,1.4
2025-09-10 16:40:05,83.2,7.6
2025-09-10 16:40:05,97.1,1.6
2025-09-10 16:40:05,97.2,14.0
2025-09-10 16:40:05,84.1,13.8
2025-09-10 16:40:05,84.2,5.8
2025-09-10 16:40:05,305.1,10.2
2025-09-10 16:40:05,305.2,12.4
2025-09-10 16:40:05,2.1,45.0
2025-09-10 16:40:05,2.2,13.6
2025-09-10 16:40:05,45.1,11.4
2025-09-10 16:40:05,45.2,5.2
2025-09-10 16:40:05,0.0,0.0
2025-09-10 16:40:05,0.0,0.0
2025-09-10 16:40:05,0.0,0.0
2025-09-10 16:40:05,0.0,0.0
2025-09-10 16:40:05,0.0,0.0
2025-09-10 16:40:05,0.0,0.0
2025-09-10 16:40:05,0.0,0.0
2025-09-10 16:40:05,0.0,0.0
2025-09-10 16:40:05,0.0,0.0
2025-09-10 16:40:05,0.0,0.0
2025-09-10 16:40:05,0.0,0.0
2025-09-10 16:40:05,0.0,0.0
2025-09-10 16:40:05,0.0,0.0
2025-09-10 16:40:05,0.0,0.0
2025-09-10 16:40:05,0.0,0.0
2025-09-10 16:40:05,0.0,0.0
2025-09-10 16:40:05,0.0,0.0
2025-09-10 16:40:05,0.0,0.0
2025-09-10 16:40:05,0.0,0.0
2025-09-10 16:40:05,0.0,0.0
2025-09-10 16:40:05,0.0,0.0
2025-09-10 16:40:05,0.0,0.0
2025-09-10 16:40:05,0.0,0.0
2025-09-10 16:40:05,0.0,0.0
2025-09-10 16:40:05,0.0,0.0
2025-09-10 16:40:05,0.0,0.0
2025-09-10 16:40:05,0.0,0.0
2025-09-10 16:40:05,0.0,0.0
2025-09-10 16:40:10,0.0,2.0
2025-09-10 16:40:10,11.1,21.8
2025-09-10 16:40:10,11.2,26.8
2025-09-10 16:40:10,38.1,50.8
2025-09-10 16:40:10,38.2,31.6
2025-09-10 16:40:10,96.1,106.4
2025-09-10 16:40:10,96.2,64.2
2025-09-10 16:40:10,307.1,34.4
2025-09-10 16:40:10,307.2,0.0
2025-09-10 16:40:10,52.1,36.4
2025-09-10 16:40:10,52.2,0.0
2025-09-10 16:40:10,102.1,28.4
2025-09-10 16:40:10,102.2,0.0
2025-09-10 16:40:10,124.2,0.0
2025-09-10 16:40:10,124.1,22.2
2025-09-10 16:40:10,48.2,9.4
2025-09-10 16:40:10,48.1,29.2
2025-09-10 16:40:10,75.2,0.0
2025-09-10 16:40:10,75.1,5.6
2025-09-10 16:40:10,109.2,2.4
2025-09-10 16:40:10,109.1,2.4
2025-09-10 16:40:10,123.2,6.2
2025-09-10 16:40:10,123.1,3.0
2025-09-10 16:40:10,26.1,11.0
2025-09-10 16:40:10,26.2,8.6
2025-09-10 16:40:10,66.1,10.6
2025-09-10 16:40:10,66.2,5.0
2025-09-10 16:40:10,10.1,13.0
2025-09-10 16:40:10,10.2,7.8
2025-09-10 16:40:10,58.1,0.0
2025-09-10 16:40:10,58.2,0.0
2025-09-10 16:40:10,306.1,10.2
2025-09-10 16:40:10,306.2,6.4
2025-09-10 16:40:10,9.1,6.6
2025-09-10 16:40:10,9.2,0.2
2025-09-10 16:40:10,57.1,16.2
2025-09-10 16:40:10,57.2,3.6
2025-09-10 16:40:10,79.1,10.0
2025-09-10 16:40:10,79.2,12.4
2025-09-10 16:40:10,116.1,12.2
2025-09-10 16:40:10,116.2,11.4
2025-09-10 16:40:10,13.1,8.0
2025-09-10 16:40:10,13.2,10.0
2025-09-10 16:40:10,76.1,12.2
2025-09-10 16:40:10,76.2,8.2
2025-09-10 16:40:10,17.1,9.0
2025-09-10 16:40:10,17.2,9.2
2025-09-10 16:40:10,125.1,12.4
2025-09-10 16:40:10,125.2,3.8
2025-09-10 16:40:10,0.0,0.0
2025-09-10 16:40:10,0.0,0.0
2025-09-10 16:40:10,104.1,0.0
2025-09-10 16:40:10,104.2,0.0
2025-09-10 16:40:10,119.1,0.0
2025-09-10 16:40:10,119.2,0.0
2025-09-10 16:40:10,64.1,0.0
2025-09-10 16:40:10,64.2,0.0
2025-09-10 16:40:10,29.1,0.0
2025-09-10 16:40:10,29.2,0.0
2025-09-10 16:40:10,53.1,0.0
2025-09-10 16:40:10,53.2,0.0
2025-09-10 16:40:10,77.1,0.0
2025-09-10 16:40:10,77.2,0.0
2025-09-10 16:40:10,37.1,0.0
2025-09-10 16:40:10,37.2,0.0
2025-09-10 16:40:10,70.1,9.2
2025-09-10 16:40:10,70.2,0.0
2025-09-10 16:40:10,28.1,7.4
2025-09-10 16:40:10,28.2,13.6
2025-09-10 16:40:10,0.1,0.0
2025-09-10 16:40:10,0.2,0.0
2025-09-10 16:40:10,25.1,0.0
2025-09-10 16:40:10,25.2,0.0
2025-09-10 16:40:10,301.1,8.2
2025-09-10 16:40:10,301.2,16.6
2025-09-10 16:40:10,304.1,13.6
2025-09-10 16:40:10,304.2,9.2
2025-09-10 16:40:10,22.1,300.2
2025-09-10 16:40:10,22.2,10.0
2025-09-10 16:40:10,4.1,10.4
2025-09-10 16:40:10,4.2,11.2
2025-09-10 16:40:10,12.1,11.6
2025-09-10 16:40:10,12.2,10.4
2025-09-10 16:40:10,99.1,12.6
2025-09-10 16:40:10,99.2,3.2
2025-09-10 16:40:10,56.1,9.2
2025-09-10 16:40:10,56.2,14.0
2025-09-10 16:40:10,122.1,5.0
2025-09-10 16:40:10,122.2,7.2
2025-09-10 16:40:10,55.1,12.0
2025-09-10 16:40:10,55.2,1.6
2025-09-10 16:40:10,83.1,1.6
2025-09-10 16:40:10,83.2,7.2
2025-09-10 16:40:10,97.1,1.0
2025-09-10 16:40:10,97.2,12.8
2025-09-10 16:40:10,84.1,14.6
2025-09-10 16:40:10,84.2,5.6
2025-09-10 16:40:10,305.1,8.6
2025-09-10 16:40:10,305.2,13.2
2025-09-10 16:40:10,2.1,44.4
2025-09-10 16:40:10,2.2,12.8
2025-09-10 16:40:10,45.1,12.0
2025-09-10 16:40:10,45.2,4.2
2025-09-10 16:40:10,0.0,0.0
2025-09-10 16:40:10,0.0,0.0
2025-09-10 16:40:10,0.0,0.0
2025-09-10 16:40:10,0.0,0.0
2025-09-10 16:40:10,0.0,0.0
2025-09-10 16:40:10,0.0,0.0
2025-09-10 16:40:10,0.0,0.0
2025-09-10 16:40:10,0.0,0.0
2025-09-10 16:40:10,0.0,0.0
2025-09-10 16:40:10,0.0,0.0
2025-09-10 16:40:10,0.0,0.0
2025-09-10 16:40:10,0.0,0.0
2025-09-10 16:40:10,0.0,0.0
2025-09-10 16:40:10,0.0,0.0
2025-09-10 16:40:10,0.0,0.0
2025-09-10 16:40:10,0.0,0.0
2025-09-10 16:40:10,0.0,0.0
2025-09-10 16:40:10,0.0,0.0
2025-09-10 16:40:10,0.0,0.0
2025-09-10 16:40:10,0.0,0.0
2025-09-10 16:40:10,0.0,0.0
2025-09-10 16:40:10,0.0,0.0
2025-09-10 16:40:10,0.0,0.0
2025-09-10 16:40:10,0.0,0.0
2025-09-10 16:40:10,0.0,0.0
2025-09-10 16:40:10,0.0,0.0
2025-09-10 16:40:10,0.0,0.0
2025-09-10 16:40:10,0.0,0.0
2025-09-10 16:40:15,0.0,2.0
2025-09-10 16:40:15,11.1,21.6
2025-09-10 16:40:15,11.2,26.0
2025-09-10 16:40:15,38.1,46.8
2025-09-10 16:40:15,38.2,37.8
2025-09-10 16:40:15,96.1,102.6
2025-09-10 16:40:15,96.2,63.6
2025-09-10 16:40:15,307.1,34.8
2025-09-10 16:40:15,307.2,0.0
2025-09-10 16:40:15,52.1,34.2
2025-09-10 16:40:15,52.2,0.0
2025-09-10 16:40:15,102.1,23.8
2025-09-10 16:40:15,102.2,0.0
2025-09-10 16:40:15,124.2,0.0
2025-09-10 16:40:15,124.1,22.2
2025-09-10 16:40:15,48.2,9.4
2025-09-10 16:40:15,48.1,28.4
2025-09-10 16:40:15,75.2,0.0
2025-09-10 16:40:15,75.1,6.2
2025-09-10 16:40:15,109.2,2.2
2025-09-10 16:40:15,109.1,1.6
2025-09-10 16:40:15,123.2,6.2
2025-09-10 16:40:15,123.1,4.0
2025-09-10 16:40:15,26.1,11.0
2025-09-10 16:40:15,26.2,9.4
2025-09-10 16:40:15,66.1,12.4
2025-09-10 16:40:15,66.2,4.8
2025-09-10 16:40:15,10.1,13.0
2025-09-10 16:40:15,10.2,9.4
2025-09-10 16:40:15,58.1,0.0
2025-09-10 16:40:15,58.2,0.0
2025-09-10 16:40:15,306.1,11.6
2025-09-10 16:40:15,306.2,5.4
2025-09-10 16:40:15,9.1,9.8
2025-09-10 16:40:15,9.2,0.0
2025-09-10 16:40:15,57.1,16.4
2025-09-10 16:40:15,57.2,4.0
2025-09-10 16:40:15,79.1,7.6
2025-09-10 16:40:15,79.2,13.2
2025-09-10 16:40:15,116.1,11.8
2025-09-10 16:40:15,116.2,12.6
2025-09-10 16:40:15,13.1,5.4
2025-09-10 16:40:15,13.2,12.2
2025-09-10 16:40:15,76.1,10.0
2025-09-10 16:40:15,76.2,7.8
2025-09-10 16:40:15,17.1,10.6
2025-09-10 16:40:15,17.2,14.2
2025-09-10 16:40:15,125.1,13.2
2025-09-10 16:40:15,125.2,3.0
2025-09-10 16:40:15,0.0,0.0
2025-09-10 16:40:15,0.0,0.0
2025-09-10 16:40:15,104.1,0.0
2025-09-10 16:40:15,104.2,0.0
2025-09-10 16:40:15,119.1,0.0
2025-09-10 16:40:15,119.2,0.0
2025-09-10 16:40:15,64.1,0.0
2025-09-10 16:40:15,64.2,0.0
2025-09-10 16:40:15,29.1,0.0
2025-09-10 16:40:15,29.2,0.0
2025-09-10 16:40:15,53.1,0.0
2025-09-10 16:40:15,53.2,0.0
2025-09-10 16:40:15,77.1,0.0
2025-09-10 16:40:15,77.2,0.0
2025-09-10 16:40:15,37.1,0.0
2025-09-10 16:40:15,37.2,0.0
2025-09-10 16:40:15,70.1,9.6
2025-09-10 16:40:15,70.2,0.0
2025-09-10 16:40:15,28.1,8.8
2025-09-10 16:40:15,28.2,13.8
2025-09-10 16:40:15,0.1,0.0
2025-09-10 16:40:15,0.2,0.0
2025-09-10 16:40:15,25.1,0.0
2025-09-10 16:40:15,25.2,0.0
2025-09-10 16:40:15,301.1,6.2
2025-09-10 16:40:15,301.2,15.6
2025-09-10 16:40:15,304.1,12.8
2025-09-10 16:40:15,304.2,7.0
2025-09-10 16:40:15,22.1,256.8
2025-09-10 16:40:15,22.2,8.4
2025-09-10 16:40:15,4.1,10.0
2025-09-10 16:40:15,4.2,12.0
2025-09-10 16:40:15,12.1,12.4
2025-09-10 16:40:15,12.2,6.4
2025-09-10 16:40:15,99.1,12.2
2025-09-10 16:40:15,99.2,2.8
2025-09-10 16:40:15,56.1,12.0
2025-09-10 16:40:15,56.2,14.2
2025-09-10 16:40:15,122.1,4.2
2025-09-10 16:40:15,122.2,10.2
2025-09-10 16:40:15,55.1,13.0
2025-09-10 16:40:15,55.2,2.6
2025-09-10 16:40:15,83.1,1.8
2025-09-10 16:40:15,83.2,11.2
2025-09-10 16:40:15,97.1,0.8
2025-09-10 16:40:15,97.2,12.8
2025-09-10 16:40:15,84.1,12.2
2025-09-10 16:40:15,84.2,3.6
2025-09-10 16:40:15,305.1,9.2
2025-09-10 16:40:15,305.2,9.4
2025-09-10 16:40:15,2.1,46.0
2025-09-10 16:40:15,2.2,13.0
2025-09-10 16:40:15,45.1,12.0
2025-09-10 16:40:15,45.2,5.0
2025-09-10 16:40:15,0.0,0.0
2025-09-10 16:40:15,0.0,0.0
2025-09-10 16:40:15,0.0,0.0
2025-09-10 16:40:15,0.0,0.0
2025-09-10 16:40:15,0.0,0.0
2025-09-10 16:40:15,0.0,0.0
2025-09-10 16:40:15,0.0,0.0
2025-09-10 16:40:15,0.0,0.0
2025-09-10 16:40:15,0.0,0.0
2025-09-10 16:40:15,0.0,0.0
2025-09-10 16:40:15,0.0,0.0
2025-09-10 16:40:15,0.0,0.0
2025-09-10 16:40:15,0.0,0.0
2025-09-10 16:40:15,0.0,0.0
2025-09-10 16:40:15,0.0,0.0
2025-09-10 16:40:15,0.0,0.0
2025-09-10 16:40:15,0.0,0.0
2025-09-10 16:40:15,0.0,0.0
2025-09-10 16:40:15,0.0,0.0
2025-09-10 16:40:15,0.0,0.0
2025-09-10 16:40:15,0.0,0.0
2025-09-10 16:40:15,0.0,0.0
2025-09-10 16:40:15,0.0,0.0
2025-09-10 16:40:15,0.0,0.0
2025-09-10 16:40:15,0.0,0.0
2025-09-10 16:40:15,0.0,0.0
2025-09-10 16:40:15,0.0,0.0
2025-09-10 16:40:15,0.0,0.0
2025-09-10 16:40:20,0.0,2.0
2025-09-10 16:40:20,11.1,19.6
2025-09-10 16:40:20,11.2,28.8
2025-09-10 16:40:20,38.1,63.2
2025-09-10 16:40:20,38.2,34.0
2025-09-10 16:40:20,96.1,97.0
2025-09-10 16:40:20,96.2,67.8
2025-09-10 16:40:20,307.1,33.4
2025-09-10 16:40:20,307.2,0.0
2025-09-10 16:40:20,52.1,33.8
2025-09-10 16:40:20,52.2,0.0
2025-09-10 16:40:20,102.1,30.4
2025-09-10 16:40:20,102.2,0.0
2025-09-10 16:40:20,124.2,0.0
2025-09-10 16:40:20,124.1,26.0
2025-09-10 16:40:20,48.2,9.0
2025-09-10 16:40:20,48.1,24.2
2025-09-10 16:40:20,75.2,0.0
2025-09-10 16:40:20,75.1,4.4
2025-09-10 16:40:20,109.2,2.2
2025-09-10 16:40:20,109.1,3.8
2025-09-10 16:40:20,123.2,5.6
2025-09-10 16:40:20,123.1,3.4
2025-09-10 16:40:20,26.1,12.2
2025-09-10 16:40:20,26.2,8.4
2025-09-10 16:40:20,66.1,10.2
2025-09-10 16:40:20,66.2,6.8
2025-09-10 16:40:20,10.1,9.2
2025-09-10 16:40:20,10.2,9.6
2025-09-10 16:40:20,58.1,0.0
2025-09-10 16:40:20,58.2,0.0
2025-09-10 16:40:20,306.1,7.6
2025-09-10 16:40:20,306.2,7.4
2025-09-10 16:40:20,9.1,8.4
2025-09-10 16:40:20,9.2,0.0
2025-09-10 16:40:20,57.1,15.6
2025-09-10 16:40:20,57.2,1.6
2025-09-10 16:40:20,79.1,9.4
2025-09-10 16:40:20,79.2,8.6
2025-09-10 16:40:20,116.1,11.6
2025-09-10 16:40:20,116.2,12.2
2025-09-10 16:40:20,13.1,9.4
2025-09-10 16:40:20,13.2,9.4
2025-09-10 16:40:20,76.1,11.4
2025-09-10 16:40:20,76.2,7.6
2025-09-10 16:40:20,17.1,13.0
2025-09-10 16:40:20,17.2,9.0
2025-09-10 16:40:20,125.1,11.0
2025-09-10 16:40:20,125.2,4.4
2025-09-10 16:40:20,0.0,0.0
2025-09-10 16:40:20,0.0,0.0
2025-09-10 16:40:20,104.1,0.0
2025-09-10 16:40:20,104.2,0.0
2025-09-10 16:40:20,119.1,0.0
2025-09-10 16:40:20,119.2,0.0
2025-09-10 16:40:20,64.1,0.0
2025-09-10 16:40:20,64.2,0.0
2025-09-10 16:40:20,29.1,0.0
2025-09-10 16:40:20,29.2,0.0
2025-09-10 16:40:20,53.1,0.0
2025-09-10 16:40:20,53.2,0.0
2025-09-10 16:40:20,77.1,0.0
2025-09-10 16:40:20,77.2,0.0
2025-09-10 16:40:20,37.1,0.0
2025-09-10 16:40:20,37.2,0.0
2025-09-10 16:40:20,70.1,8.2
2025-09-10 16:40:20,70.2,0.0
2025-09-10 16:40:20,28.1,7.2
2025-09-10 16:40:20,28.2,15.4
2025-09-10 16:40:20,0.1,0.0
2025-09-10 16:40:20,0.2,0.0
2025-09-10 16:40:20,25.1,0.0
2025-09-10 16:40:20,25.2,0.0
2025-09-10 16:40:20,301.1,7.2
2025-09-10 16:40:20,301.2,13.4
2025-09-10 16:40:20,304.1,13.6
2025-09-10 16:40:20,304.2,7.0
2025-09-10 16:40:20,22.1,238.2
2025-09-10 16:40:20,22.2,7.8
2025-09-10 16:40:20,4.1,10.0
2025-09-10 16:40:20,4.2,15.4
2025-09-10 16:40:20,12.1,7.8
2025-09-10 16:40:20,12.2,8.4
2025-09-10 16:40:20,99.1,13.2
2025-09-10 16:40:20,99.2,3.8
2025-09-10 16:40:20,56.1,14.6
2025-09-10 16:40:20,56.2,11.6
2025-09-10 16:40:20,122.1,6.0
2025-09-10 16:40:20,122.2,9.2
2025-09-10 16:40:20,55.1,11.4
2025-09-10 16:40:20,55.2,1.4
2025-09-10 16:40:20,83.1,1.4
2025-09-10 16:40:20,83.2,9.8
2025-09-10 16:40:20,97.1,0.6
2025-09-10 16:40:20,97.2,10.8
2025-09-10 16:40:20,84.1,13.4
2025-09-10 16:40:20,84.2,5.6
2025-09-10 16:40:20,305.1,10.8
2025-09-10 16:40:20,305.2,11.0
2025-09-10 16:40:20,2.1,48.8
2025-09-10 16:40:20,2.2,13.6
2025-09-10 16:40:20,45.1,10.2
2025-09-10 16:40:20,45.2,6.0
2025-09-10 16:40:20,0.0,0.0
2025-09-10 16:40:20,0.0,0.0
2025-09-10 16:40:20,0.0,0.0
2025-09-10 16:40:20,0.0,0.0
2025-09-10 16:40:20,0.0,0.0
2025-09-10 16:40:20,0.0,0.0
2025-09-10 16:40:20,0.0,0.0
2025-09-10 16:40:20,0.0,0.0
2025-09-10 16:40:20,0.0,0.0
2025-09-10 16:40:20,0.0,0.0
2025-09-10 16:40:20,0.0,0.0
2025-09-10 16:40:20,0.0,0.0
2025-09-10 16:40:20,0.0,0.0
2025-09-10 16:40:20,0.0,0.0
2025-09-10 16:40:20,0.0,0.0
2025-09-10 16:40:20,0.0,0.0
2025-09-10 16:40:20,0.0,0.0
2025-09-10 16:40:20,0.0,0.0
2025-09-10 16:40:20,0.0,0.0
2025-09-10 16:40:20,0.0,0.0
2025-09-10 16:40:20,0.0,0.0
2025-09-10 16:40:20,0.0,0.0
2025-09-10 16:40:20,0.0,0.0
2025-09-10 16:40:20,0.0,0.0
2025-09-10 16:40:20,0.0,0.0
2025-09-10 16:40:20,0.0,0.0
2025-09-10 16:40:20,0.0,0.0
2025-09-10 16:40:20,0.0,0.0
2025-09-10 16:40:25,0.0,2.0
2025-09-10 16:40:25,11.1,19.6
2025-09-10 16:40:25,11.2,28.2
2025-09-10 16:40:25,38.1,60.2
2025-09-10 16:40:25,38.2,31.6
2025-09-10 16:40:25,96.1,106.2
2025-09-10 16:40:25,96.2,70.4
2025-09-10 16:40:25,307.1,34.2
2025-09-10 16:40:25,307.2,0.0
2025-09-10 16:40:25,52.1,35.6
2025-09-10 16:40:25,52.2,0.0
2025-09-10 16:40:25,102.1,25.4
2025-09-10 16:40:25,102.2,0.0
2025-09-10 16:40:25,124.2,0.0
2025-09-10 16:40:25,124.1,23.0
2025-09-10 16:40:25,48.2,10.6
2025-09-10 16:40:25,48.1,23.4
2025-09-10 16:40:25,75.2,0.0
2025-09-10 16:40:25,75.1,6.4
2025-09-10 16:40:25,109.2,2.8
2025-09-10 16:40:25,109.1,4.4
2025-09-10 16:40:25,123.2,6.6
2025-09-10 16:40:25,123.1,6.4
2025-09-10 16:40:25,26.1,11.6
2025-09-10 16:40:25,26.2,9.0
2025-09-10 16:40:25,66.1,12.0
2025-09-10 16:40:25,66.2,6.4
2025-09-10 16:40:25,10.1,11.4
2025-09-10 16:40:25,10.2,7.8
2025-09-10 16:40:25,58.1,0.0
2025-09-10 16:40:25,58.2,0.0
2025-09-10 16:40:25,306.1,7.4
2025-09-10 16:40:25,306.2,5.8
2025-09-10 16:40:25,9.1,7.8
2025-09-10 16:40:25,9.2,0.0
2025-09-10 16:40:25,57.1,16.0
2025-09-10 16:40:25,57.2,3.2
2025-09-10 16:40:25,79.1,8.8
2025-09-10 16:40:25,79.2,10.2
2025-09-10 16:40:25,116.1,14.2
2025-09-10 16:40:25,116.2,14.0
2025-09-10 16:40:25,13.1,6.6
2025-09-10 16:40:25,13.2,14.4
2025-09-10 16:40:25,76.1,12.0
2025-09-10 16:40:25,76.2,9.4
2025-09-10 16:40:25,17.1,8.4
2025-09-10 16:40:25,17.2,9.4
2025-09-10 16:40:25,125.1,10.0
2025-09-10 16:40:25,125.2,5.8
2025-09-10 16:40:25,0.0,0.0
2025-09-10 16:40:25,0.0,0.0
2025-09-10 16:40:25,104.1,0.0
2025-09-10 16:40:25,104.2,0.0
2025-09-10 16:40:25,119.1,0.0
2025-09-10 16:40:25,119.2,0.0
2025-09-10 16:40:25,64.1,0.0
2025-09-10 16:40:25,64.2,0.0
2025-09-10 16:40:25,29.1,0.0
2025-09-10 16:40:25,29.2,0.0
2025-09-10 16:40:25,53.1,0.0
2025-09-10 16:40:25,53.2,0.0
2025-09-10 16:40:25,77.1,0.0
2025-09-10 16:40:25,77.2,0.0
2025-09-10 16:40:25,37.1,0.0
2025-09-10 16:40:25,37.2,0.0
2025-09-10 16:40:25,70.1,8.8
2025-09-10 16:40:25,70.2,0.0
2025-09-10 16:40:25,28.1,7.6
2025-09-10 16:40:25,28.2,11.0
2025-09-10 16:40:25,0.1,0.0
2025-09-10 16:40:25,0.2,0.0
2025-09-10 16:40:25,25.1,0.0
2025-09-10 16:40:25,25.2,0.0
2025-09-10 16:40:25,301.1,3.6
2025-09-10 16:40:25,301.2,12.8
2025-09-10 16:40:25,304.1,13.8
2025-09-10 16:40:25,304.2,11.0
2025-09-10 16:40:25,22.1,206.6
2025-09-10 16:40:25,22.2,6.8
2025-09-10 16:40:25,4.1,11.4
2025-09-10 16:40:25,4.2,11.2
2025-09-10 16:40:25,12.1,10.2
2025-09-10 16:40:25,12.2,6.6
2025-09-10 16:40:25,99.1,13.4
2025-09-10 16:40:25,99.2,2.6
2025-09-10 16:40:25,56.1,11.6
2025-09-10 16:40:25,56.2,15.0
2025-09-10 16:40:25,122.1,5.8
2025-09-10 16:40:25,122.2,10.6
2025-09-10 16:40:25,55.1,13.2
2025-09-10 16:40:25,55.2,2.2
2025-09-10 16:40:25,83.1,2.2
2025-09-10 16:40:25,83.2,9.8
2025-09-10 16:40:25,97.1,1.0
2025-09-10 16:40:25,97.2,11.4
2025-09-10 16:40:25,84.1,13.8
2025-09-10 16:40:25,84.2,3.8
2025-09-10 16:40:25,305.1,8.8
2025-09-10 16:40:25,305.2,9.0
2025-09-10 16:40:25,2.1,39.2
2025-09-10 16:40:25,2.2,16.6
2025-09-10 16:40:25,45.1,10.4
2025-09-10 16:40:25,45.2,4.8
2025-09-10 16:40:25,0.0,0.0
2025-09-10 16:40:25,0.0,0.0
2025-09-10 16:40:25,0.0,0.0
2025-09-10 16:40:25,0.0,0.0
2025-09-10 16:40:25,0.0,0.0
2025-09-10 16:40:25,0.0,0.0
2025-09-10 16:40:25,0.0,0.0
2025-09-10 16:40:25,0.0,0.0
2025-09-10 16:40:25,0.0,0.0
2025-09-10 16:40:25,0.0,0.0
2025-09-10 16:40:25,0.0,0.0
2025-09-10 16:40:25,0.0,0.0
2025-09-10 16:40:25,0.0,0.0
2025-09-10 16:40:25,0.0,0.0
2025-09-10 16:40:25,0.0,0.0
2025-09-10 16:40:25,0.0,0.0
2025-09-10 16:40:25,0.0,0.0
2025-09-10 16:40:25,0.0,0.0
2025-09-10 16:40:25,0.0,0.0
2025-09-10 16:40:25,0.0,0.0
2025-09-10 16:40:25,0.0,0.0
2025-09-10 16:40:25,0.0,0.0
2025-09-10 16:40:25,0.0,0.0
2025-09-10 16:40:25,0.0,0.0
2025-09-10 16:40:25,0.0,0.0
2025-09-10 16:40:25,0.0,0.0
2025-09-10 16:40:25,0.0,0.0
2025-09-10 16:40:25,0.0,0.0
2025-09-10 16:40:30,0.0,2.0
2025-09-10 16:40:30,11.1,20.2
2025-09-10 16:40:30,11.2,26.8
2025-09-10 16:40:30,38.1,54.2
2025-09-10 16:40:30,38.2,39.6
2025-09-10 16:40:30,96.1,95.8
2025-09-10 16:40:30,96.2,78.8
2025-09-10 16:40:30,307.1,33.0
2025-09-10 16:40:30,307.2,0.0
2025-09-10 16:40:30,52.1,32.6
2025-09-10 16:40:30,52.2,0.0
2025-09-10 16:40:30,102.1,24.2
2025-09-10 16:40:30,102.2,0.0
2025-09-10 16:40:30,124.2,0.0
2025-09-10 16:40:30,124.1,22.4
2025-09-10 16:40:30,48.2,8.6
2025-09-10 16:40:30,48.1,25.8
2025-09-10 16:40:30,75.2,0.0
2025-09-10 16:40:30,75.1,5.8
2025-09-10 16:40:30,109.2,1.8
2025-09-10 16:40:30,109.1,2.8
2025-09-10 16:40:30,123.2,7.6
2025-09-10 16:40:30,123.1,4.2
2025-09-10 16:40:30,26.1,13.4
2025-09-10 16:40:30,26.2,9.6
2025-09-10 16:40:30,66.1,11.6
2025-09-10 16:40:30,66.2,4.6
2025-09-10 16:40:30,10.1,11.6
2025-09-10 16:40:30,10.2,9.4
2025-09-10 16:40:30,58.1,0.0
2025-09-10 16:40:30,58.2,0.0
2025-09-10 16:40:30,306.1,11.4
2025-09-10 16:40:30,306.2,6.0
2025-09-10 16:40:30,9.1,8.6
2025-09-10 16:40:30,9.2,0.0
2025-09-10 16:40:30,57.1,13.4
2025-09-10 16:40:30,57.2,4.6
2025-09-10 16:40:30,79.1,9.2
2025-09-10 16:40:30,79.2,12.4
2025-09-10 16:40:30,116.1,10.0
2025-09-10 16:40:30,116.2,13.8
2025-09-10 16:40:30,13.1,6.8
2025-09-10 16:40:30,13.2,9.0
2025-09-10 16:40:30,76.1,14.0
2025-09-10 16:40:30,76.2,6.6
2025-09-10 16:40:30,17.1,13.4
2025-09-10 16:40:30,17.2,8.4
2025-09-10 16:40:30,125.1,13.4
2025-09-10 16:40:30,125.2,3.0
2025-09-10 16:40:30,0.0,0.0
2025-09-10 16:40:30,0.0,0.0
2025-09-10 16:40:30,104.1,0.0
2025-09-10 16:40:30,104.2,0.0
2025-09-10 16:40:30,119.1,0.0
2025-09-10 16:40:30,119.2,0.0
2025-09-10 16:40:30,64.1,0.0
2025-09-10 16:40:30,64.2,0.0
2025-09-10 16:40:30,29.1,0.0
2025-09-10 16:40:30,29.2,0.0
2025-09-10 16:40:30,53.1,0.0
2025-09-10 16:40:30,53.2,0.0
2025-09-10 16:40:30,77.1,0.0
2025-09-10 16:40:30,77.2,0.0
2025-09-10 16:40:30,37.1,0.0
2025-09-10 16:40:30,37.2,0.0
2025-09-10 16:40:30,70.1,8.0
2025-09-10 16:40:30,70.2,0.0
2025-09-10 16:40:30,28.1,5.8
2025-09-10 16:40:30,28.2,12.0
2025-09-10 16:40:30,0.1,0.0
2025-09-10 16:40:30,0.2,0.0
2025-09-10 16:40:30,25.1,0.0
2025-09-10 16:40:30,25.2,0.0
2025-09-10 16:40:30,301.1,5.4
2025-09-10 16:40:30,301.2,16.6
2025-09-10 16:40:30,304.1,11.0
2025-09-10 16:40:30,304.2,7.2
2025-09-10 16:40:30,22.1,262.8
2025-09-10 16:40:30,22.2,8.8
2025-09-10 16:40:30,4.1,13.0
2025-09-10 16:40:30,4.2,14.8
2025-09-10 16:40:30,12.1,10.2
2025-09-10 16:40:30,12.2,7.6
2025-09-10 16:40:30,99.1,11.8
2025-09-10 16:40:30,99.2,4.6
2025-09-10 16:40:30,56.1,11.6
2025-09-10 16:40:30,56.2,12.6
2025-09-10 16:40:30,122.1,6.4
2025-09-10 16:40:30,122.2,11.2
2025-09-10 16:40:30,55.1,12.0
2025-09-10 16:40:30,55.2,1.0
2025-09-10 16:40:30,83.1,2.8
2025-09-10 16:40:30,83.2,8.2
2025-09-10 16:40:30,97.1,1.2
2025-09-10 16:40:30,97.2,11.8
2025-09-10 16:40:30,84.1,14.6
2025-09-10 16:40:30,84.2,6.6
2025-09-10 16:40:30,305.1,10.4
2025-09-10 16:40:30,305.2,10.0
2025-09-10 16:40:30,2.1,41.4
2025-09-10 16:40:30,2.2,14.6
2025-09-10 16:40:30,45.1,8.4
2025-09-10 16:40:30,45.2,7.2
2025-09-10 16:40:30,0.0,0.0
2025-09-10 16:40:30,0.0,0.0
2025-09-10 16:40:30,0.0,0.0
2025-09-10 16:40:30,0.0,0.0
2025-09-10 16:40:30,0.0,0.0
2025-09-10 16:40:30,0.0,0.0
2025-09-10 16:40:30,0.0,0.0
2025-09-10 16:40:30,0.0,0.0
2025-09-10 16:40:30,0.0,0.0
2025-09-10 16:40:30,0.0,0.0
2025-09-10 16:40:30,0.0,0.0
2025-09-10 16:40:30,0.0,0.0
2025-09-10 16:40:30,0.0,0.0
2025-09-10 16:40:30,0.0,0.0
2025-09-10 16:40:30,0.0,0.0
2025-09-10 16:40:30,0.0,0.0
2025-09-10 16:40:30,0.0,0.0
2025-09-10 16:40:30,0.0,0.0
2025-09-10 16:40:30,0.0,0.0
2025-09-10 16:40:30,0.0,0.0
2025-09-10 16:40:30,0.0,0.0
2025-09-10 16:40:30,0.0,0.0
2025-09-10 16:40:30,0.0,0.0
2025-09-10 16:40:30,0.0,0.0
2025-09-10 16:40:30,0.0,0.0
2025-09-10 16:40:30,0.0,0.0
2025-09-10 16:40:30,0.0,0.0
2025-09-10 16:40:30,0.0,0.0
2025-09-10 16:40:35,0.0,2.0
2025-09-10 16:40:35,11.1,18.6
2025-09-10 16:40:35,11.2,27.2
2025-09-10 16:40:35,38.1,44.8
2025-09-10 16:40:35,38.2,36.2
2025-09-10 16:40:35,96.1,102.2
2025-09-10 16:40:35,96.2,77.6
2025-09-10 16:40:35,307.1,34.0
2025-09-10 16:40:35,307.2,0.0
2025-09-10 16:40:35,52.1,37.2
2025-09-10 16:40:35,52.2,0.0
2025-09-10 16:40:35,102.1,22.6
2025-09-10 16:40:35,102.2,0.0
2025-09-10 16:40:35,124.2,0.0
2025-09-10 16:40:35,124.1,24.0
2025-09-10 16:40:35,48.2,9.8
2025-09-10 16:40:35,48.1,29.6
2025-09-10 16:40:35,75.2,0.0
2025-09-10 16:40:35,75.1,5.4
2025-09-10 16:40:35,109.2,2.4
2025-09-10 16:40:35,109.1,3.6
2025-09-10 16:40:35,123.2,8.6
2025-09-10 16:40:35,123.1,5.2
2025-09-10 16:40:35,26.1,10.4
2025-09-10 16:40:35,26.2,8.4
2025-09-10 16:40:35,66.1,11.6
2025-09-10 16:40:35,66.2,5.2
2025-09-10 16:40:35,10.1,9.8
2025-09-10 16:40:35,10.2,10.6
2025-09-10 16:40:35,58.1,0.0
2025-09-10 16:40:35,58.2,0.0
2025-09-10 16:40:35,306.1,8.6
2025-09-10 16:40:35,306.2,6.2
2025-09-10 16:40:35,9.1,7.2
2025-09-10 16:40:35,9.2,0.0
2025-09-10 16:40:35,57.1,15.2
2025-09-10 16:40:35,57.2,3.4
2025-09-10 16:40:35,79.1,10.6
2025-09-10 16:40:35,79.2,16.4
2025-09-10 16:40:35,116.1,11.0
2025-09-10 16:40:35,116.2,13.4
2025-09-10 16:40:35,13.1,6.8
2025-09-10 16:40:35,13.2,8.4
2025-09-10 16:40:35,76.1,10.2
2025-09-10 16:40:35,76.2,9.6
2025-09-10 16:40:35,17.1,10.0
2025-09-10 16:40:35,17.2,7.4
2025-09-10 16:40:35,125.1,11.4
2025-09-10 16:40:35,125.2,3.2
2025-09-10 16:40:35,0.0,0.0
2025-09-10 16:40:35,0.0,0.0
2025-09-10 16:40:35,104.1,0.0
2025-09-10 16:40:35,104.2,0.0
2025-09-10 16:40:35,119.1,0.0
2025-09-10 16:40:35,119.2,0.0
2025-09-10 16:40:35,64.1,0.0
2025-09-10 16:40:35,64.2,0.0
2025-09-10 16:40:35,29.1,0.0
2025-09-10 16:40:35,29.2,0.0
2025-09-10 16:40:35,53.1,0.0
2025-09-10 16:40:35,53.2,0.0
2025-09-10 16:40:35,77.1,0.0
2025-09-10 16:40:35,77.2,0.0
2025-09-10 16:40:35,37.1,0.0
2025-09-10 16:40:35,37.2,0.0
2025-09-10 16:40:35,70.1,10.0
2025-09-10 16:40:35,70.2,0.0
2025-09-10 16:40:35,28.1,8.6
2025-09-10 16:40:35,28.2,15.0
2025-09-10 16:40:35,0.1,0.0
2025-09-10 16:40:35,0.2,0.0
2025-09-10 16:40:35,25.1,0.0
2025-09-10 16:40:35,25.2,0.0
2025-09-10 16:40:35,301.1,4.8
2025-09-10 16:40:35,301.2,13.8
2025-09-10 16:40:35,304.1,12.2
2025-09-10 16:40:35,304.2,10.2
2025-09-10 16:40:35,22.1,196.0
2025-09-10 16:40:35,22.2,6.6
2025-09-10 16:40:35,4.1,7.8
2025-09-10 16:40:35,4.2,14.8
2025-09-10 16:40:35,12.1,11.0
2025-09-10 16:40:35,12.2,6.8
2025-09-10 16:40:35,99.1,12.8
2025-09-10 16:40:35,99.2,4.2
2025-09-10 16:40:35,56.1,11.6
2025-09-10 16:40:35,56.2,14.4
2025-09-10 16:40:35,122.1,4.8
2025-09-10 16:40:35,122.2,10.6
2025-09-10 16:40:35,55.1,12.8
2025-09-10 16:40:35,55.2,1.6
2025-09-10 16:40:35,83.1,1.8
2025-09-10 16:40:35,83.2,9.2
2025-09-10 16:40:35,97.1,1.0
2025-09-10 16:40:35,97.2,12.8
2025-09-10 16:40:35,84.1,13.6
2025-09-10 16:40:35,84.2,8.2
2025-09-10 16:40:35,305.1,9.8
2025-09-10 16:40:35,305.2,10.4
2025-09-10 16:40:35,2.1,42.6
2025-09-10 16:40:35,2.2,16.6
2025-09-10 16:40:35,45.1,13.8
2025-09-10 16:40:35,45.2,4.8
2025-09-10 16:40:35,0.0,0.0
2025-09-10 16:40:35,0.0,0.0
2025-09-10 16:40:35,0.0,0.0
2025-09-10 16:40:35,0.0,0.0
2025-09-10 16:40:35,0.0,0.0
2025-09-10 16:40:35,0.0,0.0
2025-09-10 16:40:35,0.0,0.0
2025-09-10 16:40:35,0.0,0.0
2025-09-10 16:40:35,0.0,0.0
2025-09-10 16:40:35,0.0,0.0
2025-09-10 16:40:35,0.0,0.0
2025-09-10 16:40:35,0.0,0.0
2025-09-10 16:40:35,0.0,0.0
2025-09-10 16:40:35,0.0,0.0
2025-09-10 16:40:35,0.0,0.0
2025-09-10 16:40:35,0.0,0.0
2025-09-10 16:40:35,0.0,0.0
2025-09-10 16:40:35,0.0,0.0
2025-09-10 16:40:35,0.0,0.0
2025-09-10 16:40:35,0.0,0.0
2025-09-10 16:40:35,0.0,0.0
2025-09-10 16:40:35,0.0,0.0
2025-09-10 16:40:35,0.0,0.0
2025-09-10 16:40:35,0.0,0.0
2025-09-10 16:40:35,0.0,0.0
2025-09-10 16:40:35,0.0,0.0
2025-09-10 16:40:35,0.0,0.0
2025-09-10 16:40:35,0.0,0.0
2025-09-10 16:40:40,0.0,2.0
2025-09-10 16:40:40,11.1,23.0
2025-09-10 16:40:40,11.2,27.4
2025-09-10 16:40:40,38.1,44.6
2025-09-10 16:40:40,38.2,35.4
2025-09-10 16:40:40,96.1,100.0
2025-09-10 16:40:40,96.2,77.6
2025-09-10 16:40:40,307.1,29.4
2025-09-10 16:40:40,307.2,0.0
2025-09-10 16:40:40,52.1,30.2
2025-09-10 16:40:40,52.2,0.0
2025-09-10 16:40:40,102.1,26.6
2025-09-10 16:40:40,102.2,0.0
2025-09-10 16:40:40,124.2,0.0
2025-09-10 16:40:40,124.1,22.6
2025-09-10 16:40:40,48.2,8.0
2025-09-10 16:40:40,48.1,24.6
2025-09-10 16:40:40,75.2,0.0
2025-09-10 16:40:40,75.1,5.8
2025-09-10 16:40:40,109.2,1.8
2025-09-10 16:40:40,109.1,4.2
2025-09-10 16:40:40,123.2,7.4
2025-09-10 16:40:40,123.1,9.2
2025-09-10 16:40:40,26.1,9.6
2025-09-10 16:40:40,26.2,8.2
2025-09-10 16:40:40,66.1,11.0
2025-09-10 16:40:40,66.2,4.0
2025-09-10 16:40:40,10.1,11.6
2025-09-10 16:40:40,10.2,6.4
2025-09-10 16:40:40,58.1,0.0
2025-09-10 16:40:40,58.2,0.0
2025-09-10 16:40:40,306.1,11.2
2025-09-10 16:40:40,306.2,4.6
2025-09-10 16:40:40,9.1,7.8
2025-09-10 16:40:40,9.2,0.0
2025-09-10 16:40:40,57.1,17.4
2025-09-10 16:40:40,57.2,4.2
2025-09-10 16:40:40,79.1,7.6
2025-09-10 16:40:40,79.2,12.4
2025-09-10 16:40:40,116.1,14.4
2025-09-10 16:40:40,116.2,15.2
2025-09-10 16:40:40,13.1,7.6
2025-09-10 16:40:40,13.2,9.0
2025-09-10 16:40:40,76.1,9.0
2025-09-10 16:40:40,76.2,8.8
2025-09-10 16:40:40,17.1,10.0
2025-09-10 16:40:40,17.2,9.4
2025-09-10 16:40:40,125.1,15.8
2025-09-10 16:40:40,125.2,3.8
2025-09-10 16:40:40,0.0,0.0
2025-09-10 16:40:40,0.0,0.0
2025-09-10 16:40:40,104.1,0.0
2025-09-10 16:40:40,104.2,0.0
2025-09-10 16:40:40,119.1,0.0
2025-09-10 16:40:40,119.2,0.0
2025-09-10 16:40:40,64.1,0.0
2025-09-10 16:40:40,64.2,0.0
2025-09-10 16:40:40,29.1,0.0
2025-09-10 16:40:40,29.2,0.0
2025-09-10 16:40:40,53.1,0.0
2025-09-10 16:40:40,53.2,0.0
2025-09-10 16:40:40,77.1,0.0
2025-09-10 16:40:40,77.2,0.0
2025-09-10 16:40:40,37.1,0.0
2025-09-10 16:40:40,37.2,0.0
2025-09-10 16:40:40,70.1,9.4
2025-09-10 16:40:40,70.2,0.0
2025-09-10 16:40:40,28.1,9.2
2025-09-10 16:40:40,28.2,15.6
2025-09-10 16:40:40,0.1,0.0
2025-09-10 16:40:40,0.2,0.0
2025-09-10 16:40:40,25.1,0.0
2025-09-10 16:40:40,25.2,0.0
2025-09-10 16:40:40,301.1,4.8
2025-09-10 16:40:40,301.2,11.8
2025-09-10 16:40:40,304.1,13.4
2025-09-10 16:40:40,304.2,7.4
2025-09-10 16:40:40,22.1,244.0
2025-09-10 16:40:40,22.2,8.2
2025-09-10 16:40:40,4.1,9.0
2025-09-10 16:40:40,4.2,11.2
2025-09-10 16:40:40,12.1,11.0
2025-09-10 16:40:40,12.2,5.4
2025-09-10 16:40:40,99.1,13.4
2025-09-10 16:40:40,99.2,2.0
2025-09-10 16:40:40,56.1,12.6
2025-09-10 16:40:40,56.2,14.0
2025-09-10 16:40:40,122.1,6.8
2025-09-10 16:40:40,122.2,10.4
2025-09-10 16:40:40,55.1,15.8
2025-09-10 16:40:40,55.2,1.8
2025-09-10 16:40:40,83.1,2.0
2025-09-10 16:40:40,83.2,8.4
2025-09-10 16:40:40,97.1,1.2
2025-09-10 16:40:40,97.2,10.0
2025-09-10 16:40:40,84.1,12.4
2025-09-10 16:40:40,84.2,5.2
2025-09-10 16:40:40,305.1,11.0
2025-09-10 16:40:40,305.2,11.8
2025-09-10 16:40:40,2.1,42.6
2025-09-10 16:40:40,2.2,12.4
2025-09-10 16:40:40,45.1,13.2
2025-09-10 16:40:40,45.2,4.6
2025-09-10 16:40:40,0.0,0.0
2025-09-10 16:40:40,0.0,0.0
2025-09-10 16:40:40,0.0,0.0
2025-09-10 16:40:40,0.0,0.0
2025-09-10 16:40:40,0.0,0.0
2025-09-10 16:40:40,0.0,0.0
2025-09-10 16:40:40,0.0,0.0
2025-09-10 16:40:40,0.0,0.0
2025-09-10 16:40:40,0.0,0.0
2025-09-10 16:40:40,0.0,0.0
2025-09-10 16:40:40,0.0,0.0
2025-09-10 16:40:40,0.0,0.0
2025-09-10 16:40:40,0.0,0.0
2025-09-10 16:40:40,0.0,0.0
2025-09-10 16:40:40,0.0,0.0
2025-09-10 16:40:40,0.0,0.0
2025-09-10 16:40:40,0.0,0.0
2025-09-10 16:40:40,0.0,0.0
2025-09-10 16:40:40,0.0,0.0
2025-09-10 16:40:40,0.0,0.0
2025-09-10 16:40:40,0.0,0.0
2025-09-10 16:40:40,0.0,0.0
2025-09-10 16:40:40,0.0,0.0
2025-09-10 16:40:40,0.0,0.0
2025-09-10 16:40:40,0.0,0.0
2025-09-10 16:40:40,0.0,0.0
2025-09-10 16:40:40,0.0,0.0
2025-09-10 16:40:40,0.0,0.0
2025-09-10 16:40:45,0.0,2.0
2025-09-10 16:40:45,11.1,21.4
2025-09-10 16:40:45,11.2,28.6
2025-09-10 16:40:45,38.1,47.8
2025-09-10 16:40:45,38.2,35.8
2025-09-10 16:40:45,96.1,102.6
2025-09-10 16:40:45,96.2,82.6
2025-09-10 16:40:45,307.1,37.2
2025-09-10 16:40:45,307.2,0.0
2025-09-10 16:40:45,52.1,35.0
2025-09-10 16:40:45,52.2,0.0
2025-09-10 16:40:45,102.1,21.8
2025-09-10 16:40:45,102.2,0.0
2025-09-10 16:40:45,124.2,0.0
2025-09-10 16:40:45,124.1,23.6
2025-09-10 16:40:45,48.2,8.2
2025-09-10 16:40:45,48.1,28.0
2025-09-10 16:40:45,75.2,0.0
2025-09-10 16:40:45,75.1,5.8
2025-09-10 16:40:45,109.2,2.2
2025-09-10 16:40:45,109.1,3.4
2025-09-10 16:40:45,123.2,6.6
2025-09-10 16:40:45,123.1,5.6
2025-09-10 16:40:45,26.1,10.4
2025-09-10 16:40:45,26.2,7.2
2025-09-10 16:40:45,66.1,12.0
2025-09-10 16:40:45,66.2,6.0
2025-09-10 16:40:45,10.1,11.2
2025-09-10 16:40:45,10.2,6.8
2025-09-10 16:40:45,58.1,0.0
2025-09-10 16:40:45,58.2,0.0
2025-09-10 16:40:45,306.1,9.8
2025-09-10 16:40:45,306.2,6.4
2025-09-10 16:40:45,9.1,6.4
2025-09-10 16:40:45,9.2,0.0
2025-09-10 16:40:45,57.1,16.8
2025-09-10 16:40:45,57.2,2.4
2025-09-10 16:40:45,79.1,8.6
2025-09-10 16:40:45,79.2,10.8
2025-09-10 16:40:45,116.1,11.6
2025-09-10 16:40:45,116.2,12.8
2025-09-10 16:40:45,13.1,8.8
2025-09-10 16:40:45,13.2,8.8
2025-09-10 16:40:45,76.1,12.0
2025-09-10 16:40:45,76.2,4.8
2025-09-10 16:40:45,17.1,10.4
2025-09-10 16:40:45,17.2,10.6
2025-09-10 16:40:45,125.1,11.8
2025-09-10 16:40:45,125.2,4.6
2025-09-10 16:40:45,0.0,0.0
2025-09-10 16:40:45,0.0,0.0
2025-09-10 16:40:45,104.1,0.0
2025-09-10 16:40:45,104.2,0.0
2025-09-10 16:40:45,119.1,0.0
2025-09-10 16:40:45,119.2,0.0
2025-09-10 16:40:45,64.1,0.0
2025-09-10 16:40:45,64.2,0.0
2025-09-10 16:40:45,29.1,0.0
2025-09-10 16:40:45,29.2,0.0
2025-09-10 16:40:45,53.1,0.0
2025-09-10 16:40:45,53.2,0.0
2025-09-10 16:40:45,77.1,0.0
2025-09-10 16:40:45,77.2,0.0
2025-09-10 16:40:45,37.1,0.0
2025-09-10 16:40:45,37.2,0.0
2025-09-10 16:40:45,70.1,10.4
2025-09-10 16:40:45,70.2,0.0
2025-09-10 16:40:45,28.1,7.0
2025-09-10 16:40:45,28.2,13.8
2025-09-10 16:40:45,0.1,0.0
2025-09-10 16:40:45,0.2,0.0
2025-09-10 16:40:45,25.1,0.0
2025-09-10 16:40:45,25.2,0.0
2025-09-10 16:40:45,301.1,8.6
2025-09-10 16:40:45,301.2,14.2
2025-09-10 16:40:45,304.1,16.0
2025-09-10 16:40:45,304.2,9.0
2025-09-10 16:40:45,22.1,230.8
2025-09-10 16:40:45,22.2,7.6
2025-09-10 16:40:45,4.1,11.6
2025-09-10 16:40:45,4.2,12.0
2025-09-10 16:40:45,12.1,11.2
2025-09-10 16:40:45,12.2,4.2
2025-09-10 16:40:45,99.1,12.0
2025-09-10 16:40:45,99.2,3.0
2025-09-10 16:40:45,56.1,7.8
2025-09-10 16:40:45,56.2,12.6
2025-09-10 16:40:45,122.1,6.6
2025-09-10 16:40:45,122.2,9.6
2025-09-10 16:40:45,55.1,12.4
2025-09-10 16:40:45,55.2,0.8
2025-09-10 16:40:45,83.1,2.0
2025-09-10 16:40:45,83.2,7.6
2025-09-10 16:40:45,97.1,0.8
2025-09-10 16:40:45,97.2,13.8
2025-09-10 16:40:45,84.1,16.0
2025-09-10 16:40:45,84.2,4.6
2025-09-10 16:40:45,305.1,11.4
2025-09-10 16:40:45,305.2,10.8
2025-09-10 16:40:45,2.1,47.2
2025-09-10 16:40:45,2.2,13.2
2025-09-10 16:40:45,45.1,12.4
2025-09-10 16:40:45,45.2,4.0
2025-09-10 16:40:45,0.0,0.0
2025-09-10 16:40:45,0.0,0.0
2025-09-10 16:40:45,0.0,0.0
2025-09-10 16:40:45,0.0,0.0
2025-09-10 16:40:45,0.0,0.0
2025-09-10 16:40:45,0.0,0.0
2025-09-10 16:40:45,0.0,0.0
2025-09-10 16:40:45,0.0,0.0
2025-09-10 16:40:45,0.0,0.0
2025-09-10 16:40:45,0.0,0.0
2025-09-10 16:40:45,0.0,0.0
2025-09-10 16:40:45,0.0,0.0
2025-09-10 16:40:45,0.0,0.0
2025-09-10 16:40:45,0.0,0.0
2025-09-10 16:40:45,0.0,0.0
2025-09-10 16:40:45,0.0,0.0
2025-09-10 16:40:45,0.0,0.0
2025-09-10 16:40:45,0.0,0.0
2025-09-10 16:40:45,0.0,0.0
2025-09-10 16:40:45,0.0,0.0
2025-09-10 16:40:45,0.0,0.0
2025-09-10 16:40:45,0.0,0.0
2025-09-10 16:40:45,0.0,0.0
2025-09-10 16:40:45,0.0,0.0
2025-09-10 16:40:45,0.0,0.0
2025-09-10 16:40:45,0.0,0.0
2025-09-10 16:40:45,0.0,0.0
2025-09-10 16:40:45,0.0,0.0
2025-09-10 16:40:50,0.0,2.0
2025-09-10 16:40:50,11.1,21.6
2025-09-10 16:40:50,11.2,28.6
2025-09-10 16:40:50,38.1,46.2
2025-09-10 16:40:50,38.2,30.8
2025-09-10 16:40:50,96.1,92.2
2025-09-10 16:40:50,96.2,83.2
2025-09-10 16:40:50,307.1,33.8
2025-09-10 16:40:50,307.2,0.0
2025-09-10 16:40:50,52.1,26.6
2025-09-10 16:40:50,52.2,0.0
2025-09-10 16:40:50,102.1,28.2
2025-09-10 16:40:50,102.2,0.0
2025-09-10 16:40:50,124.2,0.0
2025-09-10 16:40:50,124.1,26.8
2025-09-10 16:40:50,48.2,8.8
2025-09-10 16:40:50,48.1,24.8
2025-09-10 16:40:50,75.2,0.0
2025-09-10 16:40:50,75.1,6.2
2025-09-10 16:40:50,109.2,2.2
2025-09-10 16:40:50,109.1,3.8
2025-09-10 16:40:50,123.2,7.4
2025-09-10 16:40:50,123.1,6.8
2025-09-10 16:40:50,26.1,11.0
2025-09-10 16:40:50,26.2,11.4
2025-09-10 16:40:50,66.1,11.2
2025-09-10 16:40:50,66.2,4.6
2025-09-10 16:40:50,10.1,10.0
2025-09-10 16:40:50,10.2,9.2
2025-09-10 16:40:50,58.1,0.0
2025-09-10 16:40:50,58.2,0.0
2025-09-10 16:40:50,306.1,10.4
2025-09-10 16:40:50,306.2,5.4
2025-09-10 16:40:50,9.1,7.2
2025-09-10 16:40:50,9.2,0.0
2025-09-10 16:40:50,57.1,17.0
2025-09-10 16:40:50,57.2,4.2
2025-09-10 16:40:50,79.1,9.0
2025-09-10 16:40:50,79.2,12.6
2025-09-10 16:40:50,116.1,12.6
2025-09-10 16:40:50,116.2,10.4
2025-09-10 16:40:50,13.1,10.0
2025-09-10 16:40:50,13.2,9.6
2025-09-10 16:40:50,76.1,11.6
2025-09-10 16:40:50,76.2,8.8
2025-09-10 16:40:50,17.1,11.8
2025-09-10 16:40:50,17.2,9.4
2025-09-10 16:40:50,125.1,10.6
2025-09-10 16:40:50,125.2,4.2
2025-09-10 16:40:50,0.0,0.0
2025-09-10 16:40:50,0.0,0.0
2025-09-10 16:40:50,104.1,0.0
2025-09-10 16:40:50,104.2,0.0
2025-09-10 16:40:50,119.1,0.0
2025-09-10 16:40:50,119.2,0.0
2025-09-10 16:40:50,64.1,0.0
2025-09-10 16:40:50,64.2,0.0
2025-09-10 16:40:50,29.1,0.0
2025-09-10 16:40:50,29.2,0.0
2025-09-10 16:40:50,53.1,0.0
2025-09-10 16:40:50,53.2,0.0
2025-09-10 16:40:50,77.1,0.0
2025-09-10 16:40:50,77.2,0.0
2025-09-10 16:40:50,37.1,0.0
2025-09-10 16:40:50,37.2,0.0
2025-09-10 16:40:50,70.1,9.6
2025-09-10 16:40:50,70.2,0.0
2025-09-10 16:40:50,28.1,7.8
2025-09-10 16:40:50,28.2,11.0
2025-09-10 16:40:50,0.1,0.0
2025-09-10 16:40:50,0.2,0.0
2025-09-10 16:40:50,25.1,0.0
2025-09-10 16:40:50,25.2,0.0
2025-09-10 16:40:50,301.1,5.4
2025-09-10 16:40:50,301.2,12.8
2025-09-10 16:40:50,304.1,13.4
2025-09-10 16:40:50,304.2,8.2
2025-09-10 16:40:50,22.1,286.4
2025-09-10 16:40:50,22.2,9.4
2025-09-10 16:40:50,4.1,10.2
2025-09-10 16:40:50,4.2,13.0
2025-09-10 16:40:50,12.1,10.4
2025-09-10 16:40:50,12.2,5.6
2025-09-10 16:40:50,99.1,15.4
2025-09-10 16:40:50,99.2,2.4
2025-09-10 16:40:50,56.1,10.4
2025-09-10 16:40:50,56.2,15.4
2025-09-10 16:40:50,122.1,6.0
2025-09-10 16:40:50,122.2,7.8
2025-09-10 16:40:50,55.1,13.8
2025-09-10 16:40:50,55.2,0.6
2025-09-10 16:40:50,83.1,2.8
2025-09-10 16:40:50,83.2,8.0
2025-09-10 16:40:50,97.1,1.0
2025-09-10 16:40:50,97.2,13.4
2025-09-10 16:40:50,84.1,14.4
2025-09-10 16:40:50,84.2,3.2
2025-09-10 16:40:50,305.1,11.0
2025-09-10 16:40:50,305.2,8.6
2025-09-10 16:40:50,2.1,45.2
2025-09-10 16:40:50,2.2,13.6
2025-09-10 16:40:50,45.1,12.0
2025-09-10 16:40:50,45.2,4.0
2025-09-10 16:40:50,0.0,0.0
2025-09-10 16:40:50,0.0,0.0
2025-09-10 16:40:50,0.0,0.0
2025-09-10 16:40:50,0.0,0.0
2025-09-10 16:40:50,0.0,0.0
2025-09-10 16:40:50,0.0,0.0
2025-09-10 16:40:50,0.0,0.0
2025-09-10 16:40:50,0.0,0.0
2025-09-10 16:40:50,0.0,0.0
2025-09-10 16:40:50,0.0,0.0
2025-09-10 16:40:50,0.0,0.0
2025-09-10 16:40:50,0.0,0.0
2025-09-10 16:40:50,0.0,0.0
2025-09-10 16:40:50,0.0,0.0
2025-09-10 16:40:50,0.0,0.0
2025-09-10 16:40:50,0.0,0.0
2025-09-10 16:40:50,0.0,0.0
2025-09-10 16:40:50,0.0,0.0
2025-09-10 16:40:50,0.0,0.0
2025-09-10 16:40:50,0.0,0.0
2025-09-10 16:40:50,0.0,0.0
2025-09-10 16:40:50,0.0,0.0
2025-09-10 16:40:50,0.0,0.0
2025-09-10 16:40:50,0.0,0.0
2025-09-10 16:40:50,0.0,0.0
2025-09-10 16:40:50,0.0,0.0
2025-09-10 16:40:50,0.0,0.0
2025-09-10 16:40:50,0.0,0.0
2025-09-10 16:40:55,0.0,2.0
2025-09-10 16:40:55,11.1,21.0
2025-09-10 16:40:55,11.2,24.2
2025-09-10 16:40:55,38.1,49.6
2025-09-10 16:40:55,38.2,32.0
2025-09-10 16:40:55,96.1,103.8
2025-09-10 16:40:55,96.2,84.8
2025-09-10 16:40:55,307.1,30.6
2025-09-10 16:40:55,307.2,0.0
2025-09-10 16:40:55,52.1,32.4
2025-09-10 16:40:55,52.2,0.0
2025-09-10 16:40:55,102.1,29.0
2025-09-10 16:40:55,102.2,0.0
2025-09-10 16:40:55,124.2,0.0
2025-09-10 16:40:55,124.1,24.8
2025-09-10 16:40:55,48.2,8.0
2025-09-10 16:40:55,48.1,28.8
2025-09-10 16:40:55,75.2,0.0
2025-09-10 16:40:55,75.1,3.2
2025-09-10 16:40:55,109.2,0.6
2025-09-10 16:40:55,109.1,3.4
2025-09-10 16:40:55,123.2,9.6
2025-09-10 16:40:55,123.1,6.2
2025-09-10 16:40:55,26.1,9.4
2025-09-10 16:40:55,26.2,7.8
2025-09-10 16:40:55,66.1,10.4
2025-09-10 16:40:55,66.2,3.2
2025-09-10 16:40:55,10.1,10.4
2025-09-10 16:40:55,10.2,8.4
2025-09-10 16:40:55,58.1,0.0
2025-09-10 16:40:55,58.2,0.0
2025-09-10 16:40:55,306.1,11.0
2025-09-10 16:40:55,306.2,6.6
2025-09-10 16:40:55,9.1,6.8
2025-09-10 16:40:55,9.2,0.0
2025-09-10 16:40:55,57.1,16.0
2025-09-10 16:40:55,57.2,2.6
2025-09-10 16:40:55,79.1,9.4
2025-09-10 16:40:55,79.2,11.2
2025-09-10 16:40:55,116.1,12.8
2025-09-10 16:40:55,116.2,12.2
2025-09-10 16:40:55,13.1,8.0
2025-09-10 16:40:55,13.2,9.6
2025-09-10 16:40:55,76.1,13.0
2025-09-10 16:40:55,76.2,8.2
2025-09-10 16:40:55,17.1,9.4
2025-09-10 16:40:55,17.2,8.8
2025-09-10 16:40:55,125.1,12.6
2025-09-10 16:40:55,125.2,4.4
2025-09-10 16:40:55,0.0,0.0
2025-09-10 16:40:55,0.0,0.0
2025-09-10 16:40:55,104.1,0.0
2025-09-10 16:40:55,104.2,0.0
2025-09-10 16:40:55,119.1,0.0
2025-09-10 16:40:55,119.2,0.0
2025-09-10 16:40:55,64.1,0.0
2025-09-10 16:40:55,64.2,0.0
2025-09-10 16:40:55,29.1,0.0
2025-09-10 16:40:55,29.2,0.0
2025-09-10 16:40:55,53.1,0.0
2025-09-10 16:40:55,53.2,0.0
2025-09-10 16:40:55,77.1,0.0
2025-09-10 16:40:55,77.2,0.0
2025-09-10 16:40:55,37.1,0.0
2025-09-10 16:40:55,37.2,0.0
2025-09-10 16:40:55,70.1,8.6
2025-09-10 16:40:55,70.2,0.0
2025-09-10 16:40:55,28.1,7.4
2025-09-10 16:40:55,28.2,11.6
2025-09-10 16:40:55,0.1,0.0
2025-09-10 16:40:55,0.2,0.0
2025-09-10 16:40:55,25.1,0.0
2025-09-10 16:40:55,25.2,0.0
2025-09-10 16:40:55,301.1,6.8
2025-09-10 16:40:55,301.2,15.2
2025-09-10 16:40:55,304.1,12.4
2025-09-10 16:40:55,304.2,5.8
2025-09-10 16:40:55,22.1,257.2
2025-09-10 16:40:55,22.2,8.4
2025-09-10 16:40:55,4.1,10.2
2025-09-10 16:40:55,4.2,12.4
2025-09-10 16:40:55,12.1,12.2
2025-09-10 16:40:55,12.2,7.4
2025-09-10 16:40:55,99.1,13.8
2025-09-10 16:40:55,99.2,4.8
2025-09-10 16:40:55,56.1,9.2
2025-09-10 16:40:55,56.2,11.8
2025-09-10 16:40:55,122.1,4.8
2025-09-10 16:40:55,122.2,10.4
2025-09-10 16:40:55,55.1,10.2
2025-09-10 16:40:55,55.2,1.2
2025-09-10 16:40:55,83.1,2.2
2025-09-10 16:40:55,83.2,9.4
2025-09-10 16:40:55,97.1,0.6
2025-09-10 16:40:55,97.2,13.0
2025-09-10 16:40:55,84.1,16.0
2025-09-10 16:40:55,84.2,7.6
2025-09-10 16:40:55,305.1,11.4
2025-09-10 16:40:55,305.2,12.2
2025-09-10 16:40:55,2.1,48.2
2025-09-10 16:40:55,2.2,15.8
2025-09-10 16:40:55,45.1,12.6
2025-09-10 16:40:55,45.2,5.2
2025-09-10 16:40:55,0.0,0.0
2025-09-10 16:40:55,0.0,0.0
2025-09-10 16:40:55,0.0,0.0
2025-09-10 16:40:55,0.0,0.0
2025-09-10 16:40:55,0.0,0.0
2025-09-10 16:40:55,0.0,0.0
2025-09-10 16:40:55,0.0,0.0
2025-09-10 16:40:55,0.0,0.0
2025-09-10 16:40:55,0.0,0.0
2025-09-10 16:40:55,0.0,0.0
2025-09-10 16:40:55,0.0,0.0
2025-09-10 16:40:55,0.0,0.0
2025-09-10 16:40:55,0.0,0.0
2025-09-10 16:40:55,0.0,0.0
2025-09-10 16:40:55,0.0,0.0
2025-09-10 16:40:55,0.0,0.0
2025-09-10 16:40:55,0.0,0.0
2025-09-10 16:40:55,0.0,0.0
2025-09-10 16:40:55,0.0,0.0
2025-09-10 16:40:55,0.0,0.0
2025-09-10 16:40:55,0.0,0.0
2025-09-10 16:40:55,0.0,0.0
2025-09-10 16:40:55,0.0,0.0
2025-09-10 16:40:55,0.0,0.0
2025-09-10 16:40:55,0.0,0.0
2025-09-10 16:40:55,0.0,0.0
2025-09-10 16:40:55,0.0,0.0
2025-09-10 16:40:55,0.0,0.0
2025-09-10 16:41:00,0.0,2.0
2025-09-10 16:41:00,11.1,19.0
2025-09-10 16:41:00,11.2,28.0
2025-09-10 16:41:00,38.1,44.6
2025-09-10 16:41:00,38.2,36.0
2025-09-10 16:41:00,96.1,105.6
2025-09-10 16:41:00,96.2,92.4
2025-09-10 16:41:00,307.1,31.6
2025-09-10 16:41:00,307.2,0.0
2025-09-10 16:41:00,52.1,34.4
2025-09-10 16:41:00,52.2,0.0
2025-09-10 16:41:00,102.1,25.6
2025-09-10 16:41:00,102.2,0.0
2025-09-10 16:41:00,124.2,0.0
2025-09-10 16:41:00,124.1,23.6
2025-09-10 16:41:00,48.2,9.0
2025-09-10 16:41:00,48.1,25.2
2025-09-10 16:41:00,75.2,0.0
2025-09-10 16:41:00,75.1,4.6
2025-09-10 16:41:00,109.2,2.0
2025-09-10 16:41:00,109.1,2.6
2025-09-10 16:41:00,123.2,9.8
2025-09-10 16:41:00,123.1,6.6
2025-09-10 16:41:00,26.1,9.8
2025-09-10 16:41:00,26.2,12.0
2025-09-10 16:41:00,66.1,13.4
2025-09-10 16:41:00,66.2,4.0
2025-09-10 16:41:00,10.1,8.8
2025-09-10 16:41:00,10.2,8.6
2025-09-10 16:41:00,58.1,0.0
2025-09-10 16:41:00,58.2,0.0
2025-09-10 16:41:00,306.1,11.8
2025-09-10 16:41:00,306.2,6.2
2025-09-10 16:41:00,9.1,5.4
2025-09-10 16:41:00,9.2,0.0
2025-09-10 16:41:00,57.1,17.0
2025-09-10 16:41:00,57.2,3.0
2025-09-10 16:41:00,79.1,10.0
2025-09-10 16:41:00,79.2,11.8
2025-09-10 16:41:00,116.1,11.0
2025-09-10 16:41:00,116.2,9.6
2025-09-10 16:41:00,13.1,7.4
2025-09-10 16:41:00,13.2,8.6
2025-09-10 16:41:00,76.1,14.0
2025-09-10 16:41:00,76.2,8.6
2025-09-10 16:41:00,17.1,11.8
2025-09-10 16:41:00,17.2,8.8
2025-09-10 16:41:00,125.1,10.8
2025-09-10 16:41:00,125.2,2.8
2025-09-10 16:41:00,0.0,0.0
2025-09-10 16:41:00,0.0,0.0
2025-09-10 16:41:00,104.1,0.0
2025-09-10 16:41:00,104.2,0.0
2025-09-10 16:41:00,119.1,0.0
2025-09-10 16:41:00,119.2,0.0
2025-09-10 16:41:00,64.1,0.0
2025-09-10 16:41:00,64.2,0.0
2025-09-10 16:41:00,29.1,0.0
2025-09-10 16:41:00,29.2,0.0
2025-09-10 16:41:00,53.1,0.0
2025-09-10 16:41:00,53.2,0.0
2025-09-10 16:41:00,77.1,0.0
2025-09-10 16:41:00,77.2,0.0
2025-09-10 16:41:00,37.1,0.0
2025-09-10 16:41:00,37.2,0.0
2025-09-10 16:41:00,70.1,10.4
2025-09-10 16:41:00,70.2,0.0
2025-09-10 16:41:00,28.1,7.0
2025-09-10 16:41:00,28.2,11.4
2025-09-10 16:41:00,0.1,0.0
2025-09-10 16:41:00,0.2,0.0
2025-09-10 16:41:00,25.1,0.0
2025-09-10 16:41:00,25.2,0.0
2025-09-10 16:41:00,301.1,6.4
2025-09-10 16:41:00,301.2,14.8
2025-09-10 16:41:00,304.1,12.6
2025-09-10 16:41:00,304.2,11.0
2025-09-10 16:41:00,22.1,252.2
2025-09-10 16:41:00,22.2,8.4
2025-09-10 16:41:00,4.1,11.0
2025-09-10 16:41:00,4.2,11.0
2025-09-10 16:41:00,12.1,11.0
2025-09-10 16:41:00,12.2,5.8
2025-09-10 16:41:00,99.1,14.4
2025-09-10 16:41:00,99.2,2.4
2025-09-10 16:41:00,56.1,11.4
2025-09-10 16:41:00,56.2,10.4
2025-09-10 16:41:00,122.1,6.4
2025-09-10 16:41:00,122.2,10.2
2025-09-10 16:41:00,55.1,14.8
2025-09-10 16:41:00,55.2,1.4
2025-09-10 16:41:00,83.1,3.2
2025-09-10 16:41:00,83.2,9.2
2025-09-10 16:41:00,97.1,0.8
2025-09-10 16:41:00,97.2,12.6
2025-09-10 16:41:00,84.1,12.2
2025-09-10 16:41:00,84.2,5.0
2025-09-10 16:41:00,305.1,9.4
2025-09-10 16:41:00,305.2,12.8
2025-09-10 16:41:00,2.1,44.6
2025-09-10 16:41:00,2.2,15.8
2025-09-10 16:41:00,45.1,12.8
2025-09-10 16:41:00,45.2,6.0
2025-09-10 16:41:00,0.0,0.0
2025-09-10 16:41:00,0.0,0.0
2025-09-10 16:41:00,0.0,0.0
2025-09-10 16:41:00,0.0,0.0
2025-09-10 16:41:00,0.0,0.0
2025-09-10 16:41:00,0.0,0.0
2025-09-10 16:41:00,0.0,0.0
2025-09-10 16:41:00,0.0,0.0
2025-09-10 16:41:00,0.0,0.0
2025-09-10 16:41:00,0.0,0.0
2025-09-10 16:41:00,0.0,0.0
2025-09-10 16:41:00,0.0,0.0
2025-09-10 16:41:00,0.0,0.0
2025-09-10 16:41:00,0.0,0.0
2025-09-10 16:41:00,0.0,0.0
2025-09-10 16:41:00,0.0,0.0
2025-09-10 16:41:00,0.0,0.0
2025-09-10 16:41:00,0.0,0.0
2025-09-10 16:41:00,0.0,0.0
2025-09-10 16:41:00,0.0,0.0
2025-09-10 16:41:00,0.0,0.0
2025-09-10 16:41:00,0.0,0.0
2025-09-10 16:41:00,0.0,0.0
2025-09-10 16:41:00,0.0,0.0
2025-09-10 16:41:00,0.0,0.0
2025-09-10 16:41:00,0.0,0.0
2025-09-10 16:41:00,0.0,0.0
2025-09-10 16:41:00,0.0,0.0
2025-09-10 16:41:05,0.0,2.0
2025-09-10 16:41:05,11.1,18.8
2025-09-10 16:41:05,11.2,25.6
2025-09-10 16:41:05,38.1,57.8
2025-09-10 16:41:05,38.2,39.2
2025-09-10 16:41:05,96.1,105.6
2025-09-10 16:41:05,96.2,93.0
2025-09-10 16:41:05,307.1,38.0
2025-09-10 16:41:05,307.2,0.0
2025-09-10 16:41:05,52.1,35.4
2025-09-10 16:41:05,52.2,0.0
2025-09-10 16:41:05,102.1,26.8
2025-09-10 16:41:05,102.2,0.0
2025-09-10 16:41:05,124.2,0.0
2025-09-10 16:41:05,124.1,20.8
2025-09-10 16:41:05,48.2,9.2
2025-09-10 16:41:05,48.1,24.8
2025-09-10 16:41:05,75.2,0.0
2025-09-10 16:41:05,75.1,4.8
2025-09-10 16:41:05,109.2,3.2
2025-09-10 16:41:05,109.1,4.0
2025-09-10 16:41:05,123.2,9.0
2025-09-10 16:41:05,123.1,4.8
2025-09-10 16:41:05,26.1,11.0
2025-09-10 16:41:05,26.2,9.2
2025-09-10 16:41:05,66.1,11.6
2025-09-10 16:41:05,66.2,5.8
2025-09-10 16:41:05,10.1,12.4
2025-09-10 16:41:05,10.2,8.4
2025-09-10 16:41:05,58.1,0.0
2025-09-10 16:41:05,58.2,0.0
2025-09-10 16:41:05,306.1,13.0
2025-09-10 16:41:05,306.2,6.2
2025-09-10 16:41:05,9.1,5.6
2025-09-10 16:41:05,9.2,0.0
2025-09-10 16:41:05,57.1,14.2
2025-09-10 16:41:05,57.2,5.4
2025-09-10 16:41:05,79.1,9.8
2025-09-10 16:41:05,79.2,15.0
2025-09-10 16:41:05,116.1,10.2
2025-09-10 16:41:05,116.2,13.4
2025-09-10 16:41:05,13.1,7.8
2025-09-10 16:41:05,13.2,11.8
2025-09-10 16:41:05,76.1,13.6
2025-09-10 16:41:05,76.2,7.4
2025-09-10 16:41:05,17.1,9.4
2025-09-10 16:41:05,17.2,9.8
2025-09-10 16:41:05,125.1,11.2
2025-09-10 16:41:05,125.2,3.4
2025-09-10 16:41:05,0.0,0.0
2025-09-10 16:41:05,0.0,0.0
2025-09-10 16:41:05,104.1,0.0
2025-09-10 16:41:05,104.2,0.0
2025-09-10 16:41:05,119.1,0.0
2025-09-10 16:41:05,119.2,0.0
2025-09-10 16:41:05,64.1,0.0
2025-09-10 16:41:05,64.2,0.0
2025-09-10 16:41:05,29.1,0.0
2025-09-10 16:41:05,29.2,0.0
2025-09-10 16:41:05,53.1,0.0
2025-09-10 16:41:05,53.2,0.0
2025-09-10 16:41:05,77.1,0.0
2025-09-10 16:41:05,77.2,0.0
2025-09-10 16:41:05,37.1,0.0
2025-09-10 16:41:05,37.2,0.0
2025-09-10 16:41:05,70.1,8.8
2025-09-10 16:41:05,70.2,0.0
2025-09-10 16:41:05,28.1,8.2
2025-09-10 16:41:05,28.2,13.2
2025-09-10 16:41:05,0.1,0.0
2025-09-10 16:41:05,0.2,0.0
2025-09-10 16:41:05,25.1,0.0
2025-09-10 16:41:05,25.2,0.0
2025-09-10 16:41:05,301.1,6.6
2025-09-10 16:41:05,301.2,15.0
2025-09-10 16:41:05,304.1,13.6
2025-09-10 16:41:05,304.2,8.6
2025-09-10 16:41:05,22.1,264.0
2025-09-10 16:41:05,22.2,8.6
2025-09-10 16:41:05,4.1,12.8
2025-09-10 16:41:05,4.2,12.0
2025-09-10 16:41:05,12.1,7.6
2025-09-10 16:41:05,12.2,9.4
2025-09-10 16:41:05,99.1,10.4
2025-09-10 16:41:05,99.2,5.4
2025-09-10 16:41:05,56.1,10.4
2025-09-10 16:41:05,56.2,12.2
2025-09-10 16:41:05,122.1,5.0
2025-09-10 16:41:05,122.2,9.2
2025-09-10 16:41:05,55.1,14.0
2025-09-10 16:41:05,55.2,1.6
2025-09-10 16:41:05,83.1,1.4
2025-09-10 16:41:05,83.2,8.6
2025-09-10 16:41:05,97.1,0.8
2025-09-10 16:41:05,97.2,12.6
2025-09-10 16:41:05,84.1,11.2
2025-09-10 16:41:05,84.2,7.8
2025-09-10 16:41:05,305.1,11.4
2025-09-10 16:41:05,305.2,11.2
2025-09-10 16:41:05,2.1,43.4
2025-09-10 16:41:05,2.2,14.4
2025-09-10 16:41:05,45.1,10.8
2025-09-10 16:41:05,45.2,5.8
2025-09-10 16:41:05,0.0,0.0
2025-09-10 16:41:05,0.0,0.0
2025-09-10 16:41:05,0.0,0.0
2025-09-10 16:41:05,0.0,0.0
2025-09-10 16:41:05,0.0,0.0
2025-09-10 16:41:05,0.0,0.0
2025-09-10 16:41:05,0.0,0.0
2025-09-10 16:41:05,0.0,0.0
2025-09-10 16:41:05,0.0,0.0
2025-09-10 16:41:05,0.0,0.0
2025-09-10 16:41:05,0.0,0.0
2025-09-10 16:41:05,0.0,0.0
2025-09-10 16:41:05,0.0,0.0
2025-09-10 16:41:05,0.0,0.0
2025-09-10 16:41:05,0.0,0.0
2025-09-10 16:41:05,0.0,0.0
2025-09-10 16:41:05,0.0,0.0
2025-09-10 16:41:05,0.0,0.0
2025-09-10 16:41:05,0.0,0.0
2025-09-10 16:41:05,0.0,0.0
2025-09-10 16:41:05,0.0,0.0
2025-09-10 16:41:05,0.0,0.0
2025-09-10 16:41:05,0.0,0.0
2025-09-10 16:41:05,0.0,0.0
2025-09-10 16:41:05,0.0,0.0
2025-09-10 16:41:05,0.0,0.0
2025-09-10 16:41:05,0.0,0.0
2025-09-10 16:41:05,0.0,0.0
2025-09-10 16:41:10,0.0,2.0
2025-09-10 16:41:10,11.1,22.6
2025-09-10 16:41:10,11.2,27.8
2025-09-10 16:41:10,38.1,54.2
2025-09-10 16:41:10,38.2,37.2
2025-09-10 16:41:10,96.1,106.0
2025-09-10 16:41:10,96.2,91.0
2025-09-10 16:41:10,307.1,34.0
2025-09-10 16:41:10,307.2,0.0
2025-09-10 16:41:10,52.1,32.4
2025-09-10 16:41:10,52.2,0.0
2025-09-10 16:41:10,102.1,28.2
2025-09-10 16:41:10,102.2,0.0
2025-09-10 16:41:10,124.2,0.0
2025-09-10 16:41:10,124.1,22.8
2025-09-10 16:41:10,48.2,8.8
2025-09-10 16:41:10,48.1,24.6
2025-09-10 16:41:10,75.2,0.0
2025-09-10 16:41:10,75.1,3.8
2025-09-10 16:41:10,109.2,3.0
2025-09-10 16:41:10,109.1,3.2
2025-09-10 16:41:10,123.2,8.2
2025-09-10 16:41:10,123.1,6.2
2025-09-10 16:41:10,26.1,10.6
2025-09-10 16:41:10,26.2,9.0
2025-09-10 16:41:10,66.1,8.8
2025-09-10 16:41:10,66.2,4.8
2025-09-10 16:41:10,10.1,12.8
2025-09-10 16:41:10,10.2,7.4
2025-09-10 16:41:10,58.1,0.0
2025-09-10 16:41:10,58.2,0.0
2025-09-10 16:41:10,306.1,7.8
2025-09-10 16:41:10,306.2,6.0
2025-09-10 16:41:10,9.1,7.2
2025-09-10 16:41:10,9.2,0.0
2025-09-10 16:41:10,57.1,17.2
2025-09-10 16:41:10,57.2,3.2
2025-09-10 16:41:10,79.1,8.8
2025-09-10 16:41:10,79.2,11.2
2025-09-10 16:41:10,116.1,8.8
2025-09-10 16:41:10,116.2,14.8
2025-09-10 16:41:10,13.1,6.6
2025-09-10 16:41:10,13.2,10.8
2025-09-10 16:41:10,76.1,12.6
2025-09-10 16:41:10,76.2,9.8
2025-09-10 16:41:10,17.1,9.0
2025-09-10 16:41:10,17.2,9.8
2025-09-10 16:41:10,125.1,11.0
2025-09-10 16:41:10,125.2,5.0
2025-09-10 16:41:10,0.0,0.0
2025-09-10 16:41:10,0.0,0.0
2025-09-10 16:41:10,104.1,0.0
2025-09-10 16:41:10,104.2,0.0
2025-09-10 16:41:10,119.1,0.0
2025-09-10 16:41:10,119.2,0.0
2025-09-10 16:41:10,64.1,0.0
2025-09-10 16:41:10,64.2,0.0
2025-09-10 16:41:10,29.1,0.0
2025-09-10 16:41:10,29.2,0.0
2025-09-10 16:41:10,53.1,0.0
2025-09-10 16:41:10,53.2,0.0
2025-09-10 16:41:10,77.1,0.0
2025-09-10 16:41:10,77.2,0.0
2025-09-10 16:41:10,37.1,0.0
2025-09-10 16:41:10,37.2,0.0
2025-09-10 16:41:10,70.1,9.8
2025-09-10 16:41:10,70.2,0.0
2025-09-10 16:41:10,28.1,8.2
2025-09-10 16:41:10,28.2,14.2
2025-09-10 16:41:10,0.1,0.0
2025-09-10 16:41:10,0.2,0.0
2025-09-10 16:41:10,25.1,0.0
2025-09-10 16:41:10,25.2,0.0
2025-09-10 16:41:10,301.1,5.2
2025-09-10 16:41:10,301.2,11.0
2025-09-10 16:41:10,304.1,11.2
2025-09-10 16:41:10,304.2,7.6
2025-09-10 16:41:10,22.1,128.0
2025-09-10 16:41:10,22.2,4.2
2025-09-10 16:41:10,4.1,11.6
2025-09-10 16:41:10,4.2,12.2
2025-09-10 16:41:10,12.1,11.2
2025-09-10 16:41:10,12.2,6.2
2025-09-10 16:41:10,99.1,14.0
2025-09-10 16:41:10,99.2,2.8
2025-09-10 16:41:10,56.1,11.4
2025-09-10 16:41:10,56.2,14.8
2025-09-10 16:41:10,122.1,6.0
2025-09-10 16:41:10,122.2,10.6
2025-09-10 16:41:10,55.1,12.8
2025-09-10 16:41:10,55.2,1.4
2025-09-10 16:41:10,83.1,2.0
2025-09-10 16:41:10,83.2,8.0
2025-09-10 16:41:10,97.1,1.2
2025-09-10 16:41:10,97.2,13.6
2025-09-10 16:41:10,84.1,14.6
2025-09-10 16:41:10,84.2,5.2
2025-09-10 16:41:10,305.1,9.6
2025-09-10 16:41:10,305.2,11.0
2025-09-10 16:41:10,2.1,42.4
2025-09-10 16:41:10,2.2,14.0
2025-09-10 16:41:10,45.1,14.0
2025-09-10 16:41:10,45.2,5.4
2025-09-10 16:41:10,0.0,0.0
2025-09-10 16:41:10,0.0,0.0
2025-09-10 16:41:10,0.0,0.0
2025-09-10 16:41:10,0.0,0.0
2025-09-10 16:41:10,0.0,0.0
2025-09-10 16:41:10,0.0,0.0
2025-09-10 16:41:10,0.0,0.0
2025-09-10 16:41:10,0.0,0.0
2025-09-10 16:41:10,0.0,0.0
2025-09-10 16:41:10,0.0,0.0
2025-09-10 16:41:10,0.0,0.0
2025-09-10 16:41:10,0.0,0.0
2025-09-10 16:41:10,0.0,0.0
2025-09-10 16:41:10,0.0,0.0
2025-09-10 16:41:10,0.0,0.0
2025-09-10 16:41:10,0.0,0.0
2025-09-10 16:41:10,0.0,0.0
2025-09-10 16:41:10,0.0,0.0
2025-09-10 16:41:10,0.0,0.0
2025-09-10 16:41:10,0.0,0.0
2025-09-10 16:41:10,0.0,0.0
2025-09-10 16:41:10,0.0,0.0
2025-09-10 16:41:10,0.0,0.0
2025-09-10 16:41:10,0.0,0.0
2025-09-10 16:41:10,0.0,0.0
2025-09-10 16:41:10,0.0,0.0
2025-09-10 16:41:10,0.0,0.0
2025-09-10 16:41:10,0.0,0.0
2025-09-10 16:41:15,0.0,2.0
2025-09-10 16:41:15,11.1,22.4
2025-09-10 16:41:15,11.2,25.0
2025-09-10 16:41:15,38.1,48.2
2025-09-10 16:41:15,38.2,36.4
2025-09-10 16:41:15,96.1,114.0
2025-09-10 16:41:15,96.2,93.0
2025-09-10 16:41:15,307.1,35.6
2025-09-10 16:41:15,307.2,0.0
2025-09-10 16:41:15,52.1,30.8
2025-09-10 16:41:15,52.2,0.0
2025-09-10 16:41:15,102.1,27.8
2025-09-10 16:41:15,102.2,0.0
2025-09-10 16:41:15,124.2,0.0
2025-09-10 16:41:15,124.1,24.6
2025-09-10 16:41:15,48.2,11.8
2025-09-10 16:41:15,48.1,28.8
2025-09-10 16:41:15,75.2,0.0
2025-09-10 16:41:15,75.1,4.2
2025-09-10 16:41:15,109.2,1.4
2025-09-10 16:41:15,109.1,4.4
2025-09-10 16:41:15,123.2,8.0
2025-09-10 16:41:15,123.1,6.6
2025-09-10 16:41:15,26.1,11.4
2025-09-10 16:41:15,26.2,10.8
2025-09-10 16:41:15,66.1,10.2
2025-09-10 16:41:15,66.2,5.0
2025-09-10 16:41:15,10.1,14.2
2025-09-10 16:41:15,10.2,9.8
2025-09-10 16:41:15,58.1,0.0
2025-09-10 16:41:15,58.2,0.0
2025-09-10 16:41:15,306.1,12.2
2025-09-10 16:41:15,306.2,6.6
2025-09-10 16:41:15,9.1,5.6
2025-09-10 16:41:15,9.2,0.0
2025-09-10 16:41:15,57.1,13.6
2025-09-10 16:41:15,57.2,3.4
2025-09-10 16:41:15,79.1,7.2
2025-09-10 16:41:15,79.2,14.4
2025-09-10 16:41:15,116.1,10.8
2025-09-10 16:41:15,116.2,13.6
2025-09-10 16:41:15,13.1,11.4
2025-09-10 16:41:15,13.2,10.4
2025-09-10 16:41:15,76.1,12.8
2025-09-10 16:41:15,76.2,8.0
2025-09-10 16:41:15,17.1,13.4
2025-09-10 16:41:15,17.2,8.8
2025-09-10 16:41:15,125.1,10.0
2025-09-10 16:41:15,125.2,2.8
2025-09-10 16:41:15,0.0,0.0
2025-09-10 16:41:15,0.0,0.0
2025-09-10 16:41:15,104.1,0.0
2025-09-10 16:41:15,104.2,0.0
2025-09-10 16:41:15,119.1,0.0
2025-09-10 16:41:15,119.2,0.0
2025-09-10 16:41:15,64.1,0.0
2025-09-10 16:41:15,64.2,0.0
2025-09-10 16:41:15,29.1,0.0
2025-09-10 16:41:15,29.2,0.0
2025-09-10 16:41:15,53.1,0.0
2025-09-10 16:41:15,53.2,0.0
2025-09-10 16:41:15,77.1,0.0
2025-09-10 16:41:15,77.2,0.0
2025-09-10 16:41:15,37.1,0.0
2025-09-10 16:41:15,37.2,0.0
2025-09-10 16:41:15,70.1,8.4
2025-09-10 16:41:15,70.2,0.0
2025-09-10 16:41:15,28.1,7.2
2025-09-10 16:41:15,28.2,12.6
2025-09-10 16:41:15,0.1,0.0
2025-09-10 16:41:15,0.2,0.0
2025-09-10 16:41:15,25.1,0.0
2025-09-10 16:41:15,25.2,0.0
2025-09-10 16:41:15,301.1,5.6
2025-09-10 16:41:15,301.2,14.8
2025-09-10 16:41:15,304.1,13.6
2025-09-10 16:41:15,304.2,7.8
2025-09-10 16:41:15,22.1,273.6
2025-09-10 16:41:15,22.2,9.0
2025-09-10 16:41:15,4.1,9.6
2025-09-10 16:41:15,4.2,10.8
2025-09-10 16:41:15,12.1,8.4
2025-09-10 16:41:15,12.2,6.8
2025-09-10 16:41:15,99.1,15.6
2025-09-10 16:41:15,99.2,4.0
2025-09-10 16:41:15,56.1,11.6
2025-09-10 16:41:15,56.2,14.2
2025-09-10 16:41:15,122.1,5.8
2025-09-10 16:41:15,122.2,9.8
2025-09-10 16:41:15,55.1,13.6
2025-09-10 16:41:15,55.2,1.0
2025-09-10 16:41:15,83.1,3.4
2025-09-10 16:41:15,83.2,7.8
2025-09-10 16:41:15,97.1,0.8
2025-09-10 16:41:15,97.2,11.6
2025-09-10 16:41:15,84.1,13.2
2025-09-10 16:41:15,84.2,6.4
2025-09-10 16:41:15,305.1,11.0
2025-09-10 16:41:15,305.2,9.4
2025-09-10 16:41:15,2.1,44.0
2025-09-10 16:41:15,2.2,13.2
2025-09-10 16:41:15,45.1,13.6
2025-09-10 16:41:15,45.2,6.8
2025-09-10 16:41:15,0.0,0.0
2025-09-10 16:41:15,0.0,0.0
2025-09-10 16:41:15,0.0,0.0
2025-09-10 16:41:15,0.0,0.0
2025-09-10 16:41:15,0.0,0.0
2025-09-10 16:41:15,0.0,0.0
2025-09-10 16:41:15,0.0,0.0
2025-09-10 16:41:15,0.0,0.0
2025-09-10 16:41:15,0.0,0.0
2025-09-10 16:41:15,0.0,0.0
2025-09-10 16:41:15,0.0,0.0
2025-09-10 16:41:15,0.0,0.0
2025-09-10 16:41:15,0.0,0.0
2025-09-10 16:41:15,0.0,0.0
2025-09-10 16:41:15,0.0,0.0
2025-09-10 16:41:15,0.0,0.0
2025-09-10 16:41:15,0.0,0.0
2025-09-10 16:41:15,0.0,0.0
2025-09-10 16:41:15,0.0,0.0
2025-09-10 16:41:15,0.0,0.0
2025-09-10 16:41:15,0.0,0.0
2025-09-10 16:41:15,0.0,0.0
2025-09-10 16:41:15,0.0,0.0
2025-09-10 16:41:15,0.0,0.0
2025-09-10 16:41:15,0.0,0.0
2025-09-10 16:41:15,0.0,0.0
2025-09-10 16:41:15,0.0,0.0
2025-09-10 16:41:15,0.0,0.0
2025-09-10 16:41:20,0.0,2.0
2025-09-10 16:41:20,11.1,23.4
2025-09-10 16:41:20,11.2,25.6
2025-09-10 16:41:20,38.1,38.4
2025-09-10 16:41:20,38.2,29.2
2025-09-10 16:41:20,96.1,97.8
2025-09-10 16:41:20,96.2,99.8
2025-09-10 16:41:20,307.1,35.6
2025-09-10 16:41:20,307.2,0.0
2025-09-10 16:41:20,52.1,31.0
2025-09-10 16:41:20,52.2,0.0
2025-09-10 16:41:20,102.1,22.8
2025-09-10 16:41:20,102.2,0.0
2025-09-10 16:41:20,124.2,0.0
2025-09-10 16:41:20,124.1,19.8
2025-09-10 16:41:20,48.2,8.4
2025-09-10 16:41:20,48.1,22.8
2025-09-10 16:41:20,75.2,0.0
2025-09-10 16:41:20,75.1,5.0
2025-09-10 16:41:20,109.2,1.8
2025-09-10 16:41:20,109.1,4.0
2025-09-10 16:41:20,123.2,9.2
2025-09-10 16:41:20,123.1,8.4
2025-09-10 16:41:20,26.1,11.0
2025-09-10 16:41:20,26.2,6.2
2025-09-10 16:41:20,66.1,11.0
2025-09-10 16:41:20,66.2,4.8
2025-09-10 16:41:20,10.1,12.8
2025-09-10 16:41:20,10.2,8.8
2025-09-10 16:41:20,58.1,0.0
2025-09-10 16:41:20,58.2,0.0
2025-09-10 16:41:20,306.1,8.2
2025-09-10 16:41:20,306.2,5.8
2025-09-10 16:41:20,9.1,7.4
2025-09-10 16:41:20,9.2,0.0
2025-09-10 16:41:20,57.1,18.4
2025-09-10 16:41:20,57.2,3.4
2025-09-10 16:41:20,79.1,7.8
2025-09-10 16:41:20,79.2,15.0
2025-09-10 16:41:20,116.1,11.4
2025-09-10 16:41:20,116.2,9.6
2025-09-10 16:41:20,13.1,7.8
2025-09-10 16:41:20,13.2,9.8
2025-09-10 16:41:20,76.1,9.2
2025-09-10 16:41:20,76.2,7.0
2025-09-10 16:41:20,17.1,11.4
2025-09-10 16:41:20,17.2,10.0
2025-09-10 16:41:20,125.1,11.0
2025-09-10 16:41:20,125.2,3.4
2025-09-10 16:41:20,0.0,0.0
2025-09-10 16:41:20,0.0,0.0
2025-09-10 16:41:20,104.1,0.0
2025-09-10 16:41:20,104.2,0.0
2025-09-10 16:41:20,119.1,0.0
2025-09-10 16:41:20,119.2,0.0
2025-09-10 16:41:20,64.1,0.0
2025-09-10 16:41:20,64.2,0.0
2025-09-10 16:41:20,29.1,0.0
2025-09-10 16:41:20,29.2,0.0
2025-09-10 16:41:20,53.1,0.0
2025-09-10 16:41:20,53.2,0.0
2025-09-10 16:41:20,77.1,0.0
2025-09-10 16:41:20,77.2,0.0
2025-09-10 16:41:20,37.1,0.0
2025-09-10 16:41:20,37.2,0.0
2025-09-10 16:41:20,70.1,9.4
2025-09-10 16:41:20,70.2,0.0
2025-09-10 16:41:20,28.1,8.0
2025-09-10 16:41:20,28.2,16.8
2025-09-10 16:41:20,0.1,0.0
2025-09-10 16:41:20,0.2,0.0
2025-09-10 16:41:20,25.1,0.0
2025-09-10 16:41:20,25.2,0.0
2025-09-10 16:41:20,301.1,7.0
2025-09-10 16:41:20,301.2,17.4
2025-09-10 16:41:20,304.1,13.6
2025-09-10 16:41:20,304.2,7.0
2025-09-10 16:41:20,22.1,219.6
2025-09-10 16:41:20,22.2,7.2
2025-09-10 16:41:20,4.1,7.6
2025-09-10 16:41:20,4.2,10.2
2025-09-10 16:41:20,12.1,9.0
2025-09-10 16:41:20,12.2,8.6
2025-09-10 16:41:20,99.1,14.0
2025-09-10 16:41:20,99.2,3.8
2025-09-10 16:41:20,56.1,12.2
2025-09-10 16:41:20,56.2,11.0
2025-09-10 16:41:20,122.1,7.6
2025-09-10 16:41:20,122.2,10.0
2025-09-10 16:41:20,55.1,8.8
2025-09-10 16:41:20,55.2,0.8
2025-09-10 16:41:20,83.1,2.4
2025-09-10 16:41:20,83.2,7.0
2025-09-10 16:41:20,97.1,1.2
2025-09-10 16:41:20,97.2,11.4
2025-09-10 16:41:20,84.1,11.8
2025-09-10 16:41:20,84.2,3.8
2025-09-10 16:41:20,305.1,11.0
2025-09-10 16:41:20,305.2,8.8
2025-09-10 16:41:20,2.1,46.4
2025-09-10 16:41:20,2.2,13.4
2025-09-10 16:41:20,45.1,11.0
2025-09-10 16:41:20,45.2,4.8
2025-09-10 16:41:20,0.0,0.0
2025-09-10 16:41:20,0.0,0.0
2025-09-10 16:41:20,0.0,0.0
2025-09-10 16:41:20,0.0,0.0
2025-09-10 16:41:20,0.0,0.0
2025-09-10 16:41:20,0.0,0.0
2025-09-10 16:41:20,0.0,0.0
2025-09-10 16:41:20,0.0,0.0
2025-09-10 16:41:20,0.0,0.0
2025-09-10 16:41:20,0.0,0.0
2025-09-10 16:41:20,0.0,0.0
2025-09-10 16:41:20,0.0,0.0
2025-09-10 16:41:20,0.0,0.0
2025-09-10 16:41:20,0.0,0.0
2025-09-10 16:41:20,0.0,0.0
2025-09-10 16:41:20,0.0,0.0
2025-09-10 16:41:20,0.0,0.0
2025-09-10 16:41:20,0.0,0.0
2025-09-10 16:41:20,0.0,0.0
2025-09-10 16:41:20,0.0,0.0
2025-09-10 16:41:20,0.0,0.0
2025-09-10 16:41:20,0.0,0.0
2025-09-10 16:41:20,0.0,0.0
2025-09-10 16:41:20,0.0,0.0
2025-09-10 16:41:20,0.0,0.0
2025-09-10 16:41:20,0.0,0.0
2025-09-10 16:41:20,0.0,0.0
2025-09-10 16:41:20,0.0,0.0
2025-09-10 16:41:25,0.0,2.0
2025-09-10 16:41:25,11.1,22.8
2025-09-10 16:41:25,11.2,29.4
2025-09-10 16:41:25,38.1,43.2
2025-09-10 16:41:25,38.2,31.6
2025-09-10 16:41:25,96.1,102.8
2025-09-10 16:41:25,96.2,102.4
2025-09-10 16:41:25,307.1,30.6
2025-09-10 16:41:25,307.2,0.0
2025-09-10 16:41:25,52.1,29.4
2025-09-10 16:41:25,52.2,0.0
2025-09-10 16:41:25,102.1,24.8
2025-09-10 16:41:25,102.2,0.0
2025-09-10 16:41:25,124.2,0.0
2025-09-10 16:41:25,124.1,20.6
2025-09-10 16:41:25,48.2,7.6
2025-09-10 16:41:25,48.1,24.6
2025-09-10 16:41:25,75.2,0.0
2025-09-10 16:41:25,75.1,6.6
2025-09-10 16:41:25,109.2,1.0
2025-09-10 16:41:25,109.1,5.0
2025-09-10 16:41:25,123.2,6.2
2025-09-10 16:41:25,123.1,5.2
2025-09-10 16:41:25,26.1,13.2
2025-09-10 16:41:25,26.2,7.6
2025-09-10 16:41:25,66.1,9.8
2025-09-10 16:41:25,66.2,5.0
2025-09-10 16:41:25,10.1,13.4
2025-09-10 16:41:25,10.2,8.8
2025-09-10 16:41:25,58.1,0.0
2025-09-10 16:41:25,58.2,0.0
2025-09-10 16:41:25,306.1,10.6
2025-09-10 16:41:25,306.2,7.2
2025-09-10 16:41:25,9.1,8.6
2025-09-10 16:41:25,9.2,0.0
2025-09-10 16:41:25,57.1,12.8
2025-09-10 16:41:25,57.2,3.6
2025-09-10 16:41:25,79.1,10.0
2025-09-10 16:41:25,79.2,9.6
2025-09-10 16:41:25,116.1,12.2
2025-09-10 16:41:25,116.2,12.8
2025-09-10 16:41:25,13.1,9.6
2025-09-10 16:41:25,13.2,10.4
2025-09-10 16:41:25,76.1,13.6
2025-09-10 16:41:25,76.2,9.2
2025-09-10 16:41:25,17.1,10.8
2025-09-10 16:41:25,17.2,9.6
2025-09-10 16:41:25,125.1,13.0
2025-09-10 16:41:25,125.2,4.8
2025-09-10 16:41:25,0.0,0.0
2025-09-10 16:41:25,0.0,0.0
2025-09-10 16:41:25,104.1,0.0
2025-09-10 16:41:25,104.2,0.0
2025-09-10 16:41:25,119.1,0.0
2025-09-10 16:41:25,119.2,0.0
2025-09-10 16:41:25,64.1,0.0
2025-09-10 16:41:25,64.2,0.0
2025-09-10 16:41:25,29.1,0.0
2025-09-10 16:41:25,29.2,0.0
2025-09-10 16:41:25,53.1,0.0
2025-09-10 16:41:25,53.2,0.0
2025-09-10 16:41:25,77.1,0.0
2025-09-10 16:41:25,77.2,0.0
2025-09-10 16:41:25,37.1,0.0
2025-09-10 16:41:25,37.2,0.0
2025-09-10 16:41:25,70.1,8.6
2025-09-10 16:41:25,70.2,0.0
2025-09-10 16:41:25,28.1,7.2
2025-09-10 16:41:25,28.2,11.4
2025-09-10 16:41:25,0.1,0.0
2025-09-10 16:41:25,0.2,0.0
2025-09-10 16:41:25,25.1,0.0
2025-09-10 16:41:25,25.2,0.0
2025-09-10 16:41:25,301.1,6.4
2025-09-10 16:41:25,301.2,12.4
2025-09-10 16:41:25,304.1,13.2
2025-09-10 16:41:25,304.2,9.2
2025-09-10 16:41:25,22.1,200.4
2025-09-10 16:41:25,22.2,6.6
2025-09-10 16:41:25,4.1,8.2
2025-09-10 16:41:25,4.2,11.2
2025-09-10 16:41:25,12.1,8.8
2025-09-10 16:41:25,12.2,7.2
2025-09-10 16:41:25,99.1,13.4
2025-09-10 16:41:25,99.2,3.4
2025-09-10 16:41:25,56.1,10.4
2025-09-10 16:41:25,56.2,15.2
2025-09-10 16:41:25,122.1,5.8
2025-09-10 16:41:25,122.2,12.0
2025-09-10 16:41:25,55.1,12.0
2025-09-10 16:41:25,55.2,1.4
2025-09-10 16:41:25,83.1,2.0
2025-09-10 16:41:25,83.2,9.8
2025-09-10 16:41:25,97.1,1.0
2025-09-10 16:41:25,97.2,12.2
2025-09-10 16:41:25,84.1,14.8
2025-09-10 16:41:25,84.2,5.6
2025-09-10 16:41:25,305.1,10.4
2025-09-10 16:41:25,305.2,14.0
2025-09-10 16:41:25,2.1,47.2
2025-09-10 16:41:25,2.2,10.6
2025-09-10 16:41:25,45.1,11.8
2025-09-10 16:41:25,45.2,6.6
2025-09-10 16:41:25,0.0,0.0
2025-09-10 16:41:25,0.0,0.0
2025-09-10 16:41:25,0.0,0.0
2025-09-10 16:41:25,0.0,0.0
2025-09-10 16:41:25,0.0,0.0
2025-09-10 16:41:25,0.0,0.0
2025-09-10 16:41:25,0.0,0.0
2025-09-10 16:41:25,0.0,0.0
2025-09-10 16:41:25,0.0,0.0
2025-09-10 16:41:25,0.0,0.0
2025-09-10 16:41:25,0.0,0.0
2025-09-10 16:41:25,0.0,0.0
2025-09-10 16:41:25,0.0,0.0
2025-09-10 16:41:25,0.0,0.0
2025-09-10 16:41:25,0.0,0.0
2025-09-10 16:41:25,0.0,0.0
2025-09-10 16:41:25,0.0,0.0
2025-09-10 16:41:25,0.0,0.0
2025-09-10 16:41:25,0.0,0.0
2025-09-10 16:41:25,0.0,0.0
2025-09-10 16:41:25,0.0,0.0
2025-09-10 16:41:25,0.0,0.0
2025-09-10 16:41:25,0.0,0.0
2025-09-10 16:41:25,0.0,0.0
2025-09-10 16:41:25,0.0,0.0
2025-09-10 16:41:25,0.0,0.0
2025-09-10 16:41:25,0.0,0.0
2025-09-10 16:41:25,0.0,0.0
2025-09-10 16:41:30,0.0,2.0
2025-09-10 16:41:30,11.1,20.0
2025-09-10 16:41:30,11.2,29.0
2025-09-10 16:41:30,38.1,53.8
2025-09-10 16:41:30,38.2,30.4
2025-09-10 16:41:30,96.1,102.2
2025-09-10 16:41:30,96.2,111.0
2025-09-10 16:41:30,307.1,33.2
2025-09-10 16:41:30,307.2,0.0
2025-09-10 16:41:30,52.1,34.8
2025-09-10 16:41:30,52.2,0.0
2025-09-10 16:41:30,102.1,27.8
2025-09-10 16:41:30,102.2,0.0
2025-09-10 16:41:30,124.2,0.0
2025-09-10 16:41:30,124.1,22.4
2025-09-10 16:41:30,48.2,7.2
2025-09-10 16:41:30,48.1,25.0
2025-09-10 16:41:30,75.2,0.0
2025-09-10 16:41:30,75.1,5.4
2025-09-10 16:41:30,109.2,2.2
2025-09-10 16:41:30,109.1,5.8
2025-09-10 16:41:30,123.2,7.6
2025-09-10 16:41:30,123.1,7.8
2025-09-10 16:41:30,26.1,11.6
2025-09-10 16:41:30,26.2,11.0
2025-09-10 16:41:30,66.1,10.4
2025-09-10 16:41:30,66.2,5.6
2025-09-10 16:41:30,10.1,9.2
2025-09-10 16:41:30,10.2,7.8
2025-09-10 16:41:30,58.1,0.0
2025-09-10 16:41:30,58.2,0.0
2025-09-10 16:41:30,306.1,12.6
2025-09-10 16:41:30,306.2,7.4
2025-09-10 16:41:30,9.1,7.6
2025-09-10 16:41:30,9.2,0.0
2025-09-10 16:41:30,57.1,15.0
2025-09-10 16:41:30,57.2,4.2
2025-09-10 16:41:30,79.1,7.8
2025-09-10 16:41:30,79.2,12.4
2025-09-10 16:41:30,116.1,11.8
2025-09-10 16:41:30,116.2,12.4
2025-09-10 16:41:30,13.1,7.6
2025-09-10 16:41:30,13.2,10.0
2025-09-10 16:41:30,76.1,10.4
2025-09-10 16:41:30,76.2,7.2
2025-09-10 16:41:30,17.1,14.8
2025-09-10 16:41:30,17.2,10.4
2025-09-10 16:41:30,125.1,10.0
2025-09-10 16:41:30,125.2,4.2
2025-09-10 16:41:30,0.0,0.0
2025-09-10 16:41:30,0.0,0.0
2025-09-10 16:41:30,104.1,0.0
2025-09-10 16:41:30,104.2,0.0
2025-09-10 16:41:30,119.1,0.0
2025-09-10 16:41:30,119.2,0.0
2025-09-10 16:41:30,64.1,0.0
2025-09-10 16:41:30,64.2,0.0
2025-09-10 16:41:30,29.1,0.0
2025-09-10 16:41:30,29.2,0.0
2025-09-10 16:41:30,53.1,0.0
2025-09-10 16:41:30,53.2,0.0
2025-09-10 16:41:30,77.1,0.0
2025-09-10 16:41:30,77.2,0.0
2025-09-10 16:41:30,37.1,0.0
2025-09-10 16:41:30,37.2,0.0
2025-09-10 16:41:30,70.1,9.4
2025-09-10 16:41:30,70.2,0.0
2025-09-10 16:41:30,28.1,9.0
2025-09-10 16:41:30,28.2,13.8
2025-09-10 16:41:30,0.1,0.0
2025-09-10 16:41:30,0.2,0.0
2025-09-10 16:41:30,25.1,0.0
2025-09-10 16:41:30,25.2,0.0
2025-09-10 16:41:30,301.1,7.4
2025-09-10 16:41:30,301.2,15.2
2025-09-10 16:41:30,304.1,11.4
2025-09-10 16:41:30,304.2,8.4
2025-09-10 16:41:30,22.1,255.4
2025-09-10 16:41:30,22.2,8.4
2025-09-10 16:41:30,4.1,10.8
2025-09-10 16:41:30,4.2,12.6
2025-09-10 16:41:30,12.1,11.0
2025-09-10 16:41:30,12.2,7.8
2025-09-10 16:41:30,99.1,12.4
2025-09-10 16:41:30,99.2,4.4
2025-09-10 16:41:30,56.1,11.4
2025-09-10 16:41:30,56.2,14.4
2025-09-10 16:41:30,122.1,4.6
2025-09-10 16:41:30,122.2,8.4
2025-09-10 16:41:30,55.1,15.0
2025-09-10 16:41:30,55.2,0.8
2025-09-10 16:41:30,83.1,3.0
2025-09-10 16:41:30,83.2,8.0
2025-09-10 16:41:30,97.1,1.4
2025-09-10 16:41:30,97.2,14.0
2025-09-10 16:41:30,84.1,13.6
2025-09-10 16:41:30,84.2,5.2
2025-09-10 16:41:30,305.1,8.6
2025-09-10 16:41:30,305.2,10.4
2025-09-10 16:41:30,2.1,44.8
2025-09-10 16:41:30,2.2,15.4
2025-09-10 16:41:30,45.1,11.0
2025-09-10 16:41:30,45.2,4.4
2025-09-10 16:41:30,0.0,0.0
2025-09-10 16:41:30,0.0,0.0
2025-09-10 16:41:30,0.0,0.0
2025-09-10 16:41:30,0.0,0.0
2025-09-10 16:41:30,0.0,0.0
2025-09-10 16:41:30,0.0,0.0
2025-09-10 16:41:30,0.0,0.0
2025-09-10 16:41:30,0.0,0.0
2025-09-10 16:41:30,0.0,0.0
2025-09-10 16:41:30,0.0,0.0
2025-09-10 16:41:30,0.0,0.0
2025-09-10 16:41:30,0.0,0.0
2025-09-10 16:41:30,0.0,0.0
2025-09-10 16:41:30,0.0,0.0
2025-09-10 16:41:30,0.0,0.0
2025-09-10 16:41:30,0.0,0.0
2025-09-10 16:41:30,0.0,0.0
2025-09-10 16:41:30,0.0,0.0
2025-09-10 16:41:30,0.0,0.0
2025-09-10 16:41:30,0.0,0.0
2025-09-10 16:41:30,0.0,0.0
2025-09-10 16:41:30,0.0,0.0
2025-09-10 16:41:30,0.0,0.0
2025-09-10 16:41:30,0.0,0.0
2025-09-10 16:41:30,0.0,0.0
2025-09-10 16:41:30,0.0,0.0
2025-09-10 16:41:30,0.0,0.0
2025-09-10 16:41:30,0.0,0.0
2025-09-10 16:41:35,0.0,2.0
2025-09-10 16:41:35,11.1,23.2
2025-09-10 16:41:35,11.2,28.0
2025-09-10 16:41:35,38.1,44.6
2025-09-10 16:41:35,38.2,33.2
2025-09-10 16:41:35,96.1,98.2
2025-09-10 16:41:35,96.2,109.8
2025-09-10 16:41:35,307.1,36.2
2025-09-10 16:41:35,307.2,0.0
2025-09-10 16:41:35,52.1,33.0
2025-09-10 16:41:35,52.2,0.0
2025-09-10 16:41:35,102.1,32.0
2025-09-10 16:41:35,102.2,0.0
2025-09-10 16:41:35,124.2,0.0
2025-09-10 16:41:35,124.1,22.0
2025-09-10 16:41:35,48.2,12.2
2025-09-10 16:41:35,48.1,25.2
2025-09-10 16:41:35,75.2,0.0
2025-09-10 16:41:35,75.1,5.2
2025-09-10 16:41:35,109.2,4.0
2025-09-10 16:41:35,109.1,2.6
2025-09-10 16:41:35,123.2,7.6
2025-09-10 16:41:35,123.1,5.2
2025-09-10 16:41:35,26.1,11.2
2025-09-10 16:41:35,26.2,7.0
2025-09-10 16:41:35,66.1,11.4
2025-09-10 16:41:35,66.2,3.6
2025-09-10 16:41:35,10.1,10.0
2025-09-10 16:41:35,10.2,8.6
2025-09-10 16:41:35,58.1,0.0
2025-09-10 16:41:35,58.2,0.0
2025-09-10 16:41:35,306.1,8.6
2025-09-10 16:41:35,306.2,7.4
2025-09-10 16:41:35,9.1,6.6
2025-09-10 16:41:35,9.2,0.0
2025-09-10 16:41:35,57.1,10.2
2025-09-10 16:41:35,57.2,3.6
2025-09-10 16:41:35,79.1,8.0
2025-09-10 16:41:35,79.2,14.6
2025-09-10 16:41:35,116.1,9.8
2025-09-10 16:41:35,116.2,15.2
2025-09-10 16:41:35,13.1,5.4
2025-09-10 16:41:35,13.2,10.2
2025-09-10 16:41:35,76.1,9.8
2025-09-10 16:41:35,76.2,6.8
2025-09-10 16:41:35,17.1,10.4
2025-09-10 16:41:35,17.2,9.8
2025-09-10 16:41:35,125.1,9.8
2025-09-10 16:41:35,125.2,4.4
2025-09-10 16:41:35,0.0,0.0
2025-09-10 16:41:35,0.0,0.0
2025-09-10 16:41:35,104.1,0.0
2025-09-10 16:41:35,104.2,0.0
2025-09-10 16:41:35,119.1,0.0
2025-09-10 16:41:35,119.2,0.0
2025-09-10 16:41:35,64.1,0.0
2025-09-10 16:41:35,64.2,0.0
2025-09-10 16:41:35,29.1,0.0
2025-09-10 16:41:35,29.2,0.0
2025-09-10 16:41:35,53.1,0.0
2025-09-10 16:41:35,53.2,0.0
2025-09-10 16:41:35,77.1,0.0
2025-09-10 16:41:35,77.2,0.0
2025-09-10 16:41:35,37.1,0.0
2025-09-10 16:41:35,37.2,0.0
2025-09-10 16:41:35,70.1,7.8
2025-09-10 16:41:35,70.2,0.0
2025-09-10 16:41:35,28.1,6.0
2025-09-10 16:41:35,28.2,12.8
2025-09-10 16:41:35,0.1,0.0
2025-09-10 16:41:35,0.2,0.0
2025-09-10 16:41:35,25.1,0.0
2025-09-10 16:41:35,25.2,0.0
2025-09-10 16:41:35,301.1,7.2
2025-09-10 16:41:35,301.2,16.6
2025-09-10 16:41:35,304.1,11.6
2025-09-10 16:41:35,304.2,6.6
2025-09-10 16:41:35,22.1,231.6
2025-09-10 16:41:35,22.2,7.6
2025-09-10 16:41:35,4.1,8.8
2025-09-10 16:41:35,4.2,11.2
2025-09-10 16:41:35,12.1,11.8
2025-09-10 16:41:35,12.2,8.4
2025-09-10 16:41:35,99.1,12.6
2025-09-10 16:41:35,99.2,1.8
2025-09-10 16:41:35,56.1,10.2
2025-09-10 16:41:35,56.2,14.6
2025-09-10 16:41:35,122.1,7.6
2025-09-10 16:41:35,122.2,10.0
2025-09-10 16:41:35,55.1,11.2
2025-09-10 16:41:35,55.2,0.8
2025-09-10 16:41:35,83.1,2.6
2025-09-10 16:41:35,83.2,9.0
2025-09-10 16:41:35,97.1,0.6
2025-09-10 16:41:35,97.2,8.2
2025-09-10 16:41:35,84.1,11.8
2025-09-10 16:41:35,84.2,3.8
2025-09-10 16:41:35,305.1,11.0
2025-09-10 16:41:35,305.2,9.8
2025-09-10 16:41:35,2.1,39.4
2025-09-10 16:41:35,2.2,14.2
2025-09-10 16:41:35,45.1,13.6
2025-09-10 16:41:35,45.2,5.4
2025-09-10 16:41:35,0.0,0.0
2025-09-10 16:41:35,0.0,0.0
2025-09-10 16:41:35,0.0,0.0
2025-09-10 16:41:35,0.0,0.0
2025-09-10 16:41:35,0.0,0.0
2025-09-10 16:41:35,0.0,0.0
2025-09-10 16:41:35,0.0,0.0
2025-09-10 16:41:35,0.0,0.0
2025-09-10 16:41:35,0.0,0.0
2025-09-10 16:41:35,0.0,0.0
2025-09-10 16:41:35,0.0,0.0
2025-09-10 16:41:35,0.0,0.0
2025-09-10 16:41:35,0.0,0.0
2025-09-10 16:41:35,0.0,0.0
2025-09-10 16:41:35,0.0,0.0
2025-09-10 16:41:35,0.0,0.0
2025-09-10 16:41:35,0.0,0.0
2025-09-10 16:41:35,0.0,0.0
2025-09-10 16:41:35,0.0,0.0
2025-09-10 16:41:35,0.0,0.0
2025-09-10 16:41:35,0.0,0.0
2025-09-10 16:41:35,0.0,0.0
2025-09-10 16:41:35,0.0,0.0
2025-09-10 16:41:35,0.0,0.0
2025-09-10 16:41:35,0.0,0.0
2025-09-10 16:41:35,0.0,0.0
2025-09-10 16:41:35,0.0,0.0
2025-09-10 16:41:35,0.0,0.0
2025-09-10 16:41:40,0.0,2.0
2025-09-10 16:41:40,11.1,23.0
2025-09-10 16:41:40,11.2,28.6
2025-09-10 16:41:40,38.1,50.6
2025-09-10 16:41:40,38.2,35.4
2025-09-10 16:41:40,96.1,102.6
2025-09-10 16:41:40,96.2,110.4
2025-09-10 16:41:40,307.1,34.8
2025-09-10 16:41:40,307.2,0.0
2025-09-10 16:41:40,52.1,31.4
2025-09-10 16:41:40,52.2,1.6
2025-09-10 16:41:40,102.1,94.2
2025-09-10 16:41:40,102.2,0.0
2025-09-10 16:41:40,124.2,0.0
2025-09-10 16:41:40,124.1,24.6
2025-09-10 16:41:40,48.2,9.2
2025-09-10 16:41:40,48.1,24.6
2025-09-10 16:41:40,75.2,0.0
2025-09-10 16:41:40,75.1,6.6
2025-09-10 16:41:40,109.2,1.2
2025-09-10 16:41:40,109.1,5.2
2025-09-10 16:41:40,123.2,8.8
2025-09-10 16:41:40,123.1,6.6
2025-09-10 16:41:40,26.1,11.6
2025-09-10 16:41:40,26.2,8.0
2025-09-10 16:41:40,66.1,14.2
2025-09-10 16:41:40,66.2,4.8
2025-09-10 16:41:40,10.1,12.8
2025-09-10 16:41:40,10.2,8.0
2025-09-10 16:41:40,58.1,0.0
2025-09-10 16:41:40,58.2,0.0
2025-09-10 16:41:40,306.1,8.4
2025-09-10 16:41:40,306.2,4.8
2025-09-10 16:41:40,9.1,5.4
2025-09-10 16:41:40,9.2,0.0
2025-09-10 16:41:40,57.1,15.8
2025-09-10 16:41:40,57.2,2.4
2025-09-10 16:41:40,79.1,7.0
2025-09-10 16:41:40,79.2,9.4
2025-09-10 16:41:40,116.1,11.4
2025-09-10 16:41:40,116.2,11.0
2025-09-10 16:41:40,13.1,7.4
2025-09-10 16:41:40,13.2,7.4
2025-09-10 16:41:40,76.1,14.4
2025-09-10 16:41:40,76.2,9.2
2025-09-10 16:41:40,17.1,11.0
2025-09-10 16:41:40,17.2,9.4
2025-09-10 16:41:40,125.1,9.8
2025-09-10 16:41:40,125.2,4.2
2025-09-10 16:41:40,0.0,0.0
2025-09-10 16:41:40,0.0,0.0
2025-09-10 16:41:40,104.1,0.0
2025-09-10 16:41:40,104.2,0.0
2025-09-10 16:41:40,119.1,0.0
2025-09-10 16:41:40,119.2,0.0
2025-09-10 16:41:40,64.1,0.0
2025-09-10 16:41:40,64.2,0.0
2025-09-10 16:41:40,29.1,0.0
2025-09-10 16:41:40,29.2,0.0
2025-09-10 16:41:40,53.1,0.0
2025-09-10 16:41:40,53.2,0.0
2025-09-10 16:41:40,77.1,0.0
2025-09-10 16:41:40,77.2,0.0
2025-09-10 16:41:40,37.1,0.0
2025-09-10 16:41:40,37.2,0.0
2025-09-10 16:41:40,70.1,10.0
2025-09-10 16:41:40,70.2,0.0
2025-09-10 16:41:40,28.1,7.6
2025-09-10 16:41:40,28.2,16.4
2025-09-10 16:41:40,0.1,0.0
2025-09-10 16:41:40,0.2,0.0
2025-09-10 16:41:40,25.1,0.0
2025-09-10 16:41:40,25.2,0.0
2025-09-10 16:41:40,301.1,8.8
2025-09-10 16:41:40,301.2,15.6
2025-09-10 16:41:40,304.1,13.6
2025-09-10 16:41:40,304.2,9.0
2025-09-10 16:41:40,22.1,257.0
2025-09-10 16:41:40,22.2,8.4
2025-09-10 16:41:40,4.1,13.8
2025-09-10 16:41:40,4.2,13.2
2025-09-10 16:41:40,12.1,10.0
2025-09-10 16:41:40,12.2,5.6
2025-09-10 16:41:40,99.1,13.8
2025-09-10 16:41:40,99.2,3.4
2025-09-10 16:41:40,56.1,11.8
2025-09-10 16:41:40,56.2,12.6
2025-09-10 16:41:40,122.1,5.2
2025-09-10 16:41:40,122.2,9.4
2025-09-10 16:41:40,55.1,14.0
2025-09-10 16:41:40,55.2,1.8
2025-09-10 16:41:40,83.1,1.8
2025-09-10 16:41:40,83.2,8.0
2025-09-10 16:41:40,97.1,0.8
2025-09-10 16:41:40,97.2,12.2
2025-09-10 16:41:40,84.1,12.2
2025-09-10 16:41:40,84.2,4.4
2025-09-10 16:41:40,305.1,8.6
2025-09-10 16:41:40,305.2,9.2
2025-09-10 16:41:40,2.1,39.2
2025-09-10 16:41:40,2.2,13.0
2025-09-10 16:41:40,45.1,10.8
2025-09-10 16:41:40,45.2,4.2
2025-09-10 16:41:40,0.0,0.0
2025-09-10 16:41:40,0.0,0.0
2025-09-10 16:41:40,0.0,0.0
2025-09-10 16:41:40,0.0,0.0
2025-09-10 16:41:40,0.0,0.0
2025-09-10 16:41:40,0.0,0.0
2025-09-10 16:41:40,0.0,0.0
2025-09-10 16:41:40,0.0,0.0
2025-09-10 16:41:40,0.0,0.0
2025-09-10 16:41:40,0.0,0.0
2025-09-10 16:41:40,0.0,0.0
2025-09-10 16:41:40,0.0,0.0
2025-09-10 16:41:40,0.0,0.0
2025-09-10 16:41:40,0.0,0.0
2025-09-10 16:41:40,0.0,0.0
2025-09-10 16:41:40,0.0,0.0
2025-09-10 16:41:40,0.0,0.0
2025-09-10 16:41:40,0.0,0.0
2025-09-10 16:41:40,0.0,0.0
2025-09-10 16:41:40,0.0,0.0
2025-09-10 16:41:40,0.0,0.0
2025-09-10 16:41:40,0.0,0.0
2025-09-10 16:41:40,0.0,0.0
2025-09-10 16:41:40,0.0,0.0
2025-09-10 16:41:40,0.0,0.0
2025-09-10 16:41:40,0.0,0.0
2025-09-10 16:41:40,0.0,0.0
2025-09-10 16:41:40,0.0,0.0
2025-09-10 16:41:45,0.0,2.0
2025-09-10 16:41:45,11.1,25.0
2025-09-10 16:41:45,11.2,28.4
2025-09-10 16:41:45,38.1,48.0
2025-09-10 16:41:45,38.2,36.8
2025-09-10 16:41:45,96.1,92.2
2025-09-10 16:41:45,96.2,120.4
2025-09-10 16:41:45,307.1,35.0
2025-09-10 16:41:45,307.2,0.0
2025-09-10 16:41:45,52.1,28.2
2025-09-10 16:41:45,52.2,0.2
2025-09-10 16:41:45,102.1,62.8
2025-09-10 16:41:45,102.2,0.0
2025-09-10 16:41:45,124.2,0.0
2025-09-10 16:41:45,124.1,21.2
2025-09-10 16:41:45,48.2,9.4
2025-09-10 16:41:45,48.1,27.4
2025-09-10 16:41:45,75.2,0.0
2025-09-10 16:41:45,75.1,5.8
2025-09-10 16:41:45,109.2,0.8
2025-09-10 16:41:45,109.1,3.0
2025-09-10 16:41:45,123.2,6.0
2025-09-10 16:41:45,123.1,5.6
2025-09-10 16:41:45,26.1,11.6
2025-09-10 16:41:45,26.2,7.6
2025-09-10 16:41:45,66.1,11.6
2025-09-10 16:41:45,66.2,6.0
2025-09-10 16:41:45,10.1,12.0
2025-09-10 16:41:45,10.2,7.8
2025-09-10 16:41:45,58.1,0.0
2025-09-10 16:41:45,58.2,0.0
2025-09-10 16:41:45,306.1,10.0
2025-09-10 16:41:45,306.2,4.8
2025-09-10 16:41:45,9.1,6.6
2025-09-10 16:41:45,9.2,0.0
2025-09-10 16:41:45,57.1,16.2
2025-09-10 16:41:45,57.2,3.0
2025-09-10 16:41:45,79.1,8.8
2025-09-10 16:41:45,79.2,14.0
2025-09-10 16:41:45,116.1,10.8
2025-09-10 16:41:45,116.2,12.4
2025-09-10 16:41:45,13.1,7.6
2025-09-10 16:41:45,13.2,9.6
2025-09-10 16:41:45,76.1,13.4
2025-09-10 16:41:45,76.2,9.6
2025-09-10 16:41:45,17.1,9.6
2025-09-10 16:41:45,17.2,9.2
2025-09-10 16:41:45,125.1,10.6
2025-09-10 16:41:45,125.2,4.6
2025-09-10 16:41:45,0.0,0.0
2025-09-10 16:41:45,0.0,0.0
2025-09-10 16:41:45,104.1,0.0
2025-09-10 16:41:45,104.2,0.0
2025-09-10 16:41:45,119.1,0.0
2025-09-10 16:41:45,119.2,0.0
2025-09-10 16:41:45,64.1,0.0
2025-09-10 16:41:45,64.2,0.0
2025-09-10 16:41:45,29.1,0.0
2025-09-10 16:41:45,29.2,0.0
2025-09-10 16:41:45,53.1,0.0
2025-09-10 16:41:45,53.2,0.0
2025-09-10 16:41:45,77.1,0.0
2025-09-10 16:41:45,77.2,0.0
2025-09-10 16:41:45,37.1,0.0
2025-09-10 16:41:45,37.2,0.0
2025-09-10 16:41:45,70.1,9.4
2025-09-10 16:41:45,70.2,0.0
2025-09-10 16:41:45,28.1,6.0
2025-09-10 16:41:45,28.2,9.8
2025-09-10 16:41:45,0.1,0.0
2025-09-10 16:41:45,0.2,0.0
2025-09-10 16:41:45,25.1,0.0
2025-09-10 16:41:45,25.2,0.0
2025-09-10 16:41:45,301.1,8.6
2025-09-10 16:41:45,301.2,13.6
2025-09-10 16:41:45,304.1,13.6
2025-09-10 16:41:45,304.2,7.2
2025-09-10 16:41:45,22.1,281.4
2025-09-10 16:41:45,22.2,9.4
2025-09-10 16:41:45,4.1,10.4
2025-09-10 16:41:45,4.2,14.0
2025-09-10 16:41:45,12.1,10.0
2025-09-10 16:41:45,12.2,7.4
2025-09-10 16:41:45,99.1,13.2
2025-09-10 16:41:45,99.2,3.8
2025-09-10 16:41:45,56.1,10.4
2025-09-10 16:41:45,56.2,17.0
2025-09-10 16:41:45,122.1,6.8
2025-09-10 16:41:45,122.2,11.0
2025-09-10 16:41:45,55.1,13.8
2025-09-10 16:41:45,55.2,2.0
2025-09-10 16:41:45,83.1,1.8
2025-09-10 16:41:45,83.2,8.6
2025-09-10 16:41:45,97.1,1.8
2025-09-10 16:41:45,97.2,16.8
2025-09-10 16:41:45,84.1,12.0
2025-09-10 16:41:45,84.2,4.8
2025-09-10 16:41:45,305.1,6.8
2025-09-10 16:41:45,305.2,11.6
2025-09-10 16:41:45,2.1,43.0
2025-09-10 16:41:45,2.2,11.8
2025-09-10 16:41:45,45.1,13.0
2025-09-10 16:41:45,45.2,2.6
2025-09-10 16:41:45,0.0,0.0
2025-09-10 16:41:45,0.0,0.0
2025-09-10 16:41:45,0.0,0.0
2025-09-10 16:41:45,0.0,0.0
2025-09-10 16:41:45,0.0,0.0
2025-09-10 16:41:45,0.0,0.0
2025-09-10 16:41:45,0.0,0.0
2025-09-10 16:41:45,0.0,0.0
2025-09-10 16:41:45,0.0,0.0
2025-09-10 16:41:45,0.0,0.0
2025-09-10 16:41:45,0.0,0.0
2025-09-10 16:41:45,0.0,0.0
2025-09-10 16:41:45,0.0,0.0
2025-09-10 16:41:45,0.0,0.0
2025-09-10 16:41:45,0.0,0.0
2025-09-10 16:41:45,0.0,0.0
2025-09-10 16:41:45,0.0,0.0
2025-09-10 16:41:45,0.0,0.0
2025-09-10 16:41:45,0.0,0.0
2025-09-10 16:41:45,0.0,0.0
2025-09-10 16:41:45,0.0,0.0
2025-09-10 16:41:45,0.0,0.0
2025-09-10 16:41:45,0.0,0.0
2025-09-10 16:41:45,0.0,0.0
2025-09-10 16:41:45,0.0,0.0
2025-09-10 16:41:45,0.0,0.0
2025-09-10 16:41:45,0.0,0.0
2025-09-10 16:41:45,0.0,0.0
2025-09-10 16:41:50,0.0,2.0
2025-09-10 16:41:50,11.1,18.8
2025-09-10 16:41:50,11.2,29.2
2025-09-10 16:41:50,38.1,44.2
2025-09-10 16:41:50,38.2,32.0
2025-09-10 16:41:50,96.1,102.8
2025-09-10 16:41:50,96.2,123.0
2025-09-10 16:41:50,307.1,34.6
2025-09-10 16:41:50,307.2,0.0
2025-09-10 16:41:50,52.1,34.2
2025-09-10 16:41:50,52.2,0.0
2025-09-10 16:41:50,102.1,58.0
2025-09-10 16:41:50,102.2,0.0
2025-09-10 16:41:50,124.2,0.0
2025-09-10 16:41:50,124.1,21.6
2025-09-10 16:41:50,48.2,7.2
2025-09-10 16:41:50,48.1,22.0
2025-09-10 16:41:50,75.2,0.0
2025-09-10 16:41:50,75.1,3.4
2025-09-10 16:41:50,109.2,1.8
2025-09-10 16:41:50,109.1,3.2
2025-09-10 16:41:50,123.2,8.2
2025-09-10 16:41:50,123.1,5.4
2025-09-10 16:41:50,26.1,13.0
2025-09-10 16:41:50,26.2,9.8
2025-09-10 16:41:50,66.1,12.4
2025-09-10 16:41:50,66.2,6.0
2025-09-10 16:41:50,10.1,11.8
2025-09-10 16:41:50,10.2,8.2
2025-09-10 16:41:50,58.1,0.0
2025-09-10 16:41:50,58.2,0.0
2025-09-10 16:41:50,306.1,13.2
2025-09-10 16:41:50,306.2,6.6
2025-09-10 16:41:50,9.1,8.8
2025-09-10 16:41:50,9.2,0.0
2025-09-10 16:41:50,57.1,14.0
2025-09-10 16:41:50,57.2,1.8
2025-09-10 16:41:50,79.1,8.8
2025-09-10 16:41:50,79.2,12.4
2025-09-10 16:41:50,116.1,11.4
2025-09-10 16:41:50,116.2,10.8
2025-09-10 16:41:50,13.1,8.8
2025-09-10 16:41:50,13.2,13.0
2025-09-10 16:41:50,76.1,10.8
2025-09-10 16:41:50,76.2,8.2
2025-09-10 16:41:50,17.1,11.4
2025-09-10 16:41:50,17.2,7.6
2025-09-10 16:41:50,125.1,9.6
2025-09-10 16:41:50,125.2,3.2
2025-09-10 16:41:50,0.0,0.0
2025-09-10 16:41:50,0.0,0.0
2025-09-10 16:41:50,104.1,0.0
2025-09-10 16:41:50,104.2,0.0
2025-09-10 16:41:50,119.1,0.0
2025-09-10 16:41:50,119.2,0.0
2025-09-10 16:41:50,64.1,0.0
2025-09-10 16:41:50,64.2,0.0
2025-09-10 16:41:50,29.1,0.0
2025-09-10 16:41:50,29.2,0.0
2025-09-10 16:41:50,53.1,0.0
2025-09-10 16:41:50,53.2,0.0
2025-09-10 16:41:50,77.1,0.0
2025-09-10 16:41:50,77.2,0.0
2025-09-10 16:41:50,37.1,0.0
2025-09-10 16:41:50,37.2,0.0
2025-09-10 16:41:50,70.1,9.2
2025-09-10 16:41:50,70.2,0.0
2025-09-10 16:41:50,28.1,6.6
2025-09-10 16:41:50,28.2,14.4
2025-09-10 16:41:50,0.1,0.0
2025-09-10 16:41:50,0.2,0.0
2025-09-10 16:41:50,25.1,0.0
2025-09-10 16:41:50,25.2,0.0
2025-09-10 16:41:50,301.1,5.2
2025-09-10 16:41:50,301.2,14.4
2025-09-10 16:41:50,304.1,12.6
2025-09-10 16:41:50,304.2,6.4
2025-09-10 16:41:50,22.1,183.6
2025-09-10 16:41:50,22.2,6.0
2025-09-10 16:41:50,4.1,11.6
2025-09-10 16:41:50,4.2,12.8
2025-09-10 16:41:50,12.1,9.0
2025-09-10 16:41:50,12.2,6.8
2025-09-10 16:41:50,99.1,14.2
2025-09-10 16:41:50,99.2,2.4
2025-09-10 16:41:50,56.1,10.8
2025-09-10 16:41:50,56.2,12.8
2025-09-10 16:41:50,122.1,7.8
2025-09-10 16:41:50,122.2,8.0
2025-09-10 16:41:50,55.1,15.8
2025-09-10 16:41:50,55.2,1.4
2025-09-10 16:41:50,83.1,2.4
2025-09-10 16:41:50,83.2,8.2
2025-09-10 16:41:50,97.1,0.4
2025-09-10 16:41:50,97.2,10.4
2025-09-10 16:41:50,84.1,13.4
2025-09-10 16:41:50,84.2,4.4
2025-09-10 16:41:50,305.1,9.8
2025-09-10 16:41:50,305.2,7.2
2025-09-10 16:41:50,2.1,38.8
2025-09-10 16:41:50,2.2,15.8
2025-09-10 16:41:50,45.1,12.0
2025-09-10 16:41:50,45.2,5.8
2025-09-10 16:41:50,0.0,0.0
2025-09-10 16:41:50,0.0,0.0
2025-09-10 16:41:50,0.0,0.0
2025-09-10 16:41:50,0.0,0.0
2025-09-10 16:41:50,0.0,0.0
2025-09-10 16:41:50,0.0,0.0
2025-09-10 16:41:50,0.0,0.0
2025-09-10 16:41:50,0.0,0.0
2025-09-10 16:41:50,0.0,0.0
2025-09-10 16:41:50,0.0,0.0
2025-09-10 16:41:50,0.0,0.0
2025-09-10 16:41:50,0.0,0.0
2025-09-10 16:41:50,0.0,0.0
2025-09-10 16:41:50,0.0,0.0
2025-09-10 16:41:50,0.0,0.0
2025-09-10 16:41:50,0.0,0.0
2025-09-10 16:41:50,0.0,0.0
2025-09-10 16:41:50,0.0,0.0
2025-09-10 16:41:50,0.0,0.0
2025-09-10 16:41:50,0.0,0.0
2025-09-10 16:41:50,0.0,0.0
2025-09-10 16:41:50,0.0,0.0
2025-09-10 16:41:50,0.0,0.0
2025-09-10 16:41:50,0.0,0.0
2025-09-10 16:41:50,0.0,0.0
2025-09-10 16:41:50,0.0,0.0
2025-09-10 16:41:50,0.0,0.0
2025-09-10 16:41:50,0.0,0.0
2025-09-10 16:41:55,0.0,2.0
2025-09-10 16:41:55,11.1,22.0
2025-09-10 16:41:55,11.2,27.2
2025-09-10 16:41:55,38.1,51.2
2025-09-10 16:41:55,38.2,33.8
2025-09-10 16:41:55,96.1,103.6
2025-09-10 16:41:55,96.2,126.6
2025-09-10 16:41:55,307.1,39.2
2025-09-10 16:41:55,307.2,0.0
2025-09-10 16:41:55,52.1,33.0
2025-09-10 16:41:55,52.2,0.0
2025-09-10 16:41:55,102.1,53.4
2025-09-10 16:41:55,102.2,0.0
2025-09-10 16:41:55,124.2,0.0
2025-09-10 16:41:55,124.1,22.6
2025-09-10 16:41:55,48.2,11.2
2025-09-10 16:41:55,48.1,25.8
2025-09-10 16:41:55,75.2,0.0
2025-09-10 16:41:55,75.1,5.8
2025-09-10 16:41:55,109.2,2.2
2025-09-10 16:41:55,109.1,3.2
2025-09-10 16:41:55,123.2,7.6
2025-09-10 16:41:55,123.1,6.8
2025-09-10 16:41:55,26.1,12.2
2025-09-10 16:41:55,26.2,8.6
2025-09-10 16:41:55,66.1,8.6
2025-09-10 16:41:55,66.2,3.4
2025-09-10 16:41:55,10.1,12.2
2025-09-10 16:41:55,10.2,9.2
2025-09-10 16:41:55,58.1,0.0
2025-09-10 16:41:55,58.2,0.0
2025-09-10 16:41:55,306.1,9.4
2025-09-10 16:41:55,306.2,5.4
2025-09-10 16:41:55,9.1,6.8
2025-09-10 16:41:55,9.2,0.0
2025-09-10 16:41:55,57.1,15.6
2025-09-10 16:41:55,57.2,1.8
2025-09-10 16:41:55,79.1,7.4
2025-09-10 16:41:55,79.2,11.8
2025-09-10 16:41:55,116.1,13.4
2025-09-10 16:41:55,116.2,11.4
2025-09-10 16:41:55,13.1,11.8
2025-09-10 16:41:55,13.2,9.0
2025-09-10 16:41:55,76.1,12.4
2025-09-10 16:41:55,76.2,7.8
2025-09-10 16:41:55,17.1,11.4
2025-09-10 16:41:55,17.2,10.0
2025-09-10 16:41:55,125.1,9.8
2025-09-10 16:41:55,125.2,3.2
2025-09-10 16:41:55,0.0,0.0
2025-09-10 16:41:55,0.0,0.0
2025-09-10 16:41:55,104.1,0.0
2025-09-10 16:41:55,104.2,0.0
2025-09-10 16:41:55,119.1,0.0
2025-09-10 16:41:55,119.2,0.0
2025-09-10 16:41:55,64.1,0.0
2025-09-10 16:41:55,64.2,0.0
2025-09-10 16:41:55,29.1,0.0
2025-09-10 16:41:55,29.2,0.0
2025-09-10 16:41:55,53.1,0.0
2025-09-10 16:41:55,53.2,0.0
2025-09-10 16:41:55,77.1,0.0
2025-09-10 16:41:55,77.2,0.0
2025-09-10 16:41:55,37.1,0.0
2025-09-10 16:41:55,37.2,0.0
2025-09-10 16:41:55,70.1,7.8
2025-09-10 16:41:55,70.2,0.0
2025-09-10 16:41:55,28.1,6.4
2025-09-10 16:41:55,28.2,11.2
2025-09-10 16:41:55,0.1,0.0
2025-09-10 16:41:55,0.2,0.0
2025-09-10 16:41:55,25.1,0.0
2025-09-10 16:41:55,25.2,0.0
2025-09-10 16:41:55,301.1,7.4
2025-09-10 16:41:55,301.2,15.0
2025-09-10 16:41:55,304.1,12.4
2025-09-10 16:41:55,304.2,5.8
2025-09-10 16:41:55,22.1,238.2
2025-09-10 16:41:55,22.2,7.8
2025-09-10 16:41:55,4.1,12.8
2025-09-10 16:41:55,4.2,12.6
2025-09-10 16:41:55,12.1,13.4
2025-09-10 16:41:55,12.2,6.6
2025-09-10 16:41:55,99.1,12.6
2025-09-10 16:41:55,99.2,2.6
2025-09-10 16:41:55,56.1,8.6
2025-09-10 16:41:55,56.2,12.2
2025-09-10 16:41:55,122.1,5.6
2025-09-10 16:41:55,122.2,10.6
2025-09-10 16:41:55,55.1,11.8
2025-09-10 16:41:55,55.2,1.6
2025-09-10 16:41:55,83.1,1.8
2025-09-10 16:41:55,83.2,7.0
2025-09-10 16:41:55,97.1,0.8
2025-09-10 16:41:55,97.2,13.4
2025-09-10 16:41:55,84.1,12.8
2025-09-10 16:41:55,84.2,4.4
2025-09-10 16:41:55,305.1,10.4
2025-09-10 16:41:55,305.2,12.4
2025-09-10 16:41:55,2.1,44.0
2025-09-10 16:41:55,2.2,13.0
2025-09-10 16:41:55,45.1,15.6
2025-09-10 16:41:55,45.2,6.4
2025-09-10 16:41:55,0.0,0.0
2025-09-10 16:41:55,0.0,0.0
2025-09-10 16:41:55,0.0,0.0
2025-09-10 16:41:55,0.0,0.0
2025-09-10 16:41:55,0.0,0.0
2025-09-10 16:41:55,0.0,0.0
2025-09-10 16:41:55,0.0,0.0
2025-09-10 16:41:55,0.0,0.0
2025-09-10 16:41:55,0.0,0.0
2025-09-10 16:41:55,0.0,0.0
2025-09-10 16:41:55,0.0,0.0
2025-09-10 16:41:55,0.0,0.0
2025-09-10 16:41:55,0.0,0.0
2025-09-10 16:41:55,0.0,0.0
2025-09-10 16:41:55,0.0,0.0
2025-09-10 16:41:55,0.0,0.0
2025-09-10 16:41:55,0.0,0.0
2025-09-10 16:41:55,0.0,0.0
2025-09-10 16:41:55,0.0,0.0
2025-09-10 16:41:55,0.0,0.0
2025-09-10 16:41:55,0.0,0.0
2025-09-10 16:41:55,0.0,0.0
2025-09-10 16:41:55,0.0,0.0
2025-09-10 16:41:55,0.0,0.0
2025-09-10 16:41:55,0.0,0.0
2025-09-10 16:41:55,0.0,0.0
2025-09-10 16:41:55,0.0,0.0
2025-09-10 16:41:55,0.0,0.0
2025-09-10 16:42:00,0.0,2.0
2025-09-10 16:42:00,11.1,19.6
2025-09-10 16:42:00,11.2,28.6
2025-09-10 16:42:00,38.1,46.8
2025-09-10 16:42:00,38.2,33.2
2025-09-10 16:42:00,96.1,92.0
2025-09-10 16:42:00,96.2,110.6
2025-09-10 16:42:00,307.1,38.6
2025-09-10 16:42:00,307.2,0.0
2025-09-10 16:42:00,52.1,29.4
2025-09-10 16:42:00,52.2,0.2
2025-09-10 16:42:00,102.1,55.6
2025-09-10 16:42:00,102.2,0.0
2025-09-10 16:42:00,124.2,0.0
2025-09-10 16:42:00,124.1,22.4
2025-09-10 16:42:00,48.2,8.8
2025-09-10 16:42:00,48.1,25.8
2025-09-10 16:42:00,75.2,0.0
2025-09-10 16:42:00,75.1,5.0
2025-09-10 16:42:00,109.2,2.4
2025-09-10 16:42:00,109.1,2.8
2025-09-10 16:42:00,123.2,9.8
2025-09-10 16:42:00,123.1,6.6
2025-09-10 16:42:00,26.1,12.0
2025-09-10 16:42:00,26.2,9.2
2025-09-10 16:42:00,66.1,12.6
2025-09-10 16:42:00,66.2,4.0
2025-09-10 16:42:00,10.1,12.0
2025-09-10 16:42:00,10.2,9.0
2025-09-10 16:42:00,58.1,0.0
2025-09-10 16:42:00,58.2,0.0
2025-09-10 16:42:00,306.1,11.0
2025-09-10 16:42:00,306.2,4.2
2025-09-10 16:42:00,9.1,6.2
2025-09-10 16:42:00,9.2,0.0
2025-09-10 16:42:00,57.1,11.4
2025-09-10 16:42:00,57.2,3.8
2025-09-10 16:42:00,79.1,10.8
2025-09-10 16:42:00,79.2,15.2
2025-09-10 16:42:00,116.1,13.8
2025-09-10 16:42:00,116.2,13.0
2025-09-10 16:42:00,13.1,6.2
2025-09-10 16:42:00,13.2,11.2
2025-09-10 16:42:00,76.1,12.8
2025-09-10 16:42:00,76.2,9.2
2025-09-10 16:42:00,17.1,10.0
2025-09-10 16:42:00,17.2,7.8
2025-09-10 16:42:00,125.1,9.6
2025-09-10 16:42:00,125.2,3.8
2025-09-10 16:42:00,0.0,0.0
2025-09-10 16:42:00,0.0,0.0
2025-09-10 16:42:00,104.1,0.0
2025-09-10 16:42:00,104.2,0.0
2025-09-10 16:42:00,119.1,0.0
2025-09-10 16:42:00,119.2,0.0
2025-09-10 16:42:00,64.1,0.0
2025-09-10 16:42:00,64.2,0.0
2025-09-10 16:42:00,29.1,0.0
2025-09-10 16:42:00,29.2,0.0
2025-09-10 16:42:00,53.1,0.0
2025-09-10 16:42:00,53.2,0.0
2025-09-10 16:42:00,77.1,0.0
2025-09-10 16:42:00,77.2,0.0
2025-09-10 16:42:00,37.1,0.0
2025-09-10 16:42:00,37.2,0.0
2025-09-10 16:42:00,70.1,8.6
2025-09-10 16:42:00,70.2,0.0
2025-09-10 16:42:00,28.1,8.6
2025-09-10 16:42:00,28.2,11.8
2025-09-10 16:42:00,0.1,0.0
2025-09-10 16:42:00,0.2,0.0
2025-09-10 16:42:00,25.1,0.0
2025-09-10 16:42:00,25.2,0.0
2025-09-10 16:42:00,301.1,9.4
2025-09-10 16:42:00,301.2,15.0
2025-09-10 16:42:00,304.1,15.2
2025-09-10 16:42:00,304.2,10.0
2025-09-10 16:42:00,22.1,225.0
2025-09-10 16:42:00,22.2,7.4
2025-09-10 16:42:00,4.1,14.0
2025-09-10 16:42:00,4.2,12.0
2025-09-10 16:42:00,12.1,8.6
2025-09-10 16:42:00,12.2,7.0
2025-09-10 16:42:00,99.1,10.8
2025-09-10 16:42:00,99.2,2.0
2025-09-10 16:42:00,56.1,11.6
2025-09-10 16:42:00,56.2,11.8
2025-09-10 16:42:00,122.1,6.0
2025-09-10 16:42:00,122.2,11.0
2025-09-10 16:42:00,55.1,11.2
2025-09-10 16:42:00,55.2,1.0
2025-09-10 16:42:00,83.1,2.2
2025-09-10 16:42:00,83.2,10.0
2025-09-10 16:42:00,97.1,0.6
2025-09-10 16:42:00,97.2,13.6
2025-09-10 16:42:00,84.1,14.2
2025-09-10 16:42:00,84.2,4.0
2025-09-10 16:42:00,305.1,10.8
2025-09-10 16:42:00,305.2,9.8
2025-09-10 16:42:00,2.1,44.0
2025-09-10 16:42:00,2.2,14.2
2025-09-10 16:42:00,45.1,10.0
2025-09-10 16:42:00,45.2,5.2
2025-09-10 16:42:00,0.0,0.0
2025-09-10 16:42:00,0.0,0.0
2025-09-10 16:42:00,0.0,0.0
2025-09-10 16:42:00,0.0,0.0
2025-09-10 16:42:00,0.0,0.0
2025-09-10 16:42:00,0.0,0.0
2025-09-10 16:42:00,0.0,0.0
2025-09-10 16:42:00,0.0,0.0
2025-09-10 16:42:00,0.0,0.0
2025-09-10 16:42:00,0.0,0.0
2025-09-10 16:42:00,0.0,0.0
2025-09-10 16:42:00,0.0,0.0
2025-09-10 16:42:00,0.0,0.0
2025-09-10 16:42:00,0.0,0.0
2025-09-10 16:42:00,0.0,0.0
2025-09-10 16:42:00,0.0,0.0
2025-09-10 16:42:00,0.0,0.0
2025-09-10 16:42:00,0.0,0.0
2025-09-10 16:42:00,0.0,0.0
2025-09-10 16:42:00,0.0,0.0
2025-09-10 16:42:00,0.0,0.0
2025-09-10 16:42:00,0.0,0.0
2025-09-10 16:42:00,0.0,0.0
2025-09-10 16:42:00,0.0,0.0
2025-09-10 16:42:00,0.0,0.0
2025-09-10 16:42:00,0.0,0.0
2025-09-10 16:42:00,0.0,0.0
2025-09-10 16:42:00,0.0,0.0
2025-09-10 16:42:05,0.0,2.0
2025-09-10 16:42:05,11.1,22.4
2025-09-10 16:42:05,11.2,29.0
2025-09-10 16:42:05,38.1,46.8
2025-09-10 16:42:05,38.2,31.2
2025-09-10 16:42:05,96.1,105.2
2025-09-10 16:42:05,96.2,115.2
2025-09-10 16:42:05,307.1,33.2
2025-09-10 16:42:05,307.2,0.0
2025-09-10 16:42:05,52.1,36.8
2025-09-10 16:42:05,52.2,1.6
2025-09-10 16:42:05,102.1,55.0
2025-09-10 16:42:05,102.2,0.0
2025-09-10 16:42:05,124.2,0.0
2025-09-10 16:42:05,124.1,23.2
2025-09-10 16:42:05,48.2,10.6
2025-09-10 16:42:05,48.1,24.6
2025-09-10 16:42:05,75.2,0.0
2025-09-10 16:42:05,75.1,6.8
2025-09-10 16:42:05,109.2,3.4
2025-09-10 16:42:05,109.1,4.8
2025-09-10 16:42:05,123.2,7.2
2025-09-10 16:42:05,123.1,7.6
2025-09-10 16:42:05,26.1,10.4
2025-09-10 16:42:05,26.2,9.4
2025-09-10 16:42:05,66.1,10.6
2025-09-10 16:42:05,66.2,4.8
2025-09-10 16:42:05,10.1,12.6
2025-09-10 16:42:05,10.2,7.4
2025-09-10 16:42:05,58.1,0.0
2025-09-10 16:42:05,58.2,0.0
2025-09-10 16:42:05,306.1,11.2
2025-09-10 16:42:05,306.2,4.8
2025-09-10 16:42:05,9.1,7.4
2025-09-10 16:42:05,9.2,0.0
2025-09-10 16:42:05,57.1,13.8
2025-09-10 16:42:05,57.2,3.4
2025-09-10 16:42:05,79.1,8.4
2025-09-10 16:42:05,79.2,14.4
2025-09-10 16:42:05,116.1,9.4
2025-09-10 16:42:05,116.2,13.8
2025-09-10 16:42:05,13.1,9.4
2025-09-10 16:42:05,13.2,10.4
2025-09-10 16:42:05,76.1,13.0
2025-09-10 16:42:05,76.2,8.4
2025-09-10 16:42:05,17.1,11.2
2025-09-10 16:42:05,17.2,8.8
2025-09-10 16:42:05,125.1,11.0
2025-09-10 16:42:05,125.2,4.0
2025-09-10 16:42:05,0.0,0.0
2025-09-10 16:42:05,0.0,0.0
2025-09-10 16:42:05,104.1,0.0
2025-09-10 16:42:05,104.2,0.0
2025-09-10 16:42:05,119.1,0.0
2025-09-10 16:42:05,119.2,0.0
2025-09-10 16:42:05,64.1,0.0
2025-09-10 16:42:05,64.2,0.0
2025-09-10 16:42:05,29.1,0.0
2025-09-10 16:42:05,29.2,0.0
2025-09-10 16:42:05,53.1,0.0
2025-09-10 16:42:05,53.2,0.0
2025-09-10 16:42:05,77.1,0.0
2025-09-10 16:42:05,77.2,0.0
2025-09-10 16:42:05,37.1,0.0
2025-09-10 16:42:05,37.2,0.0
2025-09-10 16:42:05,70.1,11.0
2025-09-10 16:42:05,70.2,0.0
2025-09-10 16:42:05,28.1,8.6
2025-09-10 16:42:05,28.2,11.4
2025-09-10 16:42:05,0.1,0.0
2025-09-10 16:42:05,0.2,0.0
2025-09-10 16:42:05,25.1,0.0
2025-09-10 16:42:05,25.2,0.0
2025-09-10 16:42:05,301.1,7.2
2025-09-10 16:42:05,301.2,15.6
2025-09-10 16:42:05,304.1,14.0
2025-09-10 16:42:05,304.2,9.0
2025-09-10 16:42:05,22.1,231.2
2025-09-10 16:42:05,22.2,7.6
2025-09-10 16:42:05,4.1,11.6
2025-09-10 16:42:05,4.2,12.0
2025-09-10 16:42:05,12.1,11.8
2025-09-10 16:42:05,12.2,8.0
2025-09-10 16:42:05,99.1,14.6
2025-09-10 16:42:05,99.2,2.6
2025-09-10 16:42:05,56.1,10.2
2025-09-10 16:42:05,56.2,15.4
2025-09-10 16:42:05,122.1,5.4
2025-09-10 16:42:05,122.2,10.6
2025-09-10 16:42:05,55.1,14.0
2025-09-10 16:42:05,55.2,2.0
2025-09-10 16:42:05,83.1,1.0
2025-09-10 16:42:05,83.2,7.6
2025-09-10 16:42:05,97.1,1.8
2025-09-10 16:42:05,97.2,10.8
2025-09-10 16:42:05,84.1,16.8
2025-09-10 16:42:05,84.2,3.8
2025-09-10 16:42:05,305.1,9.8
2025-09-10 16:42:05,305.2,11.0
2025-09-10 16:42:05,2.1,47.4
2025-09-10 16:42:05,2.2,12.2
2025-09-10 16:42:05,45.1,10.8
2025-09-10 16:42:05,45.2,5.8
2025-09-10 16:42:05,0.0,0.0
2025-09-10 16:42:05,0.0,0.0
2025-09-10 16:42:05,0.0,0.0
2025-09-10 16:42:05,0.0,0.0
2025-09-10 16:42:05,0.0,0.0
2025-09-10 16:42:05,0.0,0.0
2025-09-10 16:42:05,0.0,0.0
2025-09-10 16:42:05,0.0,0.0
2025-09-10 16:42:05,0.0,0.0
2025-09-10 16:42:05,0.0,0.0
2025-09-10 16:42:05,0.0,0.0
2025-09-10 16:42:05,0.0,0.0
2025-09-10 16:42:05,0.0,0.0
2025-09-10 16:42:05,0.0,0.0
2025-09-10 16:42:05,0.0,0.0
2025-09-10 16:42:05,0.0,0.0
2025-09-10 16:42:05,0.0,0.0
2025-09-10 16:42:05,0.0,0.0
2025-09-10 16:42:05,0.0,0.0
2025-09-10 16:42:05,0.0,0.0
2025-09-10 16:42:05,0.0,0.0
2025-09-10 16:42:05,0.0,0.0
2025-09-10 16:42:05,0.0,0.0
2025-09-10 16:42:05,0.0,0.0
2025-09-10 16:42:05,0.0,0.0
2025-09-10 16:42:05,0.0,0.0
2025-09-10 16:42:05,0.0,0.0
2025-09-10 16:42:05,0.0,0.0
2025-09-10 16:42:10,0.0,2.0
2025-09-10 16:42:10,11.1,17.2
2025-09-10 16:42:10,11.2,26.8
2025-09-10 16:42:10,38.1,52.2
2025-09-10 16:42:10,38.2,36.0
2025-09-10 16:42:10,96.1,105.4
2025-09-10 16:42:10,96.2,117.2
2025-09-10 16:42:10,307.1,32.2
2025-09-10 16:42:10,307.2,0.0
2025-09-10 16:42:10,52.1,33.6
2025-09-10 16:42:10,52.2,0.6
2025-09-10 16:42:10,102.1,42.8
2025-09-10 16:42:10,102.2,0.0
2025-09-10 16:42:10,124.2,0.0
2025-09-10 16:42:10,124.1,19.8
2025-09-10 16:42:10,48.2,10.2
2025-09-10 16:42:10,48.1,24.2
2025-09-10 16:42:10,75.2,0.0
2025-09-10 16:42:10,75.1,4.8
2025-09-10 16:42:10,109.2,2.0
2025-09-10 16:42:10,109.1,2.4
2025-09-10 16:42:10,123.2,8.6
2025-09-10 16:42:10,123.1,10.0
2025-09-10 16:42:10,26.1,11.4
2025-09-10 16:42:10,26.2,8.4
2025-09-10 16:42:10,66.1,9.6
2025-09-10 16:42:10,66.2,6.2
2025-09-10 16:42:10,10.1,10.8
2025-09-10 16:42:10,10.2,10.6
2025-09-10 16:42:10,58.1,0.0
2025-09-10 16:42:10,58.2,0.0
2025-09-10 16:42:10,306.1,9.6
2025-09-10 16:42:10,306.2,6.4
2025-09-10 16:42:10,9.1,7.0
2025-09-10 16:42:10,9.2,0.0
2025-09-10 16:42:10,57.1,15.8
2025-09-10 16:42:10,57.2,4.8
2025-09-10 16:42:10,79.1,10.4
2025-09-10 16:42:10,79.2,13.0
2025-09-10 16:42:10,116.1,12.8
2025-09-10 16:42:10,116.2,13.6
2025-09-10 16:42:10,13.1,8.2
2025-09-10 16:42:10,13.2,11.6
2025-09-10 16:42:10,76.1,12.0
2025-09-10 16:42:10,76.2,8.4
2025-09-10 16:42:10,17.1,12.0
2025-09-10 16:42:10,17.2,8.0
2025-09-10 16:42:10,125.1,14.6
2025-09-10 16:42:10,125.2,4.6
2025-09-10 16:42:10,0.0,0.0
2025-09-10 16:42:10,0.0,0.0
2025-09-10 16:42:10,104.1,0.0
2025-09-10 16:42:10,104.2,0.0
2025-09-10 16:42:10,119.1,0.0
2025-09-10 16:42:10,119.2,0.0
2025-09-10 16:42:10,64.1,0.0
2025-09-10 16:42:10,64.2,0.0
2025-09-10 16:42:10,29.1,0.0
2025-09-10 16:42:10,29.2,0.0
2025-09-10 16:42:10,53.1,0.0
2025-09-10 16:42:10,53.2,0.0
2025-09-10 16:42:10,77.1,0.0
2025-09-10 16:42:10,77.2,0.0
2025-09-10 16:42:10,37.1,0.0
2025-09-10 16:42:10,37.2,0.0
2025-09-10 16:42:10,70.1,9.0
2025-09-10 16:42:10,70.2,0.0
2025-09-10 16:42:10,28.1,7.6
2025-09-10 16:42:10,28.2,12.8
2025-09-10 16:42:10,0.1,0.0
2025-09-10 16:42:10,0.2,0.0
2025-09-10 16:42:10,25.1,0.0
2025-09-10 16:42:10,25.2,0.0
2025-09-10 16:42:10,301.1,5.4
2025-09-10 16:42:10,301.2,15.8
2025-09-10 16:42:10,304.1,14.6
2025-09-10 16:42:10,304.2,7.0
2025-09-10 16:42:10,22.1,232.2
2025-09-10 16:42:10,22.2,7.6
2025-09-10 16:42:10,4.1,9.6
2025-09-10 16:42:10,4.2,12.8
2025-09-10 16:42:10,12.1,13.2
2025-09-10 16:42:10,12.2,8.8
2025-09-10 16:42:10,99.1,13.6
2025-09-10 16:42:10,99.2,3.8
2025-09-10 16:42:10,56.1,9.0
2025-09-10 16:42:10,56.2,12.2
2025-09-10 16:42:10,122.1,6.0
2025-09-10 16:42:10,122.2,10.4
2025-09-10 16:42:10,55.1,11.8
2025-09-10 16:42:10,55.2,1.0
2025-09-10 16:42:10,83.1,2.2
2025-09-10 16:42:10,83.2,8.2
2025-09-10 16:42:10,97.1,1.4
2025-09-10 16:42:10,97.2,14.8
2025-09-10 16:42:10,84.1,13.0
2025-09-10 16:42:10,84.2,3.6
2025-09-10 16:42:10,305.1,9.6
2025-09-10 16:42:10,305.2,11.8
2025-09-10 16:42:10,2.1,49.2
2025-09-10 16:42:10,2.2,13.8
2025-09-10 16:42:10,45.1,12.6
2025-09-10 16:42:10,45.2,5.4
2025-09-10 16:42:10,0.0,0.0
2025-09-10 16:42:10,0.0,0.0
2025-09-10 16:42:10,0.0,0.0
2025-09-10 16:42:10,0.0,0.0
2025-09-10 16:42:10,0.0,0.0
2025-09-10 16:42:10,0.0,0.0
2025-09-10 16:42:10,0.0,0.0
2025-09-10 16:42:10,0.0,0.0
2025-09-10 16:42:10,0.0,0.0
2025-09-10 16:42:10,0.0,0.0
2025-09-10 16:42:10,0.0,0.0
2025-09-10 16:42:10,0.0,0.0
2025-09-10 16:42:10,0.0,0.0
2025-09-10 16:42:10,0.0,0.0
2025-09-10 16:42:10,0.0,0.0
2025-09-10 16:42:10,0.0,0.0
2025-09-10 16:42:10,0.0,0.0
2025-09-10 16:42:10,0.0,0.0
2025-09-10 16:42:10,0.0,0.0
2025-09-10 16:42:10,0.0,0.0
2025-09-10 16:42:10,0.0,0.0
2025-09-10 16:42:10,0.0,0.0
2025-09-10 16:42:10,0.0,0.0
2025-09-10 16:42:10,0.0,0.0
2025-09-10 16:42:10,0.0,0.0
2025-09-10 16:42:10,0.0,0.0
2025-09-10 16:42:10,0.0,0.0
2025-09-10 16:42:10,0.0,0.0
2025-09-10 16:42:15,0.0,2.0
2025-09-10 16:42:15,11.1,23.0
2025-09-10 16:42:15,11.2,28.4
2025-09-10 16:42:15,38.1,49.8
2025-09-10 16:42:15,38.2,31.0
2025-09-10 16:42:15,96.1,106.8
2025-09-10 16:42:15,96.2,116.4
2025-09-10 16:42:15,307.1,35.2
2025-09-10 16:42:15,307.2,0.0
2025-09-10 16:42:15,52.1,32.0
2025-09-10 16:42:15,52.2,0.0
2025-09-10 16:42:15,102.1,37.4
2025-09-10 16:42:15,102.2,0.0
2025-09-10 16:42:15,124.2,0.0
2025-09-10 16:42:15,124.1,21.6
2025-09-10 16:42:15,48.2,8.2
2025-09-10 16:42:15,48.1,23.6
2025-09-10 16:42:15,75.2,0.0
2025-09-10 16:42:15,75.1,5.0
2025-09-10 16:42:15,109.2,2.2
2025-09-10 16:42:15,109.1,3.0
2025-09-10 16:42:15,123.2,4.8
2025-09-10 16:42:15,123.1,9.0
2025-09-10 16:42:15,26.1,11.0
2025-09-10 16:42:15,26.2,8.8
2025-09-10 16:42:15,66.1,14.4
2025-09-10 16:42:15,66.2,3.6
2025-09-10 16:42:15,10.1,11.0
2025-09-10 16:42:15,10.2,8.0
2025-09-10 16:42:15,58.1,0.0
2025-09-10 16:42:15,58.2,0.0
2025-09-10 16:42:15,306.1,10.6
2025-09-10 16:42:15,306.2,7.0
2025-09-10 16:42:15,9.1,4.4
2025-09-10 16:42:15,9.2,0.0
2025-09-10 16:42:15,57.1,11.0
2025-09-10 16:42:15,57.2,3.0
2025-09-10 16:42:15,79.1,8.2
2025-09-10 16:42:15,79.2,12.4
2025-09-10 16:42:15,116.1,9.6
2025-09-10 16:42:15,116.2,13.8
2025-09-10 16:42:15,13.1,7.2
2025-09-10 16:42:15,13.2,10.8
2025-09-10 16:42:15,76.1,11.4
2025-09-10 16:42:15,76.2,5.8
2025-09-10 16:42:15,17.1,10.8
2025-09-10 16:42:15,17.2,7.6
2025-09-10 16:42:15,125.1,12.0
2025-09-10 16:42:15,125.2,4.4
2025-09-10 16:42:15,0.0,0.0
2025-09-10 16:42:15,0.0,0.0
2025-09-10 16:42:15,104.1,0.0
2025-09-10 16:42:15,104.2,0.0
2025-09-10 16:42:15,119.1,0.0
2025-09-10 16:42:15,119.2,0.0
2025-09-10 16:42:15,64.1,0.0
2025-09-10 16:42:15,64.2,0.0
2025-09-10 16:42:15,29.1,0.0
2025-09-10 16:42:15,29.2,0.0
2025-09-10 16:42:15,53.1,0.0
2025-09-10 16:42:15,53.2,0.0
2025-09-10 16:42:15,77.1,0.0
2025-09-10 16:42:15,77.2,0.0
2025-09-10 16:42:15,37.1,0.0
2025-09-10 16:42:15,37.2,0.0
2025-09-10 16:42:15,70.1,9.0
2025-09-10 16:42:15,70.2,0.0
2025-09-10 16:42:15,28.1,7.2
2025-09-10 16:42:15,28.2,13.2
2025-09-10 16:42:15,0.1,0.0
2025-09-10 16:42:15,0.2,0.0
2025-09-10 16:42:15,25.1,0.0
2025-09-10 16:42:15,25.2,0.0
2025-09-10 16:42:15,301.1,8.2
2025-09-10 16:42:15,301.2,11.4
2025-09-10 16:42:15,304.1,15.4
2025-09-10 16:42:15,304.2,8.4
2025-09-10 16:42:15,22.1,298.8
2025-09-10 16:42:15,22.2,9.8
2025-09-10 16:42:15,4.1,8.8
2025-09-10 16:42:15,4.2,12.6
2025-09-10 16:42:15,12.1,8.0
2025-09-10 16:42:15,12.2,7.2
2025-09-10 16:42:15,99.1,13.0
2025-09-10 16:42:15,99.2,2.6
2025-09-10 16:42:15,56.1,10.4
2025-09-10 16:42:15,56.2,13.2
2025-09-10 16:42:15,122.1,5.2
2025-09-10 16:42:15,122.2,9.6
2025-09-10 16:42:15,55.1,10.8
2025-09-10 16:42:15,55.2,0.8
2025-09-10 16:42:15,83.1,2.2
2025-09-10 16:42:15,83.2,6.6
2025-09-10 16:42:15,97.1,0.8
2025-09-10 16:42:15,97.2,12.2
2025-09-10 16:42:15,84.1,16.8
2025-09-10 16:42:15,84.2,5.4
2025-09-10 16:42:15,305.1,10.4
2025-09-10 16:42:15,305.2,10.4
2025-09-10 16:42:15,2.1,46.6
2025-09-10 16:42:15,2.2,15.6
2025-09-10 16:42:15,45.1,11.2
2025-09-10 16:42:15,45.2,4.0
2025-09-10 16:42:15,0.0,0.0
2025-09-10 16:42:15,0.0,0.0
2025-09-10 16:42:15,0.0,0.0
2025-09-10 16:42:15,0.0,0.0
2025-09-10 16:42:15,0.0,0.0
2025-09-10 16:42:15,0.0,0.0
2025-09-10 16:42:15,0.0,0.0
2025-09-10 16:42:15,0.0,0.0
2025-09-10 16:42:15,0.0,0.0
2025-09-10 16:42:15,0.0,0.0
2025-09-10 16:42:15,0.0,0.0
2025-09-10 16:42:15,0.0,0.0
2025-09-10 16:42:15,0.0,0.0
2025-09-10 16:42:15,0.0,0.0
2025-09-10 16:42:15,0.0,0.0
2025-09-10 16:42:15,0.0,0.0
2025-09-10 16:42:15,0.0,0.0
2025-09-10 16:42:15,0.0,0.0
2025-09-10 16:42:15,0.0,0.0
2025-09-10 16:42:15,0.0,0.0
2025-09-10 16:42:15,0.0,0.0
2025-09-10 16:42:15,0.0,0.0
2025-09-10 16:42:15,0.0,0.0
2025-09-10 16:42:15,0.0,0.0
2025-09-10 16:42:15,0.0,0.0
2025-09-10 16:42:15,0.0,0.0
2025-09-10 16:42:15,0.0,0.0
2025-09-10 16:42:15,0.0,0.0
2025-09-10 16:42:20,0.0,2.0
2025-09-10 16:42:20,11.1,21.6
2025-09-10 16:42:20,11.2,34.2
2025-09-10 16:42:20,38.1,49.4
2025-09-10 16:42:20,38.2,31.8
2025-09-10 16:42:20,96.1,97.4
2025-09-10 16:42:20,96.2,112.0
2025-09-10 16:42:20,307.1,35.0
2025-09-10 16:42:20,307.2,0.0
2025-09-10 16:42:20,52.1,31.6
2025-09-10 16:42:20,52.2,0.0
2025-09-10 16:42:20,102.1,35.2
2025-09-10 16:42:20,102.2,0.0
2025-09-10 16:42:20,124.2,0.0
2025-09-10 16:42:20,124.1,20.4
2025-09-10 16:42:20,48.2,9.4
2025-09-10 16:42:20,48.1,26.4
2025-09-10 16:42:20,75.2,0.0
2025-09-10 16:42:20,75.1,4.0
2025-09-10 16:42:20,109.2,1.8
2025-09-10 16:42:20,109.1,3.4
2025-09-10 16:42:20,123.2,9.8
2025-09-10 16:42:20,123.1,6.2
2025-09-10 16:42:20,26.1,13.4
2025-09-10 16:42:20,26.2,8.6
2025-09-10 16:42:20,66.1,10.0
2025-09-10 16:42:20,66.2,4.6
2025-09-10 16:42:20,10.1,11.2
2025-09-10 16:42:20,10.2,9.6
2025-09-10 16:42:20,58.1,0.0
2025-09-10 16:42:20,58.2,0.0
2025-09-10 16:42:20,306.1,11.2
2025-09-10 16:42:20,306.2,5.6
2025-09-10 16:42:20,9.1,5.8
2025-09-10 16:42:20,9.2,0.0
2025-09-10 16:42:20,57.1,12.2
2025-09-10 16:42:20,57.2,1.8
2025-09-10 16:42:20,79.1,10.6
2025-09-10 16:42:20,79.2,13.4
2025-09-10 16:42:20,116.1,11.2
2025-09-10 16:42:20,116.2,12.4
2025-09-10 16:42:20,13.1,6.6
2025-09-10 16:42:20,13.2,8.4
2025-09-10 16:42:20,76.1,11.4
2025-09-10 16:42:20,76.2,6.6
2025-09-10 16:42:20,17.1,10.4
2025-09-10 16:42:20,17.2,8.4
2025-09-10 16:42:20,125.1,9.6
2025-09-10 16:42:20,125.2,3.2
2025-09-10 16:42:20,0.0,0.0
2025-09-10 16:42:20,0.0,0.0
2025-09-10 16:42:20,104.1,0.0
2025-09-10 16:42:20,104.2,0.0
2025-09-10 16:42:20,119.1,0.0
2025-09-10 16:42:20,119.2,0.0
2025-09-10 16:42:20,64.1,0.0
2025-09-10 16:42:20,64.2,0.0
2025-09-10 16:42:20,29.1,0.0
2025-09-10 16:42:20,29.2,0.0
2025-09-10 16:42:20,53.1,0.0
2025-09-10 16:42:20,53.2,0.0
2025-09-10 16:42:20,77.1,0.0
2025-09-10 16:42:20,77.2,0.0
2025-09-10 16:42:20,37.1,0.0
2025-09-10 16:42:20,37.2,0.0
2025-09-10 16:42:20,70.1,8.2
2025-09-10 16:42:20,70.2,0.0
2025-09-10 16:42:20,28.1,5.4
2025-09-10 16:42:20,28.2,12.0
2025-09-10 16:42:20,0.1,0.0
2025-09-10 16:42:20,0.2,0.0
2025-09-10 16:42:20,25.1,0.0
2025-09-10 16:42:20,25.2,0.0
2025-09-10 16:42:20,301.1,5.8
2025-09-10 16:42:20,301.2,14.4
2025-09-10 16:42:20,304.1,11.6
2025-09-10 16:42:20,304.2,7.2
2025-09-10 16:42:20,22.1,164.8
2025-09-10 16:42:20,22.2,5.6
2025-09-10 16:42:20,4.1,9.4
2025-09-10 16:42:20,4.2,11.6
2025-09-10 16:42:20,12.1,11.4
2025-09-10 16:42:20,12.2,8.2
2025-09-10 16:42:20,99.1,16.6
2025-09-10 16:42:20,99.2,3.0
2025-09-10 16:42:20,56.1,12.6
2025-09-10 16:42:20,56.2,11.8
2025-09-10 16:42:20,122.1,4.6
2025-09-10 16:42:20,122.2,11.4
2025-09-10 16:42:20,55.1,9.6
2025-09-10 16:42:20,55.2,0.8
2025-09-10 16:42:20,83.1,2.2
2025-09-10 16:42:20,83.2,7.8
2025-09-10 16:42:20,97.1,0.4
2025-09-10 16:42:20,97.2,14.2
2025-09-10 16:42:20,84.1,10.6
2025-09-10 16:42:20,84.2,6.0
2025-09-10 16:42:20,305.1,12.0
2025-09-10 16:42:20,305.2,8.0
2025-09-10 16:42:20,2.1,41.8
2025-09-10 16:42:20,2.2,12.0
2025-09-10 16:42:20,45.1,11.8
2025-09-10 16:42:20,45.2,4.2
2025-09-10 16:42:20,0.0,0.0
2025-09-10 16:42:20,0.0,0.0
2025-09-10 16:42:20,0.0,0.0
2025-09-10 16:42:20,0.0,0.0
2025-09-10 16:42:20,0.0,0.0
2025-09-10 16:42:20,0.0,0.0
2025-09-10 16:42:20,0.0,0.0
2025-09-10 16:42:20,0.0,0.0
2025-09-10 16:42:20,0.0,0.0
2025-09-10 16:42:20,0.0,0.0
2025-09-10 16:42:20,0.0,0.0
2025-09-10 16:42:20,0.0,0.0
2025-09-10 16:42:20,0.0,0.0
2025-09-10 16:42:20,0.0,0.0
2025-09-10 16:42:20,0.0,0.0
2025-09-10 16:42:20,0.0,0.0
2025-09-10 16:42:20,0.0,0.0
2025-09-10 16:42:20,0.0,0.0
2025-09-10 16:42:20,0.0,0.0
2025-09-10 16:42:20,0.0,0.0
2025-09-10 16:42:20,0.0,0.0
2025-09-10 16:42:20,0.0,0.0
2025-09-10 16:42:20,0.0,0.0
2025-09-10 16:42:20,0.0,0.0
2025-09-10 16:42:20,0.0,0.0
2025-09-10 16:42:20,0.0,0.0
2025-09-10 16:42:20,0.0,0.0
2025-09-10 16:42:20,0.0,0.0
2025-09-10 16:42:25,0.0,2.0
2025-09-10 16:42:25,11.1,22.8
2025-09-10 16:42:25,11.2,25.0
2025-09-10 16:42:25,38.1,45.0
2025-09-10 16:42:25,38.2,36.6
2025-09-10 16:42:25,96.1,105.2
2025-09-10 16:42:25,96.2,115.2
2025-09-10 16:42:25,307.1,39.0
2025-09-10 16:42:25,307.2,0.0
2025-09-10 16:42:25,52.1,34.2
2025-09-10 16:42:25,52.2,0.2
2025-09-10 16:42:25,102.1,44.0
2025-09-10 16:42:25,102.2,0.0
2025-09-10 16:42:25,124.2,0.0
2025-09-10 16:42:25,124.1,21.6
2025-09-10 16:42:25,48.2,8.4
2025-09-10 16:42:25,48.1,23.8
2025-09-10 16:42:25,75.2,0.0
2025-09-10 16:42:25,75.1,6.0
2025-09-10 16:42:25,109.2,1.2
2025-09-10 16:42:25,109.1,2.4
2025-09-10 16:42:25,123.2,6.4
2025-09-10 16:42:25,123.1,6.8
2025-09-10 16:42:25,26.1,11.4
2025-09-10 16:42:25,26.2,11.2
2025-09-10 16:42:25,66.1,10.4
2025-09-10 16:42:25,66.2,4.2
2025-09-10 16:42:25,10.1,9.8
2025-09-10 16:42:25,10.2,9.0
2025-09-10 16:42:25,58.1,0.0
2025-09-10 16:42:25,58.2,0.0
2025-09-10 16:42:25,306.1,9.0
2025-09-10 16:42:25,306.2,7.6
2025-09-10 16:42:25,9.1,5.0
2025-09-10 16:42:25,9.2,0.0
2025-09-10 16:42:25,57.1,12.4
2025-09-10 16:42:25,57.2,3.8
2025-09-10 16:42:25,79.1,8.4
2025-09-10 16:42:25,79.2,12.2
2025-09-10 16:42:25,116.1,12.2
2025-09-10 16:42:25,116.2,12.4
2025-09-10 16:42:25,13.1,8.6
2025-09-10 16:42:25,13.2,11.2
2025-09-10 16:42:25,76.1,11.4
2025-09-10 16:42:25,76.2,6.8
2025-09-10 16:42:25,17.1,12.4
2025-09-10 16:42:25,17.2,6.8
2025-09-10 16:42:25,125.1,11.8
2025-09-10 16:42:25,125.2,4.2
2025-09-10 16:42:25,0.0,0.0
2025-09-10 16:42:25,0.0,0.0
2025-09-10 16:42:25,104.1,0.0
2025-09-10 16:42:25,104.2,0.0
2025-09-10 16:42:25,119.1,0.0
2025-09-10 16:42:25,119.2,0.0
2025-09-10 16:42:25,64.1,0.0
2025-09-10 16:42:25,64.2,0.0
2025-09-10 16:42:25,29.1,0.0
2025-09-10 16:42:25,29.2,0.0
2025-09-10 16:42:25,53.1,0.0
2025-09-10 16:42:25,53.2,0.0
2025-09-10 16:42:25,77.1,0.0
2025-09-10 16:42:25,77.2,0.0
2025-09-10 16:42:25,37.1,0.0
2025-09-10 16:42:25,37.2,0.0
2025-09-10 16:42:25,70.1,8.0
2025-09-10 16:42:25,70.2,0.0
2025-09-10 16:42:25,28.1,7.2
2025-09-10 16:42:25,28.2,14.6
2025-09-10 16:42:25,0.1,0.0
2025-09-10 16:42:25,0.2,0.0
2025-09-10 16:42:25,25.1,0.0
2025-09-10 16:42:25,25.2,0.0
2025-09-10 16:42:25,301.1,5.4
2025-09-10 16:42:25,301.2,12.8
2025-09-10 16:42:25,304.1,12.6
2025-09-10 16:42:25,304.2,7.2
2025-09-10 16:42:25,22.1,183.0
2025-09-10 16:42:25,22.2,6.0
2025-09-10 16:42:25,4.1,9.8
2025-09-10 16:42:25,4.2,13.6
2025-09-10 16:42:25,12.1,10.2
2025-09-10 16:42:25,12.2,5.8
2025-09-10 16:42:25,99.1,14.2
2025-09-10 16:42:25,99.2,2.4
2025-09-10 16:42:25,56.1,11.2
2025-09-10 16:42:25,56.2,11.6
2025-09-10 16:42:25,122.1,4.8
2025-09-10 16:42:25,122.2,9.0
2025-09-10 16:42:25,55.1,12.4
2025-09-10 16:42:25,55.2,2.0
2025-09-10 16:42:25,83.1,2.0
2025-09-10 16:42:25,83.2,6.2
2025-09-10 16:42:25,97.1,1.0
2025-09-10 16:42:25,97.2,13.6
2025-09-10 16:42:25,84.1,11.8
2025-09-10 16:42:25,84.2,4.0
2025-09-10 16:42:25,305.1,10.4
2025-09-10 16:42:25,305.2,8.8
2025-09-10 16:42:25,2.1,38.6
2025-09-10 16:42:25,2.2,13.6
2025-09-10 16:42:25,45.1,10.2
2025-09-10 16:42:25,45.2,2.0
2025-09-10 16:42:25,0.0,0.0
2025-09-10 16:42:25,0.0,0.0
2025-09-10 16:42:25,0.0,0.0
2025-09-10 16:42:25,0.0,0.0
2025-09-10 16:42:25,0.0,0.0
2025-09-10 16:42:25,0.0,0.0
2025-09-10 16:42:25,0.0,0.0
2025-09-10 16:42:25,0.0,0.0
2025-09-10 16:42:25,0.0,0.0
2025-09-10 16:42:25,0.0,0.0
2025-09-10 16:42:25,0.0,0.0
2025-09-10 16:42:25,0.0,0.0
2025-09-10 16:42:25,0.0,0.0
2025-09-10 16:42:25,0.0,0.0
2025-09-10 16:42:25,0.0,0.0
2025-09-10 16:42:25,0.0,0.0
2025-09-10 16:42:25,0.0,0.0
2025-09-10 16:42:25,0.0,0.0
2025-09-10 16:42:25,0.0,0.0
2025-09-10 16:42:25,0.0,0.0
2025-09-10 16:42:25,0.0,0.0
2025-09-10 16:42:25,0.0,0.0
2025-09-10 16:42:25,0.0,0.0
2025-09-10 16:42:25,0.0,0.0
2025-09-10 16:42:25,0.0,0.0
2025-09-10 16:42:25,0.0,0.0
2025-09-10 16:42:25,0.0,0.0
2025-09-10 16:42:25,0.0,0.0
