2025-09-10 17:00:29,0.0,1130265.8
2025-09-10 17:00:29,11.1,5550.2
2025-09-10 17:00:29,11.2,6675.4
2025-09-10 17:00:29,38.1,13941.4
2025-09-10 17:00:29,38.2,8788.6
2025-09-10 17:00:29,96.1,30010.0
2025-09-10 17:00:29,96.2,25703.8
2025-09-10 17:00:29,307.1,16011.6
2025-09-10 17:00:29,307.2,0.6
2025-09-10 17:00:29,52.1,9463.4
2025-09-10 17:00:29,52.2,24.0
2025-09-10 17:00:29,102.1,8737.6
2025-09-10 17:00:29,102.2,0.8
2025-09-10 17:00:29,124.2,0.8
2025-09-10 17:00:29,124.1,5888.0
2025-09-10 17:00:29,48.2,2667.6
2025-09-10 17:00:29,48.1,6759.2
2025-09-10 17:00:29,75.2,0.4
2025-09-10 17:00:29,75.1,1368.2
2025-09-10 17:00:29,109.2,3267.4
2025-09-10 17:00:29,109.1,8214.4
2025-09-10 17:00:29,123.2,2045.0
2025-09-10 17:00:29,123.1,2864.2
2025-09-10 17:00:29,26.1,3034.2
2025-09-10 17:00:29,26.2,2229.6
2025-09-10 17:00:29,66.1,3044.2
2025-09-10 17:00:29,66.2,1237.2
2025-09-10 17:00:29,10.1,2943.6
2025-09-10 17:00:29,10.2,2414.4
2025-09-10 17:00:29,58.1,0.2
2025-09-10 17:00:29,58.2,1.0
2025-09-10 17:00:29,306.1,2571.4
2025-09-10 17:00:29,306.2,1646.2
2025-09-10 17:00:29,9.1,1760.4
2025-09-10 17:00:29,9.2,0.6
2025-09-10 17:00:29,57.1,3490.6
2025-09-10 17:00:29,57.2,886.8
2025-09-10 17:00:29,79.1,2346.6
2025-09-10 17:00:29,79.2,3332.4
2025-09-10 17:00:29,116.1,1073.8
2025-09-10 17:00:29,116.2,3287.8
2025-09-10 17:00:29,13.1,784.2
2025-09-10 17:00:29,13.2,999.2
2025-09-10 17:00:29,76.1,3110.6
2025-09-10 17:00:29,76.2,2079.4
2025-09-10 17:00:29,17.1,2883.4
2025-09-10 17:00:29,17.2,2483.2
2025-09-10 17:00:29,125.1,3015.8
2025-09-10 17:00:29,125.2,1073.6
2025-09-10 17:00:29,0.0,0.2
2025-09-10 17:00:29,0.0,0.2
2025-09-10 17:00:29,104.1,0.6
2025-09-10 17:00:29,104.2,0.2
2025-09-10 17:00:29,119.1,0.2
2025-09-10 17:00:29,119.2,0.4
2025-09-10 17:00:29,64.1,0.4
2025-09-10 17:00:29,64.2,0.6
2025-09-10 17:00:29,29.1,3.0
2025-09-10 17:00:29,29.2,0.2
2025-09-10 17:00:29,53.1,0.4
2025-09-10 17:00:29,53.2,0.6
2025-09-10 17:00:29,77.1,0.2
2025-09-10 17:00:29,77.2,0.2
2025-09-10 17:00:29,37.1,5.0
2025-09-10 17:00:29,37.2,15.0
2025-09-10 17:00:29,70.1,2465.6
2025-09-10 17:00:29,70.2,6.8
2025-09-10 17:00:29,28.1,2039.8
2025-09-10 17:00:29,28.2,3308.4
2025-09-10 17:00:29,0.1,5.0
2025-09-10 17:00:29,0.2,16.4
2025-09-10 17:00:29,25.1,0.0
2025-09-10 17:00:29,25.2,0.0
2025-09-10 17:00:29,301.1,1745.8
2025-09-10 17:00:29,301.2,3772.8
2025-09-10 17:00:29,304.1,3366.4
2025-09-10 17:00:29,304.2,2018.8
2025-09-10 17:00:29,22.1,72082.8
2025-09-10 17:00:29,22.2,2061.0
2025-09-10 17:00:29,4.1,2742.6
2025-09-10 17:00:29,4.2,3262.6
2025-09-10 17:00:29,12.1,2759.4
2025-09-10 17:00:29,12.2,1889.4
2025-09-10 17:00:29,99.1,3483.6
2025-09-10 17:00:29,99.2,858.0
2025-09-10 17:00:29,56.1,2858.4
2025-09-10 17:00:29,56.2,3517.2
2025-09-10 17:00:29,122.1,1456.0
2025-09-10 17:00:29,122.2,2622.6
2025-09-10 17:00:29,55.1,3863.2
2025-09-10 17:00:29,55.2,336.2
2025-09-10 17:00:29,83.1,561.0
2025-09-10 17:00:29,83.2,2231.6
2025-09-10 17:00:29,97.1,298.0
2025-09-10 17:00:29,97.2,3200.2
2025-09-10 17:00:29,84.1,4568.6
2025-09-10 17:00:29,84.2,1309.4
2025-09-10 17:00:29,305.1,2692.4
2025-09-10 17:00:29,305.2,2819.0
2025-09-10 17:00:29,2.1,9758.4
2025-09-10 17:00:29,2.2,3672.6
2025-09-10 17:00:29,45.1,3012.4
2025-09-10 17:00:29,45.2,1296.4
2025-09-10 17:00:29,0.0,0.0
2025-09-10 17:00:29,0.0,0.0
2025-09-10 17:00:29,0.0,0.0
2025-09-10 17:00:29,0.0,0.0
2025-09-10 17:00:29,0.0,0.0
2025-09-10 17:00:29,0.0,0.0
2025-09-10 17:00:29,0.0,0.0
2025-09-10 17:00:29,0.0,0.0
2025-09-10 17:00:29,0.0,0.0
2025-09-10 17:00:29,0.0,0.0
2025-09-10 17:00:29,0.0,0.0
2025-09-10 17:00:29,0.0,0.0
2025-09-10 17:00:29,0.0,0.0
2025-09-10 17:00:29,0.0,0.0
2025-09-10 17:00:29,0.0,0.0
2025-09-10 17:00:29,0.0,0.0
2025-09-10 17:00:29,0.0,0.0
2025-09-10 17:00:29,0.0,0.0
2025-09-10 17:00:29,0.0,0.0
2025-09-10 17:00:29,0.0,0.0
2025-09-10 17:00:29,0.0,0.0
2025-09-10 17:00:29,0.0,0.0
2025-09-10 17:00:29,0.0,0.0
2025-09-10 17:00:29,0.0,0.0
2025-09-10 17:00:29,0.0,0.0
2025-09-10 17:00:29,0.0,0.0
2025-09-10 17:00:29,0.0,0.0
2025-09-10 17:00:29,0.0,0.0
2025-09-10 17:00:34,0.0,2.0
2025-09-10 17:00:34,11.1,21.2
2025-09-10 17:00:34,11.2,24.0
2025-09-10 17:00:34,38.1,36.2
2025-09-10 17:00:34,38.2,28.8
2025-09-10 17:00:34,96.1,120.6
2025-09-10 17:00:34,96.2,97.8
2025-09-10 17:00:34,307.1,28.6
2025-09-10 17:00:34,307.2,0.0
2025-09-10 17:00:34,52.1,32.4
2025-09-10 17:00:34,52.2,0.0
2025-09-10 17:00:34,102.1,31.4
2025-09-10 17:00:34,102.2,0.0
2025-09-10 17:00:34,124.2,0.0
2025-09-10 17:00:34,124.1,24.6
2025-09-10 17:00:34,48.2,9.0
2025-09-10 17:00:34,48.1,28.6
2025-09-10 17:00:34,75.2,0.0
2025-09-10 17:00:34,75.1,5.4
2025-09-10 17:00:34,109.2,22.2
2025-09-10 17:00:34,109.1,24.8
2025-09-10 17:00:34,123.2,8.0
2025-09-10 17:00:34,123.1,14.2
2025-09-10 17:00:34,26.1,12.4
2025-09-10 17:00:34,26.2,6.2
2025-09-10 17:00:34,66.1,8.4
2025-09-10 17:00:34,66.2,5.4
2025-09-10 17:00:34,10.1,8.8
2025-09-10 17:00:34,10.2,9.6
2025-09-10 17:00:34,58.1,0.0
2025-09-10 17:00:34,58.2,0.0
2025-09-10 17:00:34,306.1,11.2
2025-09-10 17:00:34,306.2,6.0
2025-09-10 17:00:34,9.1,7.8
2025-09-10 17:00:34,9.2,0.0
2025-09-10 17:00:34,57.1,9.6
2025-09-10 17:00:34,57.2,3.6
2025-09-10 17:00:34,79.1,7.6
2025-09-10 17:00:34,79.2,12.8
2025-09-10 17:00:34,116.1,0.0
2025-09-10 17:00:34,116.2,11.4
2025-09-10 17:00:34,13.1,0.0
2025-09-10 17:00:34,13.2,0.0
2025-09-10 17:00:34,76.1,12.6
2025-09-10 17:00:34,76.2,6.0
2025-09-10 17:00:34,17.1,11.2
2025-09-10 17:00:34,17.2,11.4
2025-09-10 17:00:34,125.1,10.2
2025-09-10 17:00:34,125.2,3.0
2025-09-10 17:00:34,0.0,0.0
2025-09-10 17:00:34,0.0,0.0
2025-09-10 17:00:34,104.1,0.0
2025-09-10 17:00:34,104.2,0.0
2025-09-10 17:00:34,119.1,0.0
2025-09-10 17:00:34,119.2,0.0
2025-09-10 17:00:34,64.1,0.0
2025-09-10 17:00:34,64.2,0.0
2025-09-10 17:00:34,29.1,0.0
2025-09-10 17:00:34,29.2,0.0
2025-09-10 17:00:34,53.1,0.0
2025-09-10 17:00:34,53.2,0.0
2025-09-10 17:00:34,77.1,0.0
2025-09-10 17:00:34,77.2,0.0
2025-09-10 17:00:34,37.1,0.0
2025-09-10 17:00:34,37.2,0.0
2025-09-10 17:00:34,70.1,7.6
2025-09-10 17:00:34,70.2,0.0
2025-09-10 17:00:34,28.1,9.8
2025-09-10 17:00:34,28.2,11.0
2025-09-10 17:00:34,0.1,0.0
2025-09-10 17:00:34,0.2,0.0
2025-09-10 17:00:34,25.1,0.0
2025-09-10 17:00:34,25.2,0.0
2025-09-10 17:00:34,301.1,7.8
2025-09-10 17:00:34,301.2,15.4
2025-09-10 17:00:34,304.1,15.4
2025-09-10 17:00:34,304.2,7.0
2025-09-10 17:00:34,22.1,220.2
2025-09-10 17:00:34,22.2,7.2
2025-09-10 17:00:34,4.1,10.6
2025-09-10 17:00:34,4.2,13.2
2025-09-10 17:00:34,12.1,11.8
2025-09-10 17:00:34,12.2,8.0
2025-09-10 17:00:34,99.1,14.0
2025-09-10 17:00:34,99.2,3.8
2025-09-10 17:00:34,56.1,11.0
2025-09-10 17:00:34,56.2,12.8
2025-09-10 17:00:34,122.1,5.4
2025-09-10 17:00:34,122.2,9.2
2025-09-10 17:00:34,55.1,14.2
2025-09-10 17:00:34,55.2,1.2
2025-09-10 17:00:34,83.1,1.8
2025-09-10 17:00:34,83.2,8.0
2025-09-10 17:00:34,97.1,1.0
2025-09-10 17:00:34,97.2,12.8
2025-09-10 17:00:34,84.1,12.6
2025-09-10 17:00:34,84.2,5.8
2025-09-10 17:00:34,305.1,10.6
2025-09-10 17:00:34,305.2,9.4
2025-09-10 17:00:34,2.1,13.6
2025-09-10 17:00:34,2.2,15.8
2025-09-10 17:00:34,45.1,11.6
2025-09-10 17:00:34,45.2,4.2
2025-09-10 17:00:34,0.0,0.0
2025-09-10 17:00:34,0.0,0.0
2025-09-10 17:00:34,0.0,0.0
2025-09-10 17:00:34,0.0,0.0
2025-09-10 17:00:34,0.0,0.0
2025-09-10 17:00:34,0.0,0.0
2025-09-10 17:00:34,0.0,0.0
2025-09-10 17:00:34,0.0,0.0
2025-09-10 17:00:34,0.0,0.0
2025-09-10 17:00:34,0.0,0.0
2025-09-10 17:00:34,0.0,0.0
2025-09-10 17:00:34,0.0,0.0
2025-09-10 17:00:34,0.0,0.0
2025-09-10 17:00:34,0.0,0.0
2025-09-10 17:00:34,0.0,0.0
2025-09-10 17:00:34,0.0,0.0
2025-09-10 17:00:34,0.0,0.0
2025-09-10 17:00:34,0.0,0.0
2025-09-10 17:00:34,0.0,0.0
2025-09-10 17:00:34,0.0,0.0
2025-09-10 17:00:34,0.0,0.0
2025-09-10 17:00:34,0.0,0.0
2025-09-10 17:00:34,0.0,0.0
2025-09-10 17:00:34,0.0,0.0
2025-09-10 17:00:34,0.0,0.0
2025-09-10 17:00:34,0.0,0.0
2025-09-10 17:00:34,0.0,0.0
2025-09-10 17:00:34,0.0,0.0
2025-09-10 17:00:39,0.0,2.0
2025-09-10 17:00:39,11.1,21.6
2025-09-10 17:00:39,11.2,28.2
2025-09-10 17:00:39,38.1,30.0
2025-09-10 17:00:39,38.2,33.0
2025-09-10 17:00:39,96.1,120.0
2025-09-10 17:00:39,96.2,102.8
2025-09-10 17:00:39,307.1,30.4
2025-09-10 17:00:39,307.2,0.0
2025-09-10 17:00:39,52.1,28.6
2025-09-10 17:00:39,52.2,0.0
2025-09-10 17:00:39,102.1,28.0
2025-09-10 17:00:39,102.2,0.0
2025-09-10 17:00:39,124.2,0.0
2025-09-10 17:00:39,124.1,22.0
2025-09-10 17:00:39,48.2,11.0
2025-09-10 17:00:39,48.1,25.6
2025-09-10 17:00:39,75.2,0.0
2025-09-10 17:00:39,75.1,3.8
2025-09-10 17:00:39,109.2,20.6
2025-09-10 17:00:39,109.1,24.4
2025-09-10 17:00:39,123.2,8.8
2025-09-10 17:00:39,123.1,13.0
2025-09-10 17:00:39,26.1,11.6
2025-09-10 17:00:39,26.2,8.4
2025-09-10 17:00:39,66.1,9.0
2025-09-10 17:00:39,66.2,3.2
2025-09-10 17:00:39,10.1,12.6
2025-09-10 17:00:39,10.2,9.8
2025-09-10 17:00:39,58.1,0.0
2025-09-10 17:00:39,58.2,0.0
2025-09-10 17:00:39,306.1,11.4
2025-09-10 17:00:39,306.2,8.8
2025-09-10 17:00:39,9.1,6.4
2025-09-10 17:00:39,9.2,0.0
2025-09-10 17:00:39,57.1,12.2
2025-09-10 17:00:39,57.2,2.6
2025-09-10 17:00:39,79.1,9.4
2025-09-10 17:00:39,79.2,13.8
2025-09-10 17:00:39,116.1,0.0
2025-09-10 17:00:39,116.2,11.8
2025-09-10 17:00:39,13.1,0.0
2025-09-10 17:00:39,13.2,0.0
2025-09-10 17:00:39,76.1,11.0
2025-09-10 17:00:39,76.2,5.6
2025-09-10 17:00:39,17.1,11.8
2025-09-10 17:00:39,17.2,8.2
2025-09-10 17:00:39,125.1,10.4
2025-09-10 17:00:39,125.2,3.0
2025-09-10 17:00:39,0.0,0.0
2025-09-10 17:00:39,0.0,0.0
2025-09-10 17:00:39,104.1,0.0
2025-09-10 17:00:39,104.2,0.0
2025-09-10 17:00:39,119.1,0.0
2025-09-10 17:00:39,119.2,0.0
2025-09-10 17:00:39,64.1,0.0
2025-09-10 17:00:39,64.2,0.0
2025-09-10 17:00:39,29.1,0.0
2025-09-10 17:00:39,29.2,0.0
2025-09-10 17:00:39,53.1,0.0
2025-09-10 17:00:39,53.2,0.0
2025-09-10 17:00:39,77.1,0.0
2025-09-10 17:00:39,77.2,0.0
2025-09-10 17:00:39,37.1,0.0
2025-09-10 17:00:39,37.2,0.0
2025-09-10 17:00:39,70.1,11.2
2025-09-10 17:00:39,70.2,0.0
2025-09-10 17:00:39,28.1,7.0
2025-09-10 17:00:39,28.2,11.6
2025-09-10 17:00:39,0.1,0.0
2025-09-10 17:00:39,0.2,0.0
2025-09-10 17:00:39,25.1,0.0
2025-09-10 17:00:39,25.2,0.0
2025-09-10 17:00:39,301.1,7.0
2025-09-10 17:00:39,301.2,14.4
2025-09-10 17:00:39,304.1,15.4
2025-09-10 17:00:39,304.2,7.4
2025-09-10 17:00:39,22.1,225.4
2025-09-10 17:00:39,22.2,7.4
2025-09-10 17:00:39,4.1,11.0
2025-09-10 17:00:39,4.2,12.4
2025-09-10 17:00:39,12.1,10.0
2025-09-10 17:00:39,12.2,8.2
2025-09-10 17:00:39,99.1,12.0
2025-09-10 17:00:39,99.2,3.6
2025-09-10 17:00:39,56.1,10.2
2025-09-10 17:00:39,56.2,14.2
2025-09-10 17:00:39,122.1,6.0
2025-09-10 17:00:39,122.2,8.2
2025-09-10 17:00:39,55.1,15.0
2025-09-10 17:00:39,55.2,1.0
2025-09-10 17:00:39,83.1,1.6
2025-09-10 17:00:39,83.2,7.8
2025-09-10 17:00:39,97.1,1.4
2025-09-10 17:00:39,97.2,13.0
2025-09-10 17:00:39,84.1,13.6
2025-09-10 17:00:39,84.2,5.4
2025-09-10 17:00:39,305.1,9.2
2025-09-10 17:00:39,305.2,12.2
2025-09-10 17:00:39,2.1,11.0
2025-09-10 17:00:39,2.2,15.4
2025-09-10 17:00:39,45.1,10.0
2025-09-10 17:00:39,45.2,5.2
2025-09-10 17:00:39,0.0,0.0
2025-09-10 17:00:39,0.0,0.0
2025-09-10 17:00:39,0.0,0.0
2025-09-10 17:00:39,0.0,0.0
2025-09-10 17:00:39,0.0,0.0
2025-09-10 17:00:39,0.0,0.0
2025-09-10 17:00:39,0.0,0.0
2025-09-10 17:00:39,0.0,0.0
2025-09-10 17:00:39,0.0,0.0
2025-09-10 17:00:39,0.0,0.0
2025-09-10 17:00:39,0.0,0.0
2025-09-10 17:00:39,0.0,0.0
2025-09-10 17:00:39,0.0,0.0
2025-09-10 17:00:39,0.0,0.0
2025-09-10 17:00:39,0.0,0.0
2025-09-10 17:00:39,0.0,0.0
2025-09-10 17:00:39,0.0,0.0
2025-09-10 17:00:39,0.0,0.0
2025-09-10 17:00:39,0.0,0.0
2025-09-10 17:00:39,0.0,0.0
2025-09-10 17:00:39,0.0,0.0
2025-09-10 17:00:39,0.0,0.0
2025-09-10 17:00:39,0.0,0.0
2025-09-10 17:00:39,0.0,0.0
2025-09-10 17:00:39,0.0,0.0
2025-09-10 17:00:39,0.0,0.0
2025-09-10 17:00:39,0.0,0.0
2025-09-10 17:00:39,0.0,0.0
2025-09-10 17:00:44,0.0,2.0
2025-09-10 17:00:44,11.1,22.6
2025-09-10 17:00:44,11.2,24.8
2025-09-10 17:00:44,38.1,29.0
2025-09-10 17:00:44,38.2,31.0
2025-09-10 17:00:44,96.1,128.2
2025-09-10 17:00:44,96.2,96.4
2025-09-10 17:00:44,307.1,29.2
2025-09-10 17:00:44,307.2,0.0
2025-09-10 17:00:44,52.1,30.0
2025-09-10 17:00:44,52.2,0.0
2025-09-10 17:00:44,102.1,30.0
2025-09-10 17:00:44,102.2,0.0
2025-09-10 17:00:44,124.2,0.0
2025-09-10 17:00:44,124.1,21.4
2025-09-10 17:00:44,48.2,8.4
2025-09-10 17:00:44,48.1,27.6
2025-09-10 17:00:44,75.2,0.0
2025-09-10 17:00:44,75.1,5.6
2025-09-10 17:00:44,109.2,19.6
2025-09-10 17:00:44,109.1,26.4
2025-09-10 17:00:44,123.2,7.4
2025-09-10 17:00:44,123.1,13.4
2025-09-10 17:00:44,26.1,10.8
2025-09-10 17:00:44,26.2,8.0
2025-09-10 17:00:44,66.1,15.0
2025-09-10 17:00:44,66.2,4.0
2025-09-10 17:00:44,10.1,12.2
2025-09-10 17:00:44,10.2,7.8
2025-09-10 17:00:44,58.1,0.0
2025-09-10 17:00:44,58.2,0.0
2025-09-10 17:00:44,306.1,8.4
2025-09-10 17:00:44,306.2,6.4
2025-09-10 17:00:44,9.1,8.8
2025-09-10 17:00:44,9.2,0.0
2025-09-10 17:00:44,57.1,13.4
2025-09-10 17:00:44,57.2,3.4
2025-09-10 17:00:44,79.1,7.0
2025-09-10 17:00:44,79.2,11.4
2025-09-10 17:00:44,116.1,0.0
2025-09-10 17:00:44,116.2,11.2
2025-09-10 17:00:44,13.1,0.0
2025-09-10 17:00:44,13.2,0.0
2025-09-10 17:00:44,76.1,12.2
2025-09-10 17:00:44,76.2,7.6
2025-09-10 17:00:44,17.1,11.0
2025-09-10 17:00:44,17.2,9.0
2025-09-10 17:00:44,125.1,11.0
2025-09-10 17:00:44,125.2,5.4
2025-09-10 17:00:44,0.0,0.0
2025-09-10 17:00:44,0.0,0.0
2025-09-10 17:00:44,104.1,0.0
2025-09-10 17:00:44,104.2,0.0
2025-09-10 17:00:44,119.1,0.0
2025-09-10 17:00:44,119.2,0.0
2025-09-10 17:00:44,64.1,0.0
2025-09-10 17:00:44,64.2,0.0
2025-09-10 17:00:44,29.1,0.0
2025-09-10 17:00:44,29.2,0.0
2025-09-10 17:00:44,53.1,0.0
2025-09-10 17:00:44,53.2,0.0
2025-09-10 17:00:44,77.1,0.0
2025-09-10 17:00:44,77.2,0.0
2025-09-10 17:00:44,37.1,0.0
2025-09-10 17:00:44,37.2,0.0
2025-09-10 17:00:44,70.1,8.0
2025-09-10 17:00:44,70.2,0.0
2025-09-10 17:00:44,28.1,7.6
2025-09-10 17:00:44,28.2,13.8
2025-09-10 17:00:44,0.1,0.0
2025-09-10 17:00:44,0.2,0.0
2025-09-10 17:00:44,25.1,0.0
2025-09-10 17:00:44,25.2,0.0
2025-09-10 17:00:44,301.1,10.4
2025-09-10 17:00:44,301.2,13.8
2025-09-10 17:00:44,304.1,13.6
2025-09-10 17:00:44,304.2,8.2
2025-09-10 17:00:44,22.1,219.4
2025-09-10 17:00:44,22.2,7.2
2025-09-10 17:00:44,4.1,11.4
2025-09-10 17:00:44,4.2,12.6
2025-09-10 17:00:44,12.1,15.0
2025-09-10 17:00:44,12.2,7.0
2025-09-10 17:00:44,99.1,14.4
2025-09-10 17:00:44,99.2,4.2
2025-09-10 17:00:44,56.1,11.8
2025-09-10 17:00:44,56.2,13.4
2025-09-10 17:00:44,122.1,5.4
2025-09-10 17:00:44,122.2,8.4
2025-09-10 17:00:44,55.1,10.6
2025-09-10 17:00:44,55.2,0.4
2025-09-10 17:00:44,83.1,3.2
2025-09-10 17:00:44,83.2,7.2
2025-09-10 17:00:44,97.1,0.2
2025-09-10 17:00:44,97.2,10.8
2025-09-10 17:00:44,84.1,13.6
2025-09-10 17:00:44,84.2,4.8
2025-09-10 17:00:44,305.1,11.4
2025-09-10 17:00:44,305.2,11.4
2025-09-10 17:00:44,2.1,12.0
2025-09-10 17:00:44,2.2,14.4
2025-09-10 17:00:44,45.1,10.8
2025-09-10 17:00:44,45.2,3.4
2025-09-10 17:00:44,0.0,0.0
2025-09-10 17:00:44,0.0,0.0
2025-09-10 17:00:44,0.0,0.0
2025-09-10 17:00:44,0.0,0.0
2025-09-10 17:00:44,0.0,0.0
2025-09-10 17:00:44,0.0,0.0
2025-09-10 17:00:44,0.0,0.0
2025-09-10 17:00:44,0.0,0.0
2025-09-10 17:00:44,0.0,0.0
2025-09-10 17:00:44,0.0,0.0
2025-09-10 17:00:44,0.0,0.0
2025-09-10 17:00:44,0.0,0.0
2025-09-10 17:00:44,0.0,0.0
2025-09-10 17:00:44,0.0,0.0
2025-09-10 17:00:44,0.0,0.0
2025-09-10 17:00:44,0.0,0.0
2025-09-10 17:00:44,0.0,0.0
2025-09-10 17:00:44,0.0,0.0
2025-09-10 17:00:44,0.0,0.0
2025-09-10 17:00:44,0.0,0.0
2025-09-10 17:00:44,0.0,0.0
2025-09-10 17:00:44,0.0,0.0
2025-09-10 17:00:44,0.0,0.0
2025-09-10 17:00:44,0.0,0.0
2025-09-10 17:00:44,0.0,0.0
2025-09-10 17:00:44,0.0,0.0
2025-09-10 17:00:44,0.0,0.0
2025-09-10 17:00:44,0.0,0.0
2025-09-10 17:00:49,0.0,2.0
2025-09-10 17:00:49,11.1,25.4
2025-09-10 17:00:49,11.2,26.6
2025-09-10 17:00:49,38.1,33.6
2025-09-10 17:00:49,38.2,32.4
2025-09-10 17:00:49,96.1,124.6
2025-09-10 17:00:49,96.2,79.6
2025-09-10 17:00:49,307.1,28.6
2025-09-10 17:00:49,307.2,0.0
2025-09-10 17:00:49,52.1,28.2
2025-09-10 17:00:49,52.2,0.0
2025-09-10 17:00:49,102.1,24.8
2025-09-10 17:00:49,102.2,0.0
2025-09-10 17:00:49,124.2,0.0
2025-09-10 17:00:49,124.1,20.4
2025-09-10 17:00:49,48.2,10.0
2025-09-10 17:00:49,48.1,23.4
2025-09-10 17:00:49,75.2,0.0
2025-09-10 17:00:49,75.1,5.2
2025-09-10 17:00:49,109.2,23.2
2025-09-10 17:00:49,109.1,23.6
2025-09-10 17:00:49,123.2,7.0
2025-09-10 17:00:49,123.1,13.0
2025-09-10 17:00:49,26.1,12.4
2025-09-10 17:00:49,26.2,9.2
2025-09-10 17:00:49,66.1,10.4
2025-09-10 17:00:49,66.2,5.8
2025-09-10 17:00:49,10.1,10.2
2025-09-10 17:00:49,10.2,11.0
2025-09-10 17:00:49,58.1,0.0
2025-09-10 17:00:49,58.2,0.0
2025-09-10 17:00:49,306.1,8.4
2025-09-10 17:00:49,306.2,6.4
2025-09-10 17:00:49,9.1,6.2
2025-09-10 17:00:49,9.2,0.0
2025-09-10 17:00:49,57.1,13.8
2025-09-10 17:00:49,57.2,3.6
2025-09-10 17:00:49,79.1,9.4
2025-09-10 17:00:49,79.2,10.4
2025-09-10 17:00:49,116.1,0.0
2025-09-10 17:00:49,116.2,13.0
2025-09-10 17:00:49,13.1,0.0
2025-09-10 17:00:49,13.2,0.0
2025-09-10 17:00:49,76.1,11.6
2025-09-10 17:00:49,76.2,7.8
2025-09-10 17:00:49,17.1,11.4
2025-09-10 17:00:49,17.2,10.6
2025-09-10 17:00:49,125.1,10.8
2025-09-10 17:00:49,125.2,5.2
2025-09-10 17:00:49,0.0,0.0
2025-09-10 17:00:49,0.0,0.0
2025-09-10 17:00:49,104.1,0.0
2025-09-10 17:00:49,104.2,0.0
2025-09-10 17:00:49,119.1,0.0
2025-09-10 17:00:49,119.2,0.0
2025-09-10 17:00:49,64.1,0.0
2025-09-10 17:00:49,64.2,0.0
2025-09-10 17:00:49,29.1,0.0
2025-09-10 17:00:49,29.2,0.0
2025-09-10 17:00:49,53.1,0.0
2025-09-10 17:00:49,53.2,0.0
2025-09-10 17:00:49,77.1,0.0
2025-09-10 17:00:49,77.2,0.0
2025-09-10 17:00:49,37.1,0.0
2025-09-10 17:00:49,37.2,0.0
2025-09-10 17:00:49,70.1,6.6
2025-09-10 17:00:49,70.2,0.0
2025-09-10 17:00:49,28.1,5.6
2025-09-10 17:00:49,28.2,13.2
2025-09-10 17:00:49,0.1,0.0
2025-09-10 17:00:49,0.2,0.0
2025-09-10 17:00:49,25.1,0.0
2025-09-10 17:00:49,25.2,0.0
2025-09-10 17:00:49,301.1,7.4
2025-09-10 17:00:49,301.2,17.0
2025-09-10 17:00:49,304.1,14.0
2025-09-10 17:00:49,304.2,6.0
2025-09-10 17:00:49,22.1,214.0
2025-09-10 17:00:49,22.2,7.0
2025-09-10 17:00:49,4.1,13.0
2025-09-10 17:00:49,4.2,13.8
2025-09-10 17:00:49,12.1,10.2
2025-09-10 17:00:49,12.2,6.2
2025-09-10 17:00:49,99.1,15.6
2025-09-10 17:00:49,99.2,5.8
2025-09-10 17:00:49,56.1,8.6
2025-09-10 17:00:49,56.2,11.8
2025-09-10 17:00:49,122.1,6.2
2025-09-10 17:00:49,122.2,10.8
2025-09-10 17:00:49,55.1,10.8
2025-09-10 17:00:49,55.2,1.6
2025-09-10 17:00:49,83.1,2.2
2025-09-10 17:00:49,83.2,5.4
2025-09-10 17:00:49,97.1,1.4
2025-09-10 17:00:49,97.2,14.2
2025-09-10 17:00:49,84.1,11.0
2025-09-10 17:00:49,84.2,4.0
2025-09-10 17:00:49,305.1,11.8
2025-09-10 17:00:49,305.2,10.6
2025-09-10 17:00:49,2.1,8.8
2025-09-10 17:00:49,2.2,11.6
2025-09-10 17:00:49,45.1,11.0
2025-09-10 17:00:49,45.2,6.4
2025-09-10 17:00:49,0.0,0.0
2025-09-10 17:00:49,0.0,0.0
2025-09-10 17:00:49,0.0,0.0
2025-09-10 17:00:49,0.0,0.0
2025-09-10 17:00:49,0.0,0.0
2025-09-10 17:00:49,0.0,0.0
2025-09-10 17:00:49,0.0,0.0
2025-09-10 17:00:49,0.0,0.0
2025-09-10 17:00:49,0.0,0.0
2025-09-10 17:00:49,0.0,0.0
2025-09-10 17:00:49,0.0,0.0
2025-09-10 17:00:49,0.0,0.0
2025-09-10 17:00:49,0.0,0.0
2025-09-10 17:00:49,0.0,0.0
2025-09-10 17:00:49,0.0,0.0
2025-09-10 17:00:49,0.0,0.0
2025-09-10 17:00:49,0.0,0.0
2025-09-10 17:00:49,0.0,0.0
2025-09-10 17:00:49,0.0,0.0
2025-09-10 17:00:49,0.0,0.0
2025-09-10 17:00:49,0.0,0.0
2025-09-10 17:00:49,0.0,0.0
2025-09-10 17:00:49,0.0,0.0
2025-09-10 17:00:49,0.0,0.0
2025-09-10 17:00:49,0.0,0.0
2025-09-10 17:00:49,0.0,0.0
2025-09-10 17:00:49,0.0,0.0
2025-09-10 17:00:49,0.0,0.0
2025-09-10 17:00:54,0.0,2.0
2025-09-10 17:00:54,11.1,21.0
2025-09-10 17:00:54,11.2,23.0
2025-09-10 17:00:54,38.1,34.8
2025-09-10 17:00:54,38.2,35.0
2025-09-10 17:00:54,96.1,119.0
2025-09-10 17:00:54,96.2,84.2
2025-09-10 17:00:54,307.1,27.2
2025-09-10 17:00:54,307.2,0.0
2025-09-10 17:00:54,52.1,31.0
2025-09-10 17:00:54,52.2,0.0
2025-09-10 17:00:54,102.1,28.0
2025-09-10 17:00:54,102.2,0.0
2025-09-10 17:00:54,124.2,0.0
2025-09-10 17:00:54,124.1,20.6
2025-09-10 17:00:54,48.2,7.8
2025-09-10 17:00:54,48.1,23.8
2025-09-10 17:00:54,75.2,0.0
2025-09-10 17:00:54,75.1,4.0
2025-09-10 17:00:54,109.2,24.2
2025-09-10 17:00:54,109.1,19.8
2025-09-10 17:00:54,123.2,8.2
2025-09-10 17:00:54,123.1,15.6
2025-09-10 17:00:54,26.1,9.0
2025-09-10 17:00:54,26.2,11.2
2025-09-10 17:00:54,66.1,9.4
2025-09-10 17:00:54,66.2,4.2
2025-09-10 17:00:54,10.1,11.4
2025-09-10 17:00:54,10.2,9.4
2025-09-10 17:00:54,58.1,0.0
2025-09-10 17:00:54,58.2,0.0
2025-09-10 17:00:54,306.1,6.8
2025-09-10 17:00:54,306.2,4.8
2025-09-10 17:00:54,9.1,5.4
2025-09-10 17:00:54,9.2,0.0
2025-09-10 17:00:54,57.1,8.6
2025-09-10 17:00:54,57.2,4.0
2025-09-10 17:00:54,79.1,7.8
2025-09-10 17:00:54,79.2,13.6
2025-09-10 17:00:54,116.1,0.0
2025-09-10 17:00:54,116.2,14.4
2025-09-10 17:00:54,13.1,0.0
2025-09-10 17:00:54,13.2,0.0
2025-09-10 17:00:54,76.1,11.2
2025-09-10 17:00:54,76.2,7.0
2025-09-10 17:00:54,17.1,11.6
2025-09-10 17:00:54,17.2,11.2
2025-09-10 17:00:54,125.1,10.2
2025-09-10 17:00:54,125.2,3.4
2025-09-10 17:00:54,0.0,0.0
2025-09-10 17:00:54,0.0,0.0
2025-09-10 17:00:54,104.1,0.0
2025-09-10 17:00:54,104.2,0.0
2025-09-10 17:00:54,119.1,0.0
2025-09-10 17:00:54,119.2,0.0
2025-09-10 17:00:54,64.1,0.0
2025-09-10 17:00:54,64.2,0.0
2025-09-10 17:00:54,29.1,0.0
2025-09-10 17:00:54,29.2,0.0
2025-09-10 17:00:54,53.1,0.0
2025-09-10 17:00:54,53.2,0.0
2025-09-10 17:00:54,77.1,0.0
2025-09-10 17:00:54,77.2,0.0
2025-09-10 17:00:54,37.1,0.0
2025-09-10 17:00:54,37.2,0.0
2025-09-10 17:00:54,70.1,9.4
2025-09-10 17:00:54,70.2,0.0
2025-09-10 17:00:54,28.1,9.2
2025-09-10 17:00:54,28.2,14.0
2025-09-10 17:00:54,0.1,0.0
2025-09-10 17:00:54,0.2,0.0
2025-09-10 17:00:54,25.1,0.0
2025-09-10 17:00:54,25.2,0.0
2025-09-10 17:00:54,301.1,6.4
2025-09-10 17:00:54,301.2,13.6
2025-09-10 17:00:54,304.1,10.8
2025-09-10 17:00:54,304.2,7.0
2025-09-10 17:00:54,22.1,233.0
2025-09-10 17:00:54,22.2,7.8
2025-09-10 17:00:54,4.1,11.6
2025-09-10 17:00:54,4.2,12.6
2025-09-10 17:00:54,12.1,9.2
2025-09-10 17:00:54,12.2,7.2
2025-09-10 17:00:54,99.1,14.6
2025-09-10 17:00:54,99.2,4.4
2025-09-10 17:00:54,56.1,11.8
2025-09-10 17:00:54,56.2,13.2
2025-09-10 17:00:54,122.1,6.0
2025-09-10 17:00:54,122.2,9.0
2025-09-10 17:00:54,55.1,13.0
2025-09-10 17:00:54,55.2,1.4
2025-09-10 17:00:54,83.1,1.0
2025-09-10 17:00:54,83.2,8.2
2025-09-10 17:00:54,97.1,0.8
2025-09-10 17:00:54,97.2,10.6
2025-09-10 17:00:54,84.1,12.4
2025-09-10 17:00:54,84.2,4.8
2025-09-10 17:00:54,305.1,10.8
2025-09-10 17:00:54,305.2,11.0
2025-09-10 17:00:54,2.1,12.4
2025-09-10 17:00:54,2.2,15.2
2025-09-10 17:00:54,45.1,12.6
2025-09-10 17:00:54,45.2,3.8
2025-09-10 17:00:54,0.0,0.0
2025-09-10 17:00:54,0.0,0.0
2025-09-10 17:00:54,0.0,0.0
2025-09-10 17:00:54,0.0,0.0
2025-09-10 17:00:54,0.0,0.0
2025-09-10 17:00:54,0.0,0.0
2025-09-10 17:00:54,0.0,0.0
2025-09-10 17:00:54,0.0,0.0
2025-09-10 17:00:54,0.0,0.0
2025-09-10 17:00:54,0.0,0.0
2025-09-10 17:00:54,0.0,0.0
2025-09-10 17:00:54,0.0,0.0
2025-09-10 17:00:54,0.0,0.0
2025-09-10 17:00:54,0.0,0.0
2025-09-10 17:00:54,0.0,0.0
2025-09-10 17:00:54,0.0,0.0
2025-09-10 17:00:54,0.0,0.0
2025-09-10 17:00:54,0.0,0.0
2025-09-10 17:00:54,0.0,0.0
2025-09-10 17:00:54,0.0,0.0
2025-09-10 17:00:54,0.0,0.0
2025-09-10 17:00:54,0.0,0.0
2025-09-10 17:00:54,0.0,0.0
2025-09-10 17:00:54,0.0,0.0
2025-09-10 17:00:54,0.0,0.0
2025-09-10 17:00:54,0.0,0.0
2025-09-10 17:00:54,0.0,0.0
2025-09-10 17:00:54,0.0,0.0
2025-09-10 17:00:59,0.0,2.0
2025-09-10 17:00:59,11.1,21.2
2025-09-10 17:00:59,11.2,25.6
2025-09-10 17:00:59,38.1,31.0
2025-09-10 17:00:59,38.2,30.6
2025-09-10 17:00:59,96.1,123.6
2025-09-10 17:00:59,96.2,112.4
2025-09-10 17:00:59,307.1,28.8
2025-09-10 17:00:59,307.2,0.0
2025-09-10 17:00:59,52.1,29.2
2025-09-10 17:00:59,52.2,0.0
2025-09-10 17:00:59,102.1,31.2
2025-09-10 17:00:59,102.2,0.0
2025-09-10 17:00:59,124.2,0.0
2025-09-10 17:00:59,124.1,18.8
2025-09-10 17:00:59,48.2,13.6
2025-09-10 17:00:59,48.1,22.0
2025-09-10 17:00:59,75.2,0.0
2025-09-10 17:00:59,75.1,4.4
2025-09-10 17:00:59,109.2,26.2
2025-09-10 17:00:59,109.1,25.0
2025-09-10 17:00:59,123.2,7.6
2025-09-10 17:00:59,123.1,12.2
2025-09-10 17:00:59,26.1,10.4
2025-09-10 17:00:59,26.2,8.8
2025-09-10 17:00:59,66.1,11.8
2025-09-10 17:00:59,66.2,5.8
2025-09-10 17:00:59,10.1,9.2
2025-09-10 17:00:59,10.2,10.2
2025-09-10 17:00:59,58.1,0.0
2025-09-10 17:00:59,58.2,0.0
2025-09-10 17:00:59,306.1,9.8
2025-09-10 17:00:59,306.2,5.8
2025-09-10 17:00:59,9.1,5.2
2025-09-10 17:00:59,9.2,0.0
2025-09-10 17:00:59,57.1,11.0
2025-09-10 17:00:59,57.2,3.0
2025-09-10 17:00:59,79.1,8.8
2025-09-10 17:00:59,79.2,13.0
2025-09-10 17:00:59,116.1,0.0
2025-09-10 17:00:59,116.2,13.0
2025-09-10 17:00:59,13.1,0.0
2025-09-10 17:00:59,13.2,0.0
2025-09-10 17:00:59,76.1,9.6
2025-09-10 17:00:59,76.2,6.4
2025-09-10 17:00:59,17.1,9.4
2025-09-10 17:00:59,17.2,8.8
2025-09-10 17:00:59,125.1,10.2
2025-09-10 17:00:59,125.2,3.2
2025-09-10 17:00:59,0.0,0.0
2025-09-10 17:00:59,0.0,0.0
2025-09-10 17:00:59,104.1,0.0
2025-09-10 17:00:59,104.2,0.0
2025-09-10 17:00:59,119.1,0.0
2025-09-10 17:00:59,119.2,0.0
2025-09-10 17:00:59,64.1,0.0
2025-09-10 17:00:59,64.2,0.0
2025-09-10 17:00:59,29.1,0.0
2025-09-10 17:00:59,29.2,0.0
2025-09-10 17:00:59,53.1,0.0
2025-09-10 17:00:59,53.2,0.0
2025-09-10 17:00:59,77.1,0.0
2025-09-10 17:00:59,77.2,0.0
2025-09-10 17:00:59,37.1,0.0
2025-09-10 17:00:59,37.2,0.0
2025-09-10 17:00:59,70.1,11.2
2025-09-10 17:00:59,70.2,0.0
2025-09-10 17:00:59,28.1,8.4
2025-09-10 17:00:59,28.2,14.4
2025-09-10 17:00:59,0.1,0.0
2025-09-10 17:00:59,0.2,0.0
2025-09-10 17:00:59,25.1,0.0
2025-09-10 17:00:59,25.2,0.0
2025-09-10 17:00:59,301.1,6.2
2025-09-10 17:00:59,301.2,14.0
2025-09-10 17:00:59,304.1,12.2
2025-09-10 17:00:59,304.2,11.8
2025-09-10 17:00:59,22.1,226.6
2025-09-10 17:00:59,22.2,7.4
2025-09-10 17:00:59,4.1,9.8
2025-09-10 17:00:59,4.2,11.2
2025-09-10 17:00:59,12.1,10.0
2025-09-10 17:00:59,12.2,6.2
2025-09-10 17:00:59,99.1,14.2
2025-09-10 17:00:59,99.2,3.2
2025-09-10 17:00:59,56.1,10.0
2025-09-10 17:00:59,56.2,13.0
2025-09-10 17:00:59,122.1,5.4
2025-09-10 17:00:59,122.2,8.6
2025-09-10 17:00:59,55.1,13.4
2025-09-10 17:00:59,55.2,1.0
2025-09-10 17:00:59,83.1,2.6
2025-09-10 17:00:59,83.2,6.8
2025-09-10 17:00:59,97.1,2.0
2025-09-10 17:00:59,97.2,12.2
2025-09-10 17:00:59,84.1,9.4
2025-09-10 17:00:59,84.2,4.6
2025-09-10 17:00:59,305.1,10.4
2025-09-10 17:00:59,305.2,10.0
2025-09-10 17:00:59,2.1,8.4
2025-09-10 17:00:59,2.2,14.6
2025-09-10 17:00:59,45.1,11.4
2025-09-10 17:00:59,45.2,6.0
2025-09-10 17:00:59,0.0,0.0
2025-09-10 17:00:59,0.0,0.0
2025-09-10 17:00:59,0.0,0.0
2025-09-10 17:00:59,0.0,0.0
2025-09-10 17:00:59,0.0,0.0
2025-09-10 17:00:59,0.0,0.0
2025-09-10 17:00:59,0.0,0.0
2025-09-10 17:00:59,0.0,0.0
2025-09-10 17:00:59,0.0,0.0
2025-09-10 17:00:59,0.0,0.0
2025-09-10 17:00:59,0.0,0.0
2025-09-10 17:00:59,0.0,0.0
2025-09-10 17:00:59,0.0,0.0
2025-09-10 17:00:59,0.0,0.0
2025-09-10 17:00:59,0.0,0.0
2025-09-10 17:00:59,0.0,0.0
2025-09-10 17:00:59,0.0,0.0
2025-09-10 17:00:59,0.0,0.0
2025-09-10 17:00:59,0.0,0.0
2025-09-10 17:00:59,0.0,0.0
2025-09-10 17:00:59,0.0,0.0
2025-09-10 17:00:59,0.0,0.0
2025-09-10 17:00:59,0.0,0.0
2025-09-10 17:00:59,0.0,0.0
2025-09-10 17:00:59,0.0,0.0
2025-09-10 17:00:59,0.0,0.0
2025-09-10 17:00:59,0.0,0.0
2025-09-10 17:00:59,0.0,0.0
2025-09-10 17:01:04,0.0,2.0
2025-09-10 17:01:04,11.1,24.2
2025-09-10 17:01:04,11.2,22.2
2025-09-10 17:01:04,38.1,26.8
2025-09-10 17:01:04,38.2,39.2
2025-09-10 17:01:04,96.1,119.4
2025-09-10 17:01:04,96.2,108.2
2025-09-10 17:01:04,307.1,26.6
2025-09-10 17:01:04,307.2,0.0
2025-09-10 17:01:04,52.1,29.4
2025-09-10 17:01:04,52.2,0.0
2025-09-10 17:01:04,102.1,23.8
2025-09-10 17:01:04,102.2,0.0
2025-09-10 17:01:04,124.2,0.0
2025-09-10 17:01:04,124.1,18.8
2025-09-10 17:01:04,48.2,7.6
2025-09-10 17:01:04,48.1,19.6
2025-09-10 17:01:04,75.2,0.0
2025-09-10 17:01:04,75.1,4.4
2025-09-10 17:01:04,109.2,23.8
2025-09-10 17:01:04,109.1,23.6
2025-09-10 17:01:04,123.2,6.0
2025-09-10 17:01:04,123.1,13.4
2025-09-10 17:01:04,26.1,11.8
2025-09-10 17:01:04,26.2,8.2
2025-09-10 17:01:04,66.1,11.4
2025-09-10 17:01:04,66.2,5.2
2025-09-10 17:01:04,10.1,10.0
2025-09-10 17:01:04,10.2,11.4
2025-09-10 17:01:04,58.1,0.0
2025-09-10 17:01:04,58.2,0.0
2025-09-10 17:01:04,306.1,7.8
2025-09-10 17:01:04,306.2,7.2
2025-09-10 17:01:04,9.1,6.2
2025-09-10 17:01:04,9.2,0.0
2025-09-10 17:01:04,57.1,12.2
2025-09-10 17:01:04,57.2,3.0
2025-09-10 17:01:04,79.1,9.0
2025-09-10 17:01:04,79.2,11.4
2025-09-10 17:01:04,116.1,0.0
2025-09-10 17:01:04,116.2,12.6
2025-09-10 17:01:04,13.1,0.0
2025-09-10 17:01:04,13.2,0.0
2025-09-10 17:01:04,76.1,11.0
2025-09-10 17:01:04,76.2,9.4
2025-09-10 17:01:04,17.1,10.4
2025-09-10 17:01:04,17.2,9.6
2025-09-10 17:01:04,125.1,15.0
2025-09-10 17:01:04,125.2,4.2
2025-09-10 17:01:04,0.0,0.0
2025-09-10 17:01:04,0.0,0.0
2025-09-10 17:01:04,104.1,0.0
2025-09-10 17:01:04,104.2,0.0
2025-09-10 17:01:04,119.1,0.0
2025-09-10 17:01:04,119.2,0.0
2025-09-10 17:01:04,64.1,0.0
2025-09-10 17:01:04,64.2,0.0
2025-09-10 17:01:04,29.1,0.0
2025-09-10 17:01:04,29.2,0.0
2025-09-10 17:01:04,53.1,0.0
2025-09-10 17:01:04,53.2,0.0
2025-09-10 17:01:04,77.1,0.0
2025-09-10 17:01:04,77.2,0.0
2025-09-10 17:01:04,37.1,0.0
2025-09-10 17:01:04,37.2,0.0
2025-09-10 17:01:04,70.1,10.6
2025-09-10 17:01:04,70.2,0.0
2025-09-10 17:01:04,28.1,10.2
2025-09-10 17:01:04,28.2,13.8
2025-09-10 17:01:04,0.1,0.0
2025-09-10 17:01:04,0.2,0.0
2025-09-10 17:01:04,25.1,0.0
2025-09-10 17:01:04,25.2,0.0
2025-09-10 17:01:04,301.1,6.2
2025-09-10 17:01:04,301.2,16.6
2025-09-10 17:01:04,304.1,9.4
2025-09-10 17:01:04,304.2,8.4
2025-09-10 17:01:04,22.1,195.4
2025-09-10 17:01:04,22.2,6.4
2025-09-10 17:01:04,4.1,8.2
2025-09-10 17:01:04,4.2,11.6
2025-09-10 17:01:04,12.1,12.0
2025-09-10 17:01:04,12.2,6.2
2025-09-10 17:01:04,99.1,11.2
2025-09-10 17:01:04,99.2,2.8
2025-09-10 17:01:04,56.1,12.4
2025-09-10 17:01:04,56.2,15.2
2025-09-10 17:01:04,122.1,5.6
2025-09-10 17:01:04,122.2,8.6
2025-09-10 17:01:04,55.1,14.4
2025-09-10 17:01:04,55.2,2.6
2025-09-10 17:01:04,83.1,1.4
2025-09-10 17:01:04,83.2,10.6
2025-09-10 17:01:04,97.1,1.2
2025-09-10 17:01:04,97.2,10.0
2025-09-10 17:01:04,84.1,13.6
2025-09-10 17:01:04,84.2,5.4
2025-09-10 17:01:04,305.1,10.0
2025-09-10 17:01:04,305.2,10.4
2025-09-10 17:01:04,2.1,8.4
2025-09-10 17:01:04,2.2,17.2
2025-09-10 17:01:04,45.1,11.2
2025-09-10 17:01:04,45.2,4.6
2025-09-10 17:01:04,0.0,0.0
2025-09-10 17:01:04,0.0,0.0
2025-09-10 17:01:04,0.0,0.0
2025-09-10 17:01:04,0.0,0.0
2025-09-10 17:01:04,0.0,0.0
2025-09-10 17:01:04,0.0,0.0
2025-09-10 17:01:04,0.0,0.0
2025-09-10 17:01:04,0.0,0.0
2025-09-10 17:01:04,0.0,0.0
2025-09-10 17:01:04,0.0,0.0
2025-09-10 17:01:04,0.0,0.0
2025-09-10 17:01:04,0.0,0.0
2025-09-10 17:01:04,0.0,0.0
2025-09-10 17:01:04,0.0,0.0
2025-09-10 17:01:04,0.0,0.0
2025-09-10 17:01:04,0.0,0.0
2025-09-10 17:01:04,0.0,0.0
2025-09-10 17:01:04,0.0,0.0
2025-09-10 17:01:04,0.0,0.0
2025-09-10 17:01:04,0.0,0.0
2025-09-10 17:01:04,0.0,0.0
2025-09-10 17:01:04,0.0,0.0
2025-09-10 17:01:04,0.0,0.0
2025-09-10 17:01:04,0.0,0.0
2025-09-10 17:01:04,0.0,0.0
2025-09-10 17:01:04,0.0,0.0
2025-09-10 17:01:04,0.0,0.0
2025-09-10 17:01:04,0.0,0.0
2025-09-10 17:01:09,0.0,2.0
2025-09-10 17:01:09,11.1,21.4
2025-09-10 17:01:09,11.2,21.4
2025-09-10 17:01:09,38.1,30.0
2025-09-10 17:01:09,38.2,30.8
2025-09-10 17:01:09,96.1,108.0
2025-09-10 17:01:09,96.2,102.0
2025-09-10 17:01:09,307.1,26.4
2025-09-10 17:01:09,307.2,0.0
2025-09-10 17:01:09,52.1,26.8
2025-09-10 17:01:09,52.2,0.0
2025-09-10 17:01:09,102.1,30.6
2025-09-10 17:01:09,102.2,0.0
2025-09-10 17:01:09,124.2,0.0
2025-09-10 17:01:09,124.1,20.0
2025-09-10 17:01:09,48.2,8.4
2025-09-10 17:01:09,48.1,24.6
2025-09-10 17:01:09,75.2,0.0
2025-09-10 17:01:09,75.1,6.8
2025-09-10 17:01:09,109.2,19.0
2025-09-10 17:01:09,109.1,23.6
2025-09-10 17:01:09,123.2,7.4
2025-09-10 17:01:09,123.1,13.8
2025-09-10 17:01:09,26.1,11.0
2025-09-10 17:01:09,26.2,8.0
2025-09-10 17:01:09,66.1,14.2
2025-09-10 17:01:09,66.2,4.8
2025-09-10 17:01:09,10.1,11.0
2025-09-10 17:01:09,10.2,8.6
2025-09-10 17:01:09,58.1,0.0
2025-09-10 17:01:09,58.2,0.0
2025-09-10 17:01:09,306.1,9.2
2025-09-10 17:01:09,306.2,5.4
2025-09-10 17:01:09,9.1,7.2
2025-09-10 17:01:09,9.2,0.0
2025-09-10 17:01:09,57.1,8.8
2025-09-10 17:01:09,57.2,3.6
2025-09-10 17:01:09,79.1,9.8
2025-09-10 17:01:09,79.2,14.6
2025-09-10 17:01:09,116.1,0.0
2025-09-10 17:01:09,116.2,14.2
2025-09-10 17:01:09,13.1,0.0
2025-09-10 17:01:09,13.2,0.0
2025-09-10 17:01:09,76.1,13.2
2025-09-10 17:01:09,76.2,8.2
2025-09-10 17:01:09,17.1,12.8
2025-09-10 17:01:09,17.2,9.4
2025-09-10 17:01:09,125.1,13.8
2025-09-10 17:01:09,125.2,4.0
2025-09-10 17:01:09,0.0,0.0
2025-09-10 17:01:09,0.0,0.0
2025-09-10 17:01:09,104.1,0.0
2025-09-10 17:01:09,104.2,0.0
2025-09-10 17:01:09,119.1,0.0
2025-09-10 17:01:09,119.2,0.0
2025-09-10 17:01:09,64.1,0.0
2025-09-10 17:01:09,64.2,0.0
2025-09-10 17:01:09,29.1,0.0
2025-09-10 17:01:09,29.2,0.0
2025-09-10 17:01:09,53.1,0.0
2025-09-10 17:01:09,53.2,0.0
2025-09-10 17:01:09,77.1,0.0
2025-09-10 17:01:09,77.2,0.0
2025-09-10 17:01:09,37.1,0.0
2025-09-10 17:01:09,37.2,0.0
2025-09-10 17:01:09,70.1,6.2
2025-09-10 17:01:09,70.2,0.0
2025-09-10 17:01:09,28.1,6.6
2025-09-10 17:01:09,28.2,13.2
2025-09-10 17:01:09,0.1,0.0
2025-09-10 17:01:09,0.2,0.0
2025-09-10 17:01:09,25.1,0.0
2025-09-10 17:01:09,25.2,0.0
2025-09-10 17:01:09,301.1,7.0
2025-09-10 17:01:09,301.2,13.0
2025-09-10 17:01:09,304.1,11.6
2025-09-10 17:01:09,304.2,5.4
2025-09-10 17:01:09,22.1,207.6
2025-09-10 17:01:09,22.2,6.8
2025-09-10 17:01:09,4.1,9.4
2025-09-10 17:01:09,4.2,11.6
2025-09-10 17:01:09,12.1,12.2
2025-09-10 17:01:09,12.2,6.6
2025-09-10 17:01:09,99.1,14.8
2025-09-10 17:01:09,99.2,2.2
2025-09-10 17:01:09,56.1,10.4
2025-09-10 17:01:09,56.2,12.6
2025-09-10 17:01:09,122.1,6.0
2025-09-10 17:01:09,122.2,9.4
2025-09-10 17:01:09,55.1,12.6
2025-09-10 17:01:09,55.2,1.6
2025-09-10 17:01:09,83.1,1.6
2025-09-10 17:01:09,83.2,11.4
2025-09-10 17:01:09,97.1,1.6
2025-09-10 17:01:09,97.2,12.2
2025-09-10 17:01:09,84.1,14.4
2025-09-10 17:01:09,84.2,5.8
2025-09-10 17:01:09,305.1,9.8
2025-09-10 17:01:09,305.2,11.0
2025-09-10 17:01:09,2.1,9.4
2025-09-10 17:01:09,2.2,16.0
2025-09-10 17:01:09,45.1,11.8
2025-09-10 17:01:09,45.2,4.2
2025-09-10 17:01:09,0.0,0.0
2025-09-10 17:01:09,0.0,0.0
2025-09-10 17:01:09,0.0,0.0
2025-09-10 17:01:09,0.0,0.0
2025-09-10 17:01:09,0.0,0.0
2025-09-10 17:01:09,0.0,0.0
2025-09-10 17:01:09,0.0,0.0
2025-09-10 17:01:09,0.0,0.0
2025-09-10 17:01:09,0.0,0.0
2025-09-10 17:01:09,0.0,0.0
2025-09-10 17:01:09,0.0,0.0
2025-09-10 17:01:09,0.0,0.0
2025-09-10 17:01:09,0.0,0.0
2025-09-10 17:01:09,0.0,0.0
2025-09-10 17:01:09,0.0,0.0
2025-09-10 17:01:09,0.0,0.0
2025-09-10 17:01:09,0.0,0.0
2025-09-10 17:01:09,0.0,0.0
2025-09-10 17:01:09,0.0,0.0
2025-09-10 17:01:09,0.0,0.0
2025-09-10 17:01:09,0.0,0.0
2025-09-10 17:01:09,0.0,0.0
2025-09-10 17:01:09,0.0,0.0
2025-09-10 17:01:09,0.0,0.0
2025-09-10 17:01:09,0.0,0.0
2025-09-10 17:01:09,0.0,0.0
2025-09-10 17:01:09,0.0,0.0
2025-09-10 17:01:09,0.0,0.0
2025-09-10 17:01:14,0.0,2.0
2025-09-10 17:01:14,11.1,21.6
2025-09-10 17:01:14,11.2,24.0
2025-09-10 17:01:14,38.1,34.6
2025-09-10 17:01:14,38.2,33.2
2025-09-10 17:01:14,96.1,121.8
2025-09-10 17:01:14,96.2,100.2
2025-09-10 17:01:14,307.1,28.8
2025-09-10 17:01:14,307.2,0.0
2025-09-10 17:01:14,52.1,29.4
2025-09-10 17:01:14,52.2,0.0
2025-09-10 17:01:14,102.1,22.8
2025-09-10 17:01:14,102.2,0.0
2025-09-10 17:01:14,124.2,0.0
2025-09-10 17:01:14,124.1,25.0
2025-09-10 17:01:14,48.2,8.4
2025-09-10 17:01:14,48.1,22.6
2025-09-10 17:01:14,75.2,0.0
2025-09-10 17:01:14,75.1,5.4
2025-09-10 17:01:14,109.2,22.0
2025-09-10 17:01:14,109.1,23.2
2025-09-10 17:01:14,123.2,9.2
2025-09-10 17:01:14,123.1,14.4
2025-09-10 17:01:14,26.1,12.4
2025-09-10 17:01:14,26.2,9.4
2025-09-10 17:01:14,66.1,10.8
2025-09-10 17:01:14,66.2,4.2
2025-09-10 17:01:14,10.1,8.6
2025-09-10 17:01:14,10.2,12.6
2025-09-10 17:01:14,58.1,0.0
2025-09-10 17:01:14,58.2,0.0
2025-09-10 17:01:14,306.1,9.6
2025-09-10 17:01:14,306.2,6.8
2025-09-10 17:01:14,9.1,6.8
2025-09-10 17:01:14,9.2,0.0
2025-09-10 17:01:14,57.1,11.4
2025-09-10 17:01:14,57.2,4.4
2025-09-10 17:01:14,79.1,10.8
2025-09-10 17:01:14,79.2,11.4
2025-09-10 17:01:14,116.1,0.0
2025-09-10 17:01:14,116.2,12.8
2025-09-10 17:01:14,13.1,0.0
2025-09-10 17:01:14,13.2,0.0
2025-09-10 17:01:14,76.1,13.6
2025-09-10 17:01:14,76.2,8.6
2025-09-10 17:01:14,17.1,10.4
2025-09-10 17:01:14,17.2,8.6
2025-09-10 17:01:14,125.1,10.2
2025-09-10 17:01:14,125.2,3.8
2025-09-10 17:01:14,0.0,0.0
2025-09-10 17:01:14,0.0,0.0
2025-09-10 17:01:14,104.1,0.0
2025-09-10 17:01:14,104.2,0.0
2025-09-10 17:01:14,119.1,0.0
2025-09-10 17:01:14,119.2,0.0
2025-09-10 17:01:14,64.1,0.0
2025-09-10 17:01:14,64.2,0.0
2025-09-10 17:01:14,29.1,0.0
2025-09-10 17:01:14,29.2,0.0
2025-09-10 17:01:14,53.1,0.0
2025-09-10 17:01:14,53.2,0.0
2025-09-10 17:01:14,77.1,0.0
2025-09-10 17:01:14,77.2,0.0
2025-09-10 17:01:14,37.1,0.0
2025-09-10 17:01:14,37.2,0.0
2025-09-10 17:01:14,70.1,10.8
2025-09-10 17:01:14,70.2,0.0
2025-09-10 17:01:14,28.1,7.6
2025-09-10 17:01:14,28.2,11.8
2025-09-10 17:01:14,0.1,0.0
2025-09-10 17:01:14,0.2,0.0
2025-09-10 17:01:14,25.1,0.0
2025-09-10 17:01:14,25.2,0.0
2025-09-10 17:01:14,301.1,6.4
2025-09-10 17:01:14,301.2,15.8
2025-09-10 17:01:14,304.1,12.2
2025-09-10 17:01:14,304.2,9.0
2025-09-10 17:01:14,22.1,231.4
2025-09-10 17:01:14,22.2,7.6
2025-09-10 17:01:14,4.1,13.2
2025-09-10 17:01:14,4.2,8.6
2025-09-10 17:01:14,12.1,9.0
2025-09-10 17:01:14,12.2,5.4
2025-09-10 17:01:14,99.1,13.8
2025-09-10 17:01:14,99.2,3.2
2025-09-10 17:01:14,56.1,11.4
2025-09-10 17:01:14,56.2,16.2
2025-09-10 17:01:14,122.1,4.8
2025-09-10 17:01:14,122.2,11.0
2025-09-10 17:01:14,55.1,13.2
2025-09-10 17:01:14,55.2,0.4
2025-09-10 17:01:14,83.1,1.2
2025-09-10 17:01:14,83.2,7.2
2025-09-10 17:01:14,97.1,0.2
2025-09-10 17:01:14,97.2,10.6
2025-09-10 17:01:14,84.1,13.6
2025-09-10 17:01:14,84.2,4.8
2025-09-10 17:01:14,305.1,11.4
2025-09-10 17:01:14,305.2,10.4
2025-09-10 17:01:14,2.1,12.0
2025-09-10 17:01:14,2.2,13.2
2025-09-10 17:01:14,45.1,11.8
2025-09-10 17:01:14,45.2,4.8
2025-09-10 17:01:14,0.0,0.0
2025-09-10 17:01:14,0.0,0.0
2025-09-10 17:01:14,0.0,0.0
2025-09-10 17:01:14,0.0,0.0
2025-09-10 17:01:14,0.0,0.0
2025-09-10 17:01:14,0.0,0.0
2025-09-10 17:01:14,0.0,0.0
2025-09-10 17:01:14,0.0,0.0
2025-09-10 17:01:14,0.0,0.0
2025-09-10 17:01:14,0.0,0.0
2025-09-10 17:01:14,0.0,0.0
2025-09-10 17:01:14,0.0,0.0
2025-09-10 17:01:14,0.0,0.0
2025-09-10 17:01:14,0.0,0.0
2025-09-10 17:01:14,0.0,0.0
2025-09-10 17:01:14,0.0,0.0
2025-09-10 17:01:14,0.0,0.0
2025-09-10 17:01:14,0.0,0.0
2025-09-10 17:01:14,0.0,0.0
2025-09-10 17:01:14,0.0,0.0
2025-09-10 17:01:14,0.0,0.0
2025-09-10 17:01:14,0.0,0.0
2025-09-10 17:01:14,0.0,0.0
2025-09-10 17:01:14,0.0,0.0
2025-09-10 17:01:14,0.0,0.0
2025-09-10 17:01:14,0.0,0.0
2025-09-10 17:01:14,0.0,0.0
2025-09-10 17:01:14,0.0,0.0
2025-09-10 17:01:19,0.0,2.0
2025-09-10 17:01:19,11.1,20.6
2025-09-10 17:01:19,11.2,18.4
2025-09-10 17:01:19,38.1,29.4
2025-09-10 17:01:19,38.2,30.8
2025-09-10 17:01:19,96.1,116.4
2025-09-10 17:01:19,96.2,107.2
2025-09-10 17:01:19,307.1,29.2
2025-09-10 17:01:19,307.2,0.0
2025-09-10 17:01:19,52.1,28.6
2025-09-10 17:01:19,52.2,0.0
2025-09-10 17:01:19,102.1,23.4
2025-09-10 17:01:19,102.2,0.0
2025-09-10 17:01:19,124.2,0.0
2025-09-10 17:01:19,124.1,24.0
2025-09-10 17:01:19,48.2,9.0
2025-09-10 17:01:19,48.1,27.2
2025-09-10 17:01:19,75.2,0.0
2025-09-10 17:01:19,75.1,5.8
2025-09-10 17:01:19,109.2,23.2
2025-09-10 17:01:19,109.1,22.0
2025-09-10 17:01:19,123.2,9.6
2025-09-10 17:01:19,123.1,14.4
2025-09-10 17:01:19,26.1,11.8
2025-09-10 17:01:19,26.2,8.8
2025-09-10 17:01:19,66.1,11.0
2025-09-10 17:01:19,66.2,6.0
2025-09-10 17:01:19,10.1,11.2
2025-09-10 17:01:19,10.2,8.2
2025-09-10 17:01:19,58.1,0.0
2025-09-10 17:01:19,58.2,0.0
2025-09-10 17:01:19,306.1,10.4
2025-09-10 17:01:19,306.2,6.2
2025-09-10 17:01:19,9.1,7.2
2025-09-10 17:01:19,9.2,0.0
2025-09-10 17:01:19,57.1,12.2
2025-09-10 17:01:19,57.2,2.8
2025-09-10 17:01:19,79.1,11.8
2025-09-10 17:01:19,79.2,14.8
2025-09-10 17:01:19,116.1,0.0
2025-09-10 17:01:19,116.2,10.6
2025-09-10 17:01:19,13.1,0.0
2025-09-10 17:01:19,13.2,0.0
2025-09-10 17:01:19,76.1,14.2
2025-09-10 17:01:19,76.2,9.4
2025-09-10 17:01:19,17.1,9.0
2025-09-10 17:01:19,17.2,13.0
2025-09-10 17:01:19,125.1,10.6
2025-09-10 17:01:19,125.2,4.2
2025-09-10 17:01:19,0.0,0.0
2025-09-10 17:01:19,0.0,0.0
2025-09-10 17:01:19,104.1,0.0
2025-09-10 17:01:19,104.2,0.0
2025-09-10 17:01:19,119.1,0.0
2025-09-10 17:01:19,119.2,0.0
2025-09-10 17:01:19,64.1,0.0
2025-09-10 17:01:19,64.2,0.0
2025-09-10 17:01:19,29.1,0.0
2025-09-10 17:01:19,29.2,0.0
2025-09-10 17:01:19,53.1,0.0
2025-09-10 17:01:19,53.2,0.0
2025-09-10 17:01:19,77.1,0.0
2025-09-10 17:01:19,77.2,0.0
2025-09-10 17:01:19,37.1,0.0
2025-09-10 17:01:19,37.2,0.0
2025-09-10 17:01:19,70.1,10.0
2025-09-10 17:01:19,70.2,0.0
2025-09-10 17:01:19,28.1,7.4
2025-09-10 17:01:19,28.2,18.2
2025-09-10 17:01:19,0.1,0.0
2025-09-10 17:01:19,0.2,0.0
2025-09-10 17:01:19,25.1,0.0
2025-09-10 17:01:19,25.2,0.0
2025-09-10 17:01:19,301.1,6.6
2025-09-10 17:01:19,301.2,14.2
2025-09-10 17:01:19,304.1,11.2
2025-09-10 17:01:19,304.2,7.6
2025-09-10 17:01:19,22.1,300.0
2025-09-10 17:01:19,22.2,9.8
2025-09-10 17:01:19,4.1,12.0
2025-09-10 17:01:19,4.2,11.8
2025-09-10 17:01:19,12.1,10.6
2025-09-10 17:01:19,12.2,7.4
2025-09-10 17:01:19,99.1,16.6
2025-09-10 17:01:19,99.2,3.6
2025-09-10 17:01:19,56.1,9.8
2025-09-10 17:01:19,56.2,14.0
2025-09-10 17:01:19,122.1,7.6
2025-09-10 17:01:19,122.2,9.4
2025-09-10 17:01:19,55.1,12.2
2025-09-10 17:01:19,55.2,1.4
2025-09-10 17:01:19,83.1,2.4
2025-09-10 17:01:19,83.2,7.2
2025-09-10 17:01:19,97.1,1.2
2025-09-10 17:01:19,97.2,14.4
2025-09-10 17:01:19,84.1,11.2
2025-09-10 17:01:19,84.2,5.8
2025-09-10 17:01:19,305.1,8.0
2025-09-10 17:01:19,305.2,8.8
2025-09-10 17:01:19,2.1,9.6
2025-09-10 17:01:19,2.2,12.4
2025-09-10 17:01:19,45.1,9.6
2025-09-10 17:01:19,45.2,3.2
2025-09-10 17:01:19,0.0,0.0
2025-09-10 17:01:19,0.0,0.0
2025-09-10 17:01:19,0.0,0.0
2025-09-10 17:01:19,0.0,0.0
2025-09-10 17:01:19,0.0,0.0
2025-09-10 17:01:19,0.0,0.0
2025-09-10 17:01:19,0.0,0.0
2025-09-10 17:01:19,0.0,0.0
2025-09-10 17:01:19,0.0,0.0
2025-09-10 17:01:19,0.0,0.0
2025-09-10 17:01:19,0.0,0.0
2025-09-10 17:01:19,0.0,0.0
2025-09-10 17:01:19,0.0,0.0
2025-09-10 17:01:19,0.0,0.0
2025-09-10 17:01:19,0.0,0.0
2025-09-10 17:01:19,0.0,0.0
2025-09-10 17:01:19,0.0,0.0
2025-09-10 17:01:19,0.0,0.0
2025-09-10 17:01:19,0.0,0.0
2025-09-10 17:01:19,0.0,0.0
2025-09-10 17:01:19,0.0,0.0
2025-09-10 17:01:19,0.0,0.0
2025-09-10 17:01:19,0.0,0.0
2025-09-10 17:01:19,0.0,0.0
2025-09-10 17:01:19,0.0,0.0
2025-09-10 17:01:19,0.0,0.0
2025-09-10 17:01:19,0.0,0.0
2025-09-10 17:01:19,0.0,0.0
2025-09-10 17:01:24,0.0,2.0
2025-09-10 17:01:24,11.1,22.2
2025-09-10 17:01:24,11.2,27.0
2025-09-10 17:01:24,38.1,34.0
2025-09-10 17:01:24,38.2,29.2
2025-09-10 17:01:24,96.1,124.8
2025-09-10 17:01:24,96.2,99.8
2025-09-10 17:01:24,307.1,28.8
2025-09-10 17:01:24,307.2,0.0
2025-09-10 17:01:24,52.1,30.0
2025-09-10 17:01:24,52.2,0.0
2025-09-10 17:01:24,102.1,22.8
2025-09-10 17:01:24,102.2,0.0
2025-09-10 17:01:24,124.2,0.0
2025-09-10 17:01:24,124.1,25.2
2025-09-10 17:01:24,48.2,9.8
2025-09-10 17:01:24,48.1,21.8
2025-09-10 17:01:24,75.2,0.0
2025-09-10 17:01:24,75.1,4.6
2025-09-10 17:01:24,109.2,22.6
2025-09-10 17:01:24,109.1,25.8
2025-09-10 17:01:24,123.2,6.8
2025-09-10 17:01:24,123.1,12.6
2025-09-10 17:01:24,26.1,14.2
2025-09-10 17:01:24,26.2,9.4
2025-09-10 17:01:24,66.1,10.8
2025-09-10 17:01:24,66.2,4.0
2025-09-10 17:01:24,10.1,14.8
2025-09-10 17:01:24,10.2,9.6
2025-09-10 17:01:24,58.1,0.0
2025-09-10 17:01:24,58.2,0.0
2025-09-10 17:01:24,306.1,11.8
2025-09-10 17:01:24,306.2,6.2
2025-09-10 17:01:24,9.1,5.4
2025-09-10 17:01:24,9.2,0.0
2025-09-10 17:01:24,57.1,12.2
2025-09-10 17:01:24,57.2,4.0
2025-09-10 17:01:24,79.1,9.4
2025-09-10 17:01:24,79.2,11.8
2025-09-10 17:01:24,116.1,0.0
2025-09-10 17:01:24,116.2,14.0
2025-09-10 17:01:24,13.1,0.0
2025-09-10 17:01:24,13.2,0.0
2025-09-10 17:01:24,76.1,11.4
2025-09-10 17:01:24,76.2,7.8
2025-09-10 17:01:24,17.1,11.0
2025-09-10 17:01:24,17.2,8.4
2025-09-10 17:01:24,125.1,14.2
2025-09-10 17:01:24,125.2,4.0
2025-09-10 17:01:24,0.0,0.0
2025-09-10 17:01:24,0.0,0.0
2025-09-10 17:01:24,104.1,0.0
2025-09-10 17:01:24,104.2,0.0
2025-09-10 17:01:24,119.1,0.0
2025-09-10 17:01:24,119.2,0.0
2025-09-10 17:01:24,64.1,0.0
2025-09-10 17:01:24,64.2,0.0
2025-09-10 17:01:24,29.1,0.0
2025-09-10 17:01:24,29.2,0.0
2025-09-10 17:01:24,53.1,0.0
2025-09-10 17:01:24,53.2,0.0
2025-09-10 17:01:24,77.1,0.0
2025-09-10 17:01:24,77.2,0.0
2025-09-10 17:01:24,37.1,0.0
2025-09-10 17:01:24,37.2,0.0
2025-09-10 17:01:24,70.1,8.8
2025-09-10 17:01:24,70.2,0.0
2025-09-10 17:01:24,28.1,7.6
2025-09-10 17:01:24,28.2,14.4
2025-09-10 17:01:24,0.1,0.0
2025-09-10 17:01:24,0.2,0.0
2025-09-10 17:01:24,25.1,0.0
2025-09-10 17:01:24,25.2,0.0
2025-09-10 17:01:24,301.1,7.4
2025-09-10 17:01:24,301.2,16.0
2025-09-10 17:01:24,304.1,14.4
2025-09-10 17:01:24,304.2,7.6
2025-09-10 17:01:24,22.1,182.8
2025-09-10 17:01:24,22.2,6.0
2025-09-10 17:01:24,4.1,12.2
2025-09-10 17:01:24,4.2,12.6
2025-09-10 17:01:24,12.1,9.2
2025-09-10 17:01:24,12.2,7.2
2025-09-10 17:01:24,99.1,14.0
2025-09-10 17:01:24,99.2,3.0
2025-09-10 17:01:24,56.1,9.6
2025-09-10 17:01:24,56.2,15.2
2025-09-10 17:01:24,122.1,5.0
2025-09-10 17:01:24,122.2,8.4
2025-09-10 17:01:24,55.1,11.0
2025-09-10 17:01:24,55.2,1.4
2025-09-10 17:01:24,83.1,1.2
2025-09-10 17:01:24,83.2,9.8
2025-09-10 17:01:24,97.1,1.0
2025-09-10 17:01:24,97.2,11.8
2025-09-10 17:01:24,84.1,10.8
2025-09-10 17:01:24,84.2,5.6
2025-09-10 17:01:24,305.1,10.4
2025-09-10 17:01:24,305.2,9.8
2025-09-10 17:01:24,2.1,8.8
2025-09-10 17:01:24,2.2,14.4
2025-09-10 17:01:24,45.1,10.4
2025-09-10 17:01:24,45.2,5.2
2025-09-10 17:01:24,0.0,0.0
2025-09-10 17:01:24,0.0,0.0
2025-09-10 17:01:24,0.0,0.0
2025-09-10 17:01:24,0.0,0.0
2025-09-10 17:01:24,0.0,0.0
2025-09-10 17:01:24,0.0,0.0
2025-09-10 17:01:24,0.0,0.0
2025-09-10 17:01:24,0.0,0.0
2025-09-10 17:01:24,0.0,0.0
2025-09-10 17:01:24,0.0,0.0
2025-09-10 17:01:24,0.0,0.0
2025-09-10 17:01:24,0.0,0.0
2025-09-10 17:01:24,0.0,0.0
2025-09-10 17:01:24,0.0,0.0
2025-09-10 17:01:24,0.0,0.0
2025-09-10 17:01:24,0.0,0.0
2025-09-10 17:01:24,0.0,0.0
2025-09-10 17:01:24,0.0,0.0
2025-09-10 17:01:24,0.0,0.0
2025-09-10 17:01:24,0.0,0.0
2025-09-10 17:01:24,0.0,0.0
2025-09-10 17:01:24,0.0,0.0
2025-09-10 17:01:24,0.0,0.0
2025-09-10 17:01:24,0.0,0.0
2025-09-10 17:01:24,0.0,0.0
2025-09-10 17:01:24,0.0,0.0
2025-09-10 17:01:24,0.0,0.0
2025-09-10 17:01:24,0.0,0.0
2025-09-10 17:01:29,0.0,2.0
2025-09-10 17:01:29,11.1,22.0
2025-09-10 17:01:29,11.2,26.0
2025-09-10 17:01:29,38.1,32.4
2025-09-10 17:01:29,38.2,29.8
2025-09-10 17:01:29,96.1,125.2
2025-09-10 17:01:29,96.2,96.8
2025-09-10 17:01:29,307.1,25.6
2025-09-10 17:01:29,307.2,0.0
2025-09-10 17:01:29,52.1,34.6
2025-09-10 17:01:29,52.2,0.0
2025-09-10 17:01:29,102.1,25.2
2025-09-10 17:01:29,102.2,0.0
2025-09-10 17:01:29,124.2,0.0
2025-09-10 17:01:29,124.1,23.0
2025-09-10 17:01:29,48.2,7.2
2025-09-10 17:01:29,48.1,24.4
2025-09-10 17:01:29,75.2,0.0
2025-09-10 17:01:29,75.1,6.4
2025-09-10 17:01:29,109.2,22.8
2025-09-10 17:01:29,109.1,22.8
2025-09-10 17:01:29,123.2,7.4
2025-09-10 17:01:29,123.1,13.6
2025-09-10 17:01:29,26.1,12.2
2025-09-10 17:01:29,26.2,7.4
2025-09-10 17:01:29,66.1,12.2
2025-09-10 17:01:29,66.2,4.0
2025-09-10 17:01:29,10.1,13.2
2025-09-10 17:01:29,10.2,7.0
2025-09-10 17:01:29,58.1,0.0
2025-09-10 17:01:29,58.2,0.0
2025-09-10 17:01:29,306.1,10.6
2025-09-10 17:01:29,306.2,5.6
2025-09-10 17:01:29,9.1,6.2
2025-09-10 17:01:29,9.2,0.0
2025-09-10 17:01:29,57.1,11.0
2025-09-10 17:01:29,57.2,4.6
2025-09-10 17:01:29,79.1,10.0
2025-09-10 17:01:29,79.2,13.8
2025-09-10 17:01:29,116.1,0.0
2025-09-10 17:01:29,116.2,11.0
2025-09-10 17:01:29,13.1,0.0
2025-09-10 17:01:29,13.2,0.0
2025-09-10 17:01:29,76.1,14.2
2025-09-10 17:01:29,76.2,6.6
2025-09-10 17:01:29,17.1,12.0
2025-09-10 17:01:29,17.2,7.2
2025-09-10 17:01:29,125.1,8.4
2025-09-10 17:01:29,125.2,3.4
2025-09-10 17:01:29,0.0,0.0
2025-09-10 17:01:29,0.0,0.0
2025-09-10 17:01:29,104.1,0.0
2025-09-10 17:01:29,104.2,0.0
2025-09-10 17:01:29,119.1,0.0
2025-09-10 17:01:29,119.2,0.0
2025-09-10 17:01:29,64.1,0.0
2025-09-10 17:01:29,64.2,0.0
2025-09-10 17:01:29,29.1,0.0
2025-09-10 17:01:29,29.2,0.0
2025-09-10 17:01:29,53.1,0.0
2025-09-10 17:01:29,53.2,0.0
2025-09-10 17:01:29,77.1,0.0
2025-09-10 17:01:29,77.2,0.0
2025-09-10 17:01:29,37.1,0.0
2025-09-10 17:01:29,37.2,0.0
2025-09-10 17:01:29,70.1,11.2
2025-09-10 17:01:29,70.2,0.0
2025-09-10 17:01:29,28.1,9.0
2025-09-10 17:01:29,28.2,12.2
2025-09-10 17:01:29,0.1,0.0
2025-09-10 17:01:29,0.2,0.0
2025-09-10 17:01:29,25.1,0.0
2025-09-10 17:01:29,25.2,0.0
2025-09-10 17:01:29,301.1,5.6
2025-09-10 17:01:29,301.2,13.6
2025-09-10 17:01:29,304.1,16.0
2025-09-10 17:01:29,304.2,7.4
2025-09-10 17:01:29,22.1,299.8
2025-09-10 17:01:29,22.2,10.0
2025-09-10 17:01:29,4.1,9.2
2025-09-10 17:01:29,4.2,14.6
2025-09-10 17:01:29,12.1,11.4
2025-09-10 17:01:29,12.2,7.8
2025-09-10 17:01:29,99.1,12.6
2025-09-10 17:01:29,99.2,3.0
2025-09-10 17:01:29,56.1,13.0
2025-09-10 17:01:29,56.2,14.0
2025-09-10 17:01:29,122.1,4.8
2025-09-10 17:01:29,122.2,12.4
2025-09-10 17:01:29,55.1,11.2
2025-09-10 17:01:29,55.2,1.2
2025-09-10 17:01:29,83.1,2.2
2025-09-10 17:01:29,83.2,8.6
2025-09-10 17:01:29,97.1,0.6
2025-09-10 17:01:29,97.2,14.4
2025-09-10 17:01:29,84.1,12.0
2025-09-10 17:01:29,84.2,5.0
2025-09-10 17:01:29,305.1,7.0
2025-09-10 17:01:29,305.2,14.6
2025-09-10 17:01:29,2.1,11.2
2025-09-10 17:01:29,2.2,13.8
2025-09-10 17:01:29,45.1,11.0
2025-09-10 17:01:29,45.2,5.6
2025-09-10 17:01:29,0.0,0.0
2025-09-10 17:01:29,0.0,0.0
2025-09-10 17:01:29,0.0,0.0
2025-09-10 17:01:29,0.0,0.0
2025-09-10 17:01:29,0.0,0.0
2025-09-10 17:01:29,0.0,0.0
2025-09-10 17:01:29,0.0,0.0
2025-09-10 17:01:29,0.0,0.0
2025-09-10 17:01:29,0.0,0.0
2025-09-10 17:01:29,0.0,0.0
2025-09-10 17:01:29,0.0,0.0
2025-09-10 17:01:29,0.0,0.0
2025-09-10 17:01:29,0.0,0.0
2025-09-10 17:01:29,0.0,0.0
2025-09-10 17:01:29,0.0,0.0
2025-09-10 17:01:29,0.0,0.0
2025-09-10 17:01:29,0.0,0.0
2025-09-10 17:01:29,0.0,0.0
2025-09-10 17:01:29,0.0,0.0
2025-09-10 17:01:29,0.0,0.0
2025-09-10 17:01:29,0.0,0.0
2025-09-10 17:01:29,0.0,0.0
2025-09-10 17:01:29,0.0,0.0
2025-09-10 17:01:29,0.0,0.0
2025-09-10 17:01:29,0.0,0.0
2025-09-10 17:01:29,0.0,0.0
2025-09-10 17:01:29,0.0,0.0
2025-09-10 17:01:29,0.0,0.0
2025-09-10 17:01:34,0.0,2.0
2025-09-10 17:01:34,11.1,18.6
2025-09-10 17:01:34,11.2,24.2
2025-09-10 17:01:34,38.1,28.6
2025-09-10 17:01:34,38.2,29.8
2025-09-10 17:01:34,96.1,117.2
2025-09-10 17:01:34,96.2,93.8
2025-09-10 17:01:34,307.1,28.4
2025-09-10 17:01:34,307.2,0.0
2025-09-10 17:01:34,52.1,28.2
2025-09-10 17:01:34,52.2,0.0
2025-09-10 17:01:34,102.1,25.2
2025-09-10 17:01:34,102.2,0.0
2025-09-10 17:01:34,124.2,0.0
2025-09-10 17:01:34,124.1,20.4
2025-09-10 17:01:34,48.2,8.8
2025-09-10 17:01:34,48.1,23.8
2025-09-10 17:01:34,75.2,0.0
2025-09-10 17:01:34,75.1,5.6
2025-09-10 17:01:34,109.2,24.4
2025-09-10 17:01:34,109.1,25.8
2025-09-10 17:01:34,123.2,8.4
2025-09-10 17:01:34,123.1,14.4
2025-09-10 17:01:34,26.1,10.0
2025-09-10 17:01:34,26.2,8.6
2025-09-10 17:01:34,66.1,13.8
2025-09-10 17:01:34,66.2,6.2
2025-09-10 17:01:34,10.1,14.0
2025-09-10 17:01:34,10.2,12.2
2025-09-10 17:01:34,58.1,0.0
2025-09-10 17:01:34,58.2,0.0
2025-09-10 17:01:34,306.1,10.0
2025-09-10 17:01:34,306.2,4.8
2025-09-10 17:01:34,9.1,5.0
2025-09-10 17:01:34,9.2,0.0
2025-09-10 17:01:34,57.1,8.4
2025-09-10 17:01:34,57.2,3.4
2025-09-10 17:01:34,79.1,10.4
2025-09-10 17:01:34,79.2,14.4
2025-09-10 17:01:34,116.1,0.0
2025-09-10 17:01:34,116.2,10.2
2025-09-10 17:01:34,13.1,0.0
2025-09-10 17:01:34,13.2,0.0
2025-09-10 17:01:34,76.1,11.2
2025-09-10 17:01:34,76.2,8.8
2025-09-10 17:01:34,17.1,12.4
2025-09-10 17:01:34,17.2,9.0
2025-09-10 17:01:34,125.1,11.0
2025-09-10 17:01:34,125.2,2.4
2025-09-10 17:01:34,0.0,0.0
2025-09-10 17:01:34,0.0,0.0
2025-09-10 17:01:34,104.1,0.0
2025-09-10 17:01:34,104.2,0.0
2025-09-10 17:01:34,119.1,0.0
2025-09-10 17:01:34,119.2,0.0
2025-09-10 17:01:34,64.1,0.0
2025-09-10 17:01:34,64.2,0.0
2025-09-10 17:01:34,29.1,0.0
2025-09-10 17:01:34,29.2,0.0
2025-09-10 17:01:34,53.1,0.0
2025-09-10 17:01:34,53.2,0.0
2025-09-10 17:01:34,77.1,0.0
2025-09-10 17:01:34,77.2,0.0
2025-09-10 17:01:34,37.1,0.0
2025-09-10 17:01:34,37.2,0.0
2025-09-10 17:01:34,70.1,6.8
2025-09-10 17:01:34,70.2,0.0
2025-09-10 17:01:34,28.1,8.4
2025-09-10 17:01:34,28.2,16.8
2025-09-10 17:01:34,0.1,0.0
2025-09-10 17:01:34,0.2,0.0
2025-09-10 17:01:34,25.1,0.0
2025-09-10 17:01:34,25.2,0.0
2025-09-10 17:01:34,301.1,6.8
2025-09-10 17:01:34,301.2,13.2
2025-09-10 17:01:34,304.1,14.6
2025-09-10 17:01:34,304.2,7.4
2025-09-10 17:01:34,22.1,232.0
2025-09-10 17:01:34,22.2,7.6
2025-09-10 17:01:34,4.1,8.0
2025-09-10 17:01:34,4.2,10.0
2025-09-10 17:01:34,12.1,7.6
2025-09-10 17:01:34,12.2,8.6
2025-09-10 17:01:34,99.1,14.6
2025-09-10 17:01:34,99.2,3.2
2025-09-10 17:01:34,56.1,9.0
2025-09-10 17:01:34,56.2,14.0
2025-09-10 17:01:34,122.1,8.2
2025-09-10 17:01:34,122.2,8.8
2025-09-10 17:01:34,55.1,12.2
2025-09-10 17:01:34,55.2,0.8
2025-09-10 17:01:34,83.1,1.8
2025-09-10 17:01:34,83.2,7.6
2025-09-10 17:01:34,97.1,1.4
2025-09-10 17:01:34,97.2,11.8
2025-09-10 17:01:34,84.1,12.6
2025-09-10 17:01:34,84.2,3.4
2025-09-10 17:01:34,305.1,9.6
2025-09-10 17:01:34,305.2,10.6
2025-09-10 17:01:34,2.1,10.4
2025-09-10 17:01:34,2.2,11.4
2025-09-10 17:01:34,45.1,8.6
2025-09-10 17:01:34,45.2,5.2
2025-09-10 17:01:34,0.0,0.0
2025-09-10 17:01:34,0.0,0.0
2025-09-10 17:01:34,0.0,0.0
2025-09-10 17:01:34,0.0,0.0
2025-09-10 17:01:34,0.0,0.0
2025-09-10 17:01:34,0.0,0.0
2025-09-10 17:01:34,0.0,0.0
2025-09-10 17:01:34,0.0,0.0
2025-09-10 17:01:34,0.0,0.0
2025-09-10 17:01:34,0.0,0.0
2025-09-10 17:01:34,0.0,0.0
2025-09-10 17:01:34,0.0,0.0
2025-09-10 17:01:34,0.0,0.0
2025-09-10 17:01:34,0.0,0.0
2025-09-10 17:01:34,0.0,0.0
2025-09-10 17:01:34,0.0,0.0
2025-09-10 17:01:34,0.0,0.0
2025-09-10 17:01:34,0.0,0.0
2025-09-10 17:01:34,0.0,0.0
2025-09-10 17:01:34,0.0,0.0
2025-09-10 17:01:34,0.0,0.0
2025-09-10 17:01:34,0.0,0.0
2025-09-10 17:01:34,0.0,0.0
2025-09-10 17:01:34,0.0,0.0
2025-09-10 17:01:34,0.0,0.0
2025-09-10 17:01:34,0.0,0.0
2025-09-10 17:01:34,0.0,0.0
2025-09-10 17:01:34,0.0,0.0
2025-09-10 17:01:39,0.0,2.0
2025-09-10 17:01:39,11.1,18.0
2025-09-10 17:01:39,11.2,26.0
2025-09-10 17:01:39,38.1,32.6
2025-09-10 17:01:39,38.2,28.8
2025-09-10 17:01:39,96.1,122.2
2025-09-10 17:01:39,96.2,102.6
2025-09-10 17:01:39,307.1,31.6
2025-09-10 17:01:39,307.2,0.0
2025-09-10 17:01:39,52.1,30.6
2025-09-10 17:01:39,52.2,0.0
2025-09-10 17:01:39,102.1,26.4
2025-09-10 17:01:39,102.2,0.0
2025-09-10 17:01:39,124.2,0.0
2025-09-10 17:01:39,124.1,21.0
2025-09-10 17:01:39,48.2,8.6
2025-09-10 17:01:39,48.1,20.2
2025-09-10 17:01:39,75.2,0.0
2025-09-10 17:01:39,75.1,5.4
2025-09-10 17:01:39,109.2,24.2
2025-09-10 17:01:39,109.1,23.4
2025-09-10 17:01:39,123.2,9.0
2025-09-10 17:01:39,123.1,14.4
2025-09-10 17:01:39,26.1,11.8
2025-09-10 17:01:39,26.2,7.6
2025-09-10 17:01:39,66.1,11.8
2025-09-10 17:01:39,66.2,3.4
2025-09-10 17:01:39,10.1,8.2
2025-09-10 17:01:39,10.2,10.4
2025-09-10 17:01:39,58.1,0.0
2025-09-10 17:01:39,58.2,0.0
2025-09-10 17:01:39,306.1,9.0
2025-09-10 17:01:39,306.2,7.8
2025-09-10 17:01:39,9.1,8.8
2025-09-10 17:01:39,9.2,0.0
2025-09-10 17:01:39,57.1,10.4
2025-09-10 17:01:39,57.2,2.2
2025-09-10 17:01:39,79.1,8.4
2025-09-10 17:01:39,79.2,11.0
2025-09-10 17:01:39,116.1,0.0
2025-09-10 17:01:39,116.2,13.4
2025-09-10 17:01:39,13.1,0.0
2025-09-10 17:01:39,13.2,0.0
2025-09-10 17:01:39,76.1,10.8
2025-09-10 17:01:39,76.2,8.8
2025-09-10 17:01:39,17.1,10.0
2025-09-10 17:01:39,17.2,8.6
2025-09-10 17:01:39,125.1,13.0
2025-09-10 17:01:39,125.2,3.2
2025-09-10 17:01:39,0.0,0.0
2025-09-10 17:01:39,0.0,0.0
2025-09-10 17:01:39,104.1,0.0
2025-09-10 17:01:39,104.2,0.0
2025-09-10 17:01:39,119.1,0.0
2025-09-10 17:01:39,119.2,0.0
2025-09-10 17:01:39,64.1,0.0
2025-09-10 17:01:39,64.2,0.0
2025-09-10 17:01:39,29.1,0.0
2025-09-10 17:01:39,29.2,0.0
2025-09-10 17:01:39,53.1,0.0
2025-09-10 17:01:39,53.2,0.0
2025-09-10 17:01:39,77.1,0.0
2025-09-10 17:01:39,77.2,0.0
2025-09-10 17:01:39,37.1,0.0
2025-09-10 17:01:39,37.2,0.0
2025-09-10 17:01:39,70.1,9.2
2025-09-10 17:01:39,70.2,0.0
2025-09-10 17:01:39,28.1,7.4
2025-09-10 17:01:39,28.2,15.4
2025-09-10 17:01:39,0.1,0.0
2025-09-10 17:01:39,0.2,0.0
2025-09-10 17:01:39,25.1,0.0
2025-09-10 17:01:39,25.2,0.0
2025-09-10 17:01:39,301.1,5.4
2025-09-10 17:01:39,301.2,15.4
2025-09-10 17:01:39,304.1,10.4
2025-09-10 17:01:39,304.2,8.0
2025-09-10 17:01:39,22.1,237.0
2025-09-10 17:01:39,22.2,7.8
2025-09-10 17:01:39,4.1,11.4
2025-09-10 17:01:39,4.2,10.8
2025-09-10 17:01:39,12.1,15.2
2025-09-10 17:01:39,12.2,9.0
2025-09-10 17:01:39,99.1,11.8
2025-09-10 17:01:39,99.2,3.8
2025-09-10 17:01:39,56.1,10.2
2025-09-10 17:01:39,56.2,11.8
2025-09-10 17:01:39,122.1,5.6
2025-09-10 17:01:39,122.2,8.8
2025-09-10 17:01:39,55.1,12.8
2025-09-10 17:01:39,55.2,0.8
2025-09-10 17:01:39,83.1,2.6
2025-09-10 17:01:39,83.2,6.8
2025-09-10 17:01:39,97.1,1.2
2025-09-10 17:01:39,97.2,11.8
2025-09-10 17:01:39,84.1,11.6
2025-09-10 17:01:39,84.2,4.0
2025-09-10 17:01:39,305.1,11.6
2025-09-10 17:01:39,305.2,10.2
2025-09-10 17:01:39,2.1,12.0
2025-09-10 17:01:39,2.2,15.6
2025-09-10 17:01:39,45.1,10.8
2025-09-10 17:01:39,45.2,6.4
2025-09-10 17:01:39,0.0,0.0
2025-09-10 17:01:39,0.0,0.0
2025-09-10 17:01:39,0.0,0.0
2025-09-10 17:01:39,0.0,0.0
2025-09-10 17:01:39,0.0,0.0
2025-09-10 17:01:39,0.0,0.0
2025-09-10 17:01:39,0.0,0.0
2025-09-10 17:01:39,0.0,0.0
2025-09-10 17:01:39,0.0,0.0
2025-09-10 17:01:39,0.0,0.0
2025-09-10 17:01:39,0.0,0.0
2025-09-10 17:01:39,0.0,0.0
2025-09-10 17:01:39,0.0,0.0
2025-09-10 17:01:39,0.0,0.0
2025-09-10 17:01:39,0.0,0.0
2025-09-10 17:01:39,0.0,0.0
2025-09-10 17:01:39,0.0,0.0
2025-09-10 17:01:39,0.0,0.0
2025-09-10 17:01:39,0.0,0.0
2025-09-10 17:01:39,0.0,0.0
2025-09-10 17:01:39,0.0,0.0
2025-09-10 17:01:39,0.0,0.0
2025-09-10 17:01:39,0.0,0.0
2025-09-10 17:01:39,0.0,0.0
2025-09-10 17:01:39,0.0,0.0
2025-09-10 17:01:39,0.0,0.0
2025-09-10 17:01:39,0.0,0.0
2025-09-10 17:01:39,0.0,0.0
2025-09-10 17:01:44,0.0,2.0
2025-09-10 17:01:44,11.1,21.4
2025-09-10 17:01:44,11.2,23.8
2025-09-10 17:01:44,38.1,29.4
2025-09-10 17:01:44,38.2,29.2
2025-09-10 17:01:44,96.1,124.6
2025-09-10 17:01:44,96.2,99.8
2025-09-10 17:01:44,307.1,27.2
2025-09-10 17:01:44,307.2,0.0
2025-09-10 17:01:44,52.1,33.6
2025-09-10 17:01:44,52.2,0.0
2025-09-10 17:01:44,102.1,27.2
2025-09-10 17:01:44,102.2,0.0
2025-09-10 17:01:44,124.2,0.0
2025-09-10 17:01:44,124.1,21.6
2025-09-10 17:01:44,48.2,10.0
2025-09-10 17:01:44,48.1,25.6
2025-09-10 17:01:44,75.2,0.0
2025-09-10 17:01:44,75.1,4.8
2025-09-10 17:01:44,109.2,21.4
2025-09-10 17:01:44,109.1,23.6
2025-09-10 17:01:44,123.2,8.0
2025-09-10 17:01:44,123.1,12.0
2025-09-10 17:01:44,26.1,12.2
2025-09-10 17:01:44,26.2,10.8
2025-09-10 17:01:44,66.1,14.4
2025-09-10 17:01:44,66.2,4.2
2025-09-10 17:01:44,10.1,10.0
2025-09-10 17:01:44,10.2,9.4
2025-09-10 17:01:44,58.1,0.0
2025-09-10 17:01:44,58.2,0.0
2025-09-10 17:01:44,306.1,9.4
2025-09-10 17:01:44,306.2,6.2
2025-09-10 17:01:44,9.1,6.0
2025-09-10 17:01:44,9.2,0.0
2025-09-10 17:01:44,57.1,11.2
2025-09-10 17:01:44,57.2,3.6
2025-09-10 17:01:44,79.1,11.4
2025-09-10 17:01:44,79.2,11.4
2025-09-10 17:01:44,116.1,0.0
2025-09-10 17:01:44,116.2,13.2
2025-09-10 17:01:44,13.1,0.0
2025-09-10 17:01:44,13.2,0.0
2025-09-10 17:01:44,76.1,10.6
2025-09-10 17:01:44,76.2,8.2
2025-09-10 17:01:44,17.1,9.2
2025-09-10 17:01:44,17.2,12.0
2025-09-10 17:01:44,125.1,12.6
2025-09-10 17:01:44,125.2,3.4
2025-09-10 17:01:44,0.0,0.0
2025-09-10 17:01:44,0.0,0.0
2025-09-10 17:01:44,104.1,0.0
2025-09-10 17:01:44,104.2,0.0
2025-09-10 17:01:44,119.1,0.0
2025-09-10 17:01:44,119.2,0.0
2025-09-10 17:01:44,64.1,0.0
2025-09-10 17:01:44,64.2,0.0
2025-09-10 17:01:44,29.1,0.0
2025-09-10 17:01:44,29.2,0.0
2025-09-10 17:01:44,53.1,0.0
2025-09-10 17:01:44,53.2,0.0
2025-09-10 17:01:44,77.1,0.0
2025-09-10 17:01:44,77.2,0.0
2025-09-10 17:01:44,37.1,0.0
2025-09-10 17:01:44,37.2,0.0
2025-09-10 17:01:44,70.1,11.2
2025-09-10 17:01:44,70.2,0.0
2025-09-10 17:01:44,28.1,6.6
2025-09-10 17:01:44,28.2,12.8
2025-09-10 17:01:44,0.1,0.0
2025-09-10 17:01:44,0.2,0.0
2025-09-10 17:01:44,25.1,0.0
2025-09-10 17:01:44,25.2,0.0
2025-09-10 17:01:44,301.1,6.0
2025-09-10 17:01:44,301.2,17.0
2025-09-10 17:01:44,304.1,11.2
2025-09-10 17:01:44,304.2,7.0
2025-09-10 17:01:44,22.1,238.2
2025-09-10 17:01:44,22.2,7.8
2025-09-10 17:01:44,4.1,11.2
2025-09-10 17:01:44,4.2,12.0
2025-09-10 17:01:44,12.1,12.8
2025-09-10 17:01:44,12.2,6.0
2025-09-10 17:01:44,99.1,14.8
2025-09-10 17:01:44,99.2,2.2
2025-09-10 17:01:44,56.1,10.4
2025-09-10 17:01:44,56.2,15.0
2025-09-10 17:01:44,122.1,4.6
2025-09-10 17:01:44,122.2,11.6
2025-09-10 17:01:44,55.1,13.2
2025-09-10 17:01:44,55.2,2.2
2025-09-10 17:01:44,83.1,3.0
2025-09-10 17:01:44,83.2,7.8
2025-09-10 17:01:44,97.1,0.6
2025-09-10 17:01:44,97.2,8.2
2025-09-10 17:01:44,84.1,10.0
2025-09-10 17:01:44,84.2,4.4
2025-09-10 17:01:44,305.1,9.6
2025-09-10 17:01:44,305.2,11.6
2025-09-10 17:01:44,2.1,10.0
2025-09-10 17:01:44,2.2,10.6
2025-09-10 17:01:44,45.1,10.4
2025-09-10 17:01:44,45.2,5.6
2025-09-10 17:01:44,0.0,0.0
2025-09-10 17:01:44,0.0,0.0
2025-09-10 17:01:44,0.0,0.0
2025-09-10 17:01:44,0.0,0.0
2025-09-10 17:01:44,0.0,0.0
2025-09-10 17:01:44,0.0,0.0
2025-09-10 17:01:44,0.0,0.0
2025-09-10 17:01:44,0.0,0.0
2025-09-10 17:01:44,0.0,0.0
2025-09-10 17:01:44,0.0,0.0
2025-09-10 17:01:44,0.0,0.0
2025-09-10 17:01:44,0.0,0.0
2025-09-10 17:01:44,0.0,0.0
2025-09-10 17:01:44,0.0,0.0
2025-09-10 17:01:44,0.0,0.0
2025-09-10 17:01:44,0.0,0.0
2025-09-10 17:01:44,0.0,0.0
2025-09-10 17:01:44,0.0,0.0
2025-09-10 17:01:44,0.0,0.0
2025-09-10 17:01:44,0.0,0.0
2025-09-10 17:01:44,0.0,0.0
2025-09-10 17:01:44,0.0,0.0
2025-09-10 17:01:44,0.0,0.0
2025-09-10 17:01:44,0.0,0.0
2025-09-10 17:01:44,0.0,0.0
2025-09-10 17:01:44,0.0,0.0
2025-09-10 17:01:44,0.0,0.0
2025-09-10 17:01:44,0.0,0.0
2025-09-10 17:01:49,0.0,2.0
2025-09-10 17:01:49,11.1,25.8
2025-09-10 17:01:49,11.2,22.0
2025-09-10 17:01:49,38.1,28.4
2025-09-10 17:01:49,38.2,34.4
2025-09-10 17:01:49,96.1,110.2
2025-09-10 17:01:49,96.2,101.2
2025-09-10 17:01:49,307.1,28.8
2025-09-10 17:01:49,307.2,0.0
2025-09-10 17:01:49,52.1,31.4
2025-09-10 17:01:49,52.2,0.0
2025-09-10 17:01:49,102.1,58.2
2025-09-10 17:01:49,102.2,0.0
2025-09-10 17:01:49,124.2,0.0
2025-09-10 17:01:49,124.1,16.8
2025-09-10 17:01:49,48.2,9.2
2025-09-10 17:01:49,48.1,25.2
2025-09-10 17:01:49,75.2,0.0
2025-09-10 17:01:49,75.1,4.4
2025-09-10 17:01:49,109.2,23.2
2025-09-10 17:01:49,109.1,23.0
2025-09-10 17:01:49,123.2,8.4
2025-09-10 17:01:49,123.1,12.2
2025-09-10 17:01:49,26.1,11.4
2025-09-10 17:01:49,26.2,8.8
2025-09-10 17:01:49,66.1,9.6
2025-09-10 17:01:49,66.2,4.6
2025-09-10 17:01:49,10.1,9.8
2025-09-10 17:01:49,10.2,9.0
2025-09-10 17:01:49,58.1,0.0
2025-09-10 17:01:49,58.2,0.0
2025-09-10 17:01:49,306.1,8.4
2025-09-10 17:01:49,306.2,5.0
2025-09-10 17:01:49,9.1,7.2
2025-09-10 17:01:49,9.2,0.0
2025-09-10 17:01:49,57.1,10.8
2025-09-10 17:01:49,57.2,2.6
2025-09-10 17:01:49,79.1,10.2
2025-09-10 17:01:49,79.2,10.2
2025-09-10 17:01:49,116.1,0.0
2025-09-10 17:01:49,116.2,10.8
2025-09-10 17:01:49,13.1,0.0
2025-09-10 17:01:49,13.2,0.0
2025-09-10 17:01:49,76.1,14.6
2025-09-10 17:01:49,76.2,8.2
2025-09-10 17:01:49,17.1,12.2
2025-09-10 17:01:49,17.2,9.6
2025-09-10 17:01:49,125.1,10.8
2025-09-10 17:01:49,125.2,4.8
2025-09-10 17:01:49,0.0,0.0
2025-09-10 17:01:49,0.0,0.0
2025-09-10 17:01:49,104.1,0.0
2025-09-10 17:01:49,104.2,0.0
2025-09-10 17:01:49,119.1,0.0
2025-09-10 17:01:49,119.2,0.0
2025-09-10 17:01:49,64.1,0.0
2025-09-10 17:01:49,64.2,0.0
2025-09-10 17:01:49,29.1,0.0
2025-09-10 17:01:49,29.2,0.0
2025-09-10 17:01:49,53.1,0.0
2025-09-10 17:01:49,53.2,0.0
2025-09-10 17:01:49,77.1,0.0
2025-09-10 17:01:49,77.2,0.0
2025-09-10 17:01:49,37.1,0.0
2025-09-10 17:01:49,37.2,0.0
2025-09-10 17:01:49,70.1,7.4
2025-09-10 17:01:49,70.2,0.0
2025-09-10 17:01:49,28.1,8.4
2025-09-10 17:01:49,28.2,13.4
2025-09-10 17:01:49,0.1,0.0
2025-09-10 17:01:49,0.2,0.0
2025-09-10 17:01:49,25.1,0.0
2025-09-10 17:01:49,25.2,0.0
2025-09-10 17:01:49,301.1,5.8
2025-09-10 17:01:49,301.2,13.6
2025-09-10 17:01:49,304.1,13.2
2025-09-10 17:01:49,304.2,6.8
2025-09-10 17:01:49,22.1,214.2
2025-09-10 17:01:49,22.2,7.0
2025-09-10 17:01:49,4.1,10.2
2025-09-10 17:01:49,4.2,13.4
2025-09-10 17:01:49,12.1,10.6
2025-09-10 17:01:49,12.2,7.4
2025-09-10 17:01:49,99.1,16.2
2025-09-10 17:01:49,99.2,2.6
2025-09-10 17:01:49,56.1,15.8
2025-09-10 17:01:49,56.2,12.2
2025-09-10 17:01:49,122.1,6.8
2025-09-10 17:01:49,122.2,12.6
2025-09-10 17:01:49,55.1,11.0
2025-09-10 17:01:49,55.2,0.2
2025-09-10 17:01:49,83.1,1.2
2025-09-10 17:01:49,83.2,8.6
2025-09-10 17:01:49,97.1,0.4
2025-09-10 17:01:49,97.2,14.0
2025-09-10 17:01:49,84.1,12.4
2025-09-10 17:01:49,84.2,8.6
2025-09-10 17:01:49,305.1,11.4
2025-09-10 17:01:49,305.2,11.0
2025-09-10 17:01:49,2.1,8.2
2025-09-10 17:01:49,2.2,13.6
2025-09-10 17:01:49,45.1,10.2
2025-09-10 17:01:49,45.2,5.8
2025-09-10 17:01:49,0.0,0.0
2025-09-10 17:01:49,0.0,0.0
2025-09-10 17:01:49,0.0,0.0
2025-09-10 17:01:49,0.0,0.0
2025-09-10 17:01:49,0.0,0.0
2025-09-10 17:01:49,0.0,0.0
2025-09-10 17:01:49,0.0,0.0
2025-09-10 17:01:49,0.0,0.0
2025-09-10 17:01:49,0.0,0.0
2025-09-10 17:01:49,0.0,0.0
2025-09-10 17:01:49,0.0,0.0
2025-09-10 17:01:49,0.0,0.0
2025-09-10 17:01:49,0.0,0.0
2025-09-10 17:01:49,0.0,0.0
2025-09-10 17:01:49,0.0,0.0
2025-09-10 17:01:49,0.0,0.0
2025-09-10 17:01:49,0.0,0.0
2025-09-10 17:01:49,0.0,0.0
2025-09-10 17:01:49,0.0,0.0
2025-09-10 17:01:49,0.0,0.0
2025-09-10 17:01:49,0.0,0.0
2025-09-10 17:01:49,0.0,0.0
2025-09-10 17:01:49,0.0,0.0
2025-09-10 17:01:49,0.0,0.0
2025-09-10 17:01:49,0.0,0.0
2025-09-10 17:01:49,0.0,0.0
2025-09-10 17:01:49,0.0,0.0
2025-09-10 17:01:49,0.0,0.0
2025-09-10 17:01:54,0.0,2.0
2025-09-10 17:01:54,11.1,20.2
2025-09-10 17:01:54,11.2,28.2
2025-09-10 17:01:54,38.1,29.4
2025-09-10 17:01:54,38.2,32.6
2025-09-10 17:01:54,96.1,119.0
2025-09-10 17:01:54,96.2,105.6
2025-09-10 17:01:54,307.1,29.6
2025-09-10 17:01:54,307.2,0.0
2025-09-10 17:01:54,52.1,33.0
2025-09-10 17:01:54,52.2,0.0
2025-09-10 17:01:54,102.1,22.0
2025-09-10 17:01:54,102.2,0.0
2025-09-10 17:01:54,124.2,0.0
2025-09-10 17:01:54,124.1,26.4
2025-09-10 17:01:54,48.2,8.4
2025-09-10 17:01:54,48.1,26.8
2025-09-10 17:01:54,75.2,0.0
2025-09-10 17:01:54,75.1,4.4
2025-09-10 17:01:54,109.2,25.4
2025-09-10 17:01:54,109.1,25.4
2025-09-10 17:01:54,123.2,5.6
2025-09-10 17:01:54,123.1,13.0
2025-09-10 17:01:54,26.1,14.0
2025-09-10 17:01:54,26.2,9.2
2025-09-10 17:01:54,66.1,13.2
2025-09-10 17:01:54,66.2,5.0
2025-09-10 17:01:54,10.1,11.0
2025-09-10 17:01:54,10.2,9.4
2025-09-10 17:01:54,58.1,0.0
2025-09-10 17:01:54,58.2,0.0
2025-09-10 17:01:54,306.1,8.6
2025-09-10 17:01:54,306.2,4.0
2025-09-10 17:01:54,9.1,6.6
2025-09-10 17:01:54,9.2,0.0
2025-09-10 17:01:54,57.1,10.0
2025-09-10 17:01:54,57.2,2.8
2025-09-10 17:01:54,79.1,6.8
2025-09-10 17:01:54,79.2,11.6
2025-09-10 17:01:54,116.1,0.0
2025-09-10 17:01:54,116.2,12.4
2025-09-10 17:01:54,13.1,0.0
2025-09-10 17:01:54,13.2,0.0
2025-09-10 17:01:54,76.1,10.8
2025-09-10 17:01:54,76.2,8.6
2025-09-10 17:01:54,17.1,12.4
2025-09-10 17:01:54,17.2,12.0
2025-09-10 17:01:54,125.1,12.6
2025-09-10 17:01:54,125.2,5.0
2025-09-10 17:01:54,0.0,0.0
2025-09-10 17:01:54,0.0,0.0
2025-09-10 17:01:54,104.1,0.0
2025-09-10 17:01:54,104.2,0.0
2025-09-10 17:01:54,119.1,0.0
2025-09-10 17:01:54,119.2,0.0
2025-09-10 17:01:54,64.1,0.0
2025-09-10 17:01:54,64.2,0.0
2025-09-10 17:01:54,29.1,0.0
2025-09-10 17:01:54,29.2,0.0
2025-09-10 17:01:54,53.1,0.0
2025-09-10 17:01:54,53.2,0.0
2025-09-10 17:01:54,77.1,0.0
2025-09-10 17:01:54,77.2,0.0
2025-09-10 17:01:54,37.1,0.0
2025-09-10 17:01:54,37.2,0.0
2025-09-10 17:01:54,70.1,9.2
2025-09-10 17:01:54,70.2,0.0
2025-09-10 17:01:54,28.1,8.0
2025-09-10 17:01:54,28.2,13.6
2025-09-10 17:01:54,0.1,0.0
2025-09-10 17:01:54,0.2,0.0
2025-09-10 17:01:54,25.1,0.0
2025-09-10 17:01:54,25.2,0.0
2025-09-10 17:01:54,301.1,8.2
2025-09-10 17:01:54,301.2,16.4
2025-09-10 17:01:54,304.1,12.0
2025-09-10 17:01:54,304.2,8.4
2025-09-10 17:01:54,22.1,274.4
2025-09-10 17:01:54,22.2,9.0
2025-09-10 17:01:54,4.1,10.6
2025-09-10 17:01:54,4.2,10.4
2025-09-10 17:01:54,12.1,10.0
2025-09-10 17:01:54,12.2,6.4
2025-09-10 17:01:54,99.1,14.8
2025-09-10 17:01:54,99.2,3.0
2025-09-10 17:01:54,56.1,12.6
2025-09-10 17:01:54,56.2,15.4
2025-09-10 17:01:54,122.1,5.4
2025-09-10 17:01:54,122.2,7.8
2025-09-10 17:01:54,55.1,13.0
2025-09-10 17:01:54,55.2,1.8
2025-09-10 17:01:54,83.1,1.6
2025-09-10 17:01:54,83.2,8.6
2025-09-10 17:01:54,97.1,1.4
2025-09-10 17:01:54,97.2,18.6
2025-09-10 17:01:54,84.1,14.4
2025-09-10 17:01:54,84.2,3.4
2025-09-10 17:01:54,305.1,11.8
2025-09-10 17:01:54,305.2,11.4
2025-09-10 17:01:54,2.1,9.2
2025-09-10 17:01:54,2.2,14.0
2025-09-10 17:01:54,45.1,13.0
2025-09-10 17:01:54,45.2,5.0
2025-09-10 17:01:54,0.0,0.0
2025-09-10 17:01:54,0.0,0.0
2025-09-10 17:01:54,0.0,0.0
2025-09-10 17:01:54,0.0,0.0
2025-09-10 17:01:54,0.0,0.0
2025-09-10 17:01:54,0.0,0.0
2025-09-10 17:01:54,0.0,0.0
2025-09-10 17:01:54,0.0,0.0
2025-09-10 17:01:54,0.0,0.0
2025-09-10 17:01:54,0.0,0.0
2025-09-10 17:01:54,0.0,0.0
2025-09-10 17:01:54,0.0,0.0
2025-09-10 17:01:54,0.0,0.0
2025-09-10 17:01:54,0.0,0.0
2025-09-10 17:01:54,0.0,0.0
2025-09-10 17:01:54,0.0,0.0
2025-09-10 17:01:54,0.0,0.0
2025-09-10 17:01:54,0.0,0.0
2025-09-10 17:01:54,0.0,0.0
2025-09-10 17:01:54,0.0,0.0
2025-09-10 17:01:54,0.0,0.0
2025-09-10 17:01:54,0.0,0.0
2025-09-10 17:01:54,0.0,0.0
2025-09-10 17:01:54,0.0,0.0
2025-09-10 17:01:54,0.0,0.0
2025-09-10 17:01:54,0.0,0.0
2025-09-10 17:01:54,0.0,0.0
2025-09-10 17:01:54,0.0,0.0
2025-09-10 17:01:59,0.0,2.0
2025-09-10 17:01:59,11.1,21.0
2025-09-10 17:01:59,11.2,25.4
2025-09-10 17:01:59,38.1,25.6
2025-09-10 17:01:59,38.2,27.6
2025-09-10 17:01:59,96.1,123.6
2025-09-10 17:01:59,96.2,102.2
2025-09-10 17:01:59,307.1,29.2
2025-09-10 17:01:59,307.2,0.0
2025-09-10 17:01:59,52.1,28.0
2025-09-10 17:01:59,52.2,0.0
2025-09-10 17:01:59,102.1,22.2
2025-09-10 17:01:59,102.2,0.0
2025-09-10 17:01:59,124.2,0.0
2025-09-10 17:01:59,124.1,22.0
2025-09-10 17:01:59,48.2,8.8
2025-09-10 17:01:59,48.1,23.4
2025-09-10 17:01:59,75.2,0.0
2025-09-10 17:01:59,75.1,4.6
2025-09-10 17:01:59,109.2,19.4
2025-09-10 17:01:59,109.1,25.2
2025-09-10 17:01:59,123.2,7.6
2025-09-10 17:01:59,123.1,14.4
2025-09-10 17:01:59,26.1,12.0
2025-09-10 17:01:59,26.2,8.4
2025-09-10 17:01:59,66.1,11.2
2025-09-10 17:01:59,66.2,4.2
2025-09-10 17:01:59,10.1,8.8
2025-09-10 17:01:59,10.2,8.8
2025-09-10 17:01:59,58.1,0.0
2025-09-10 17:01:59,58.2,0.0
2025-09-10 17:01:59,306.1,9.6
2025-09-10 17:01:59,306.2,5.6
2025-09-10 17:01:59,9.1,4.6
2025-09-10 17:01:59,9.2,0.0
2025-09-10 17:01:59,57.1,8.6
2025-09-10 17:01:59,57.2,2.2
2025-09-10 17:01:59,79.1,8.0
2025-09-10 17:01:59,79.2,13.0
2025-09-10 17:01:59,116.1,0.0
2025-09-10 17:01:59,116.2,13.0
2025-09-10 17:01:59,13.1,0.0
2025-09-10 17:01:59,13.2,0.0
2025-09-10 17:01:59,76.1,10.8
2025-09-10 17:01:59,76.2,7.2
2025-09-10 17:01:59,17.1,11.6
2025-09-10 17:01:59,17.2,9.0
2025-09-10 17:01:59,125.1,9.6
2025-09-10 17:01:59,125.2,1.4
2025-09-10 17:01:59,0.0,0.0
2025-09-10 17:01:59,0.0,0.0
2025-09-10 17:01:59,104.1,0.0
2025-09-10 17:01:59,104.2,0.0
2025-09-10 17:01:59,119.1,0.0
2025-09-10 17:01:59,119.2,0.0
2025-09-10 17:01:59,64.1,0.0
2025-09-10 17:01:59,64.2,0.0
2025-09-10 17:01:59,29.1,0.0
2025-09-10 17:01:59,29.2,0.0
2025-09-10 17:01:59,53.1,0.0
2025-09-10 17:01:59,53.2,0.0
2025-09-10 17:01:59,77.1,0.0
2025-09-10 17:01:59,77.2,0.0
2025-09-10 17:01:59,37.1,0.0
2025-09-10 17:01:59,37.2,0.0
2025-09-10 17:01:59,70.1,9.0
2025-09-10 17:01:59,70.2,0.0
2025-09-10 17:01:59,28.1,8.8
2025-09-10 17:01:59,28.2,12.0
2025-09-10 17:01:59,0.1,0.0
2025-09-10 17:01:59,0.2,0.0
2025-09-10 17:01:59,25.1,0.0
2025-09-10 17:01:59,25.2,0.0
2025-09-10 17:01:59,301.1,6.2
2025-09-10 17:01:59,301.2,12.6
2025-09-10 17:01:59,304.1,13.8
2025-09-10 17:01:59,304.2,6.8
2025-09-10 17:01:59,22.1,232.0
2025-09-10 17:01:59,22.2,7.6
2025-09-10 17:01:59,4.1,11.2
2025-09-10 17:01:59,4.2,14.0
2025-09-10 17:01:59,12.1,12.0
2025-09-10 17:01:59,12.2,7.0
2025-09-10 17:01:59,99.1,13.8
2025-09-10 17:01:59,99.2,4.2
2025-09-10 17:01:59,56.1,10.8
2025-09-10 17:01:59,56.2,17.2
2025-09-10 17:01:59,122.1,6.8
2025-09-10 17:01:59,122.2,8.6
2025-09-10 17:01:59,55.1,13.8
2025-09-10 17:01:59,55.2,1.0
2025-09-10 17:01:59,83.1,2.2
2025-09-10 17:01:59,83.2,7.8
2025-09-10 17:01:59,97.1,1.2
2025-09-10 17:01:59,97.2,10.6
2025-09-10 17:01:59,84.1,13.8
2025-09-10 17:01:59,84.2,5.8
2025-09-10 17:01:59,305.1,8.6
2025-09-10 17:01:59,305.2,11.8
2025-09-10 17:01:59,2.1,9.0
2025-09-10 17:01:59,2.2,15.8
2025-09-10 17:01:59,45.1,15.2
2025-09-10 17:01:59,45.2,7.0
2025-09-10 17:01:59,0.0,0.0
2025-09-10 17:01:59,0.0,0.0
2025-09-10 17:01:59,0.0,0.0
2025-09-10 17:01:59,0.0,0.0
2025-09-10 17:01:59,0.0,0.0
2025-09-10 17:01:59,0.0,0.0
2025-09-10 17:01:59,0.0,0.0
2025-09-10 17:01:59,0.0,0.0
2025-09-10 17:01:59,0.0,0.0
2025-09-10 17:01:59,0.0,0.0
2025-09-10 17:01:59,0.0,0.0
2025-09-10 17:01:59,0.0,0.0
2025-09-10 17:01:59,0.0,0.0
2025-09-10 17:01:59,0.0,0.0
2025-09-10 17:01:59,0.0,0.0
2025-09-10 17:01:59,0.0,0.0
2025-09-10 17:01:59,0.0,0.0
2025-09-10 17:01:59,0.0,0.0
2025-09-10 17:01:59,0.0,0.0
2025-09-10 17:01:59,0.0,0.0
2025-09-10 17:01:59,0.0,0.0
2025-09-10 17:01:59,0.0,0.0
2025-09-10 17:01:59,0.0,0.0
2025-09-10 17:01:59,0.0,0.0
2025-09-10 17:01:59,0.0,0.0
2025-09-10 17:01:59,0.0,0.0
2025-09-10 17:01:59,0.0,0.0
2025-09-10 17:01:59,0.0,0.0
2025-09-10 17:02:04,0.0,2.0
2025-09-10 17:02:04,11.1,23.4
2025-09-10 17:02:04,11.2,26.6
2025-09-10 17:02:04,38.1,28.0
2025-09-10 17:02:04,38.2,31.2
2025-09-10 17:02:04,96.1,118.4
2025-09-10 17:02:04,96.2,96.6
2025-09-10 17:02:04,307.1,28.0
2025-09-10 17:02:04,307.2,0.0
2025-09-10 17:02:04,52.1,32.2
2025-09-10 17:02:04,52.2,0.0
2025-09-10 17:02:04,102.1,24.2
2025-09-10 17:02:04,102.2,0.0
2025-09-10 17:02:04,124.2,0.0
2025-09-10 17:02:04,124.1,24.2
2025-09-10 17:02:04,48.2,9.0
2025-09-10 17:02:04,48.1,25.0
2025-09-10 17:02:04,75.2,0.0
2025-09-10 17:02:04,75.1,3.8
2025-09-10 17:02:04,109.2,20.0
2025-09-10 17:02:04,109.1,23.4
2025-09-10 17:02:04,123.2,7.6
2025-09-10 17:02:04,123.1,12.8
2025-09-10 17:02:04,26.1,11.6
2025-09-10 17:02:04,26.2,11.0
2025-09-10 17:02:04,66.1,13.8
2025-09-10 17:02:04,66.2,4.0
2025-09-10 17:02:04,10.1,14.0
2025-09-10 17:02:04,10.2,11.2
2025-09-10 17:02:04,58.1,0.0
2025-09-10 17:02:04,58.2,0.0
2025-09-10 17:02:04,306.1,8.4
2025-09-10 17:02:04,306.2,6.2
2025-09-10 17:02:04,9.1,7.2
2025-09-10 17:02:04,9.2,0.0
2025-09-10 17:02:04,57.1,12.6
2025-09-10 17:02:04,57.2,2.4
2025-09-10 17:02:04,79.1,7.2
2025-09-10 17:02:04,79.2,13.2
2025-09-10 17:02:04,116.1,0.0
2025-09-10 17:02:04,116.2,12.2
2025-09-10 17:02:04,13.1,0.0
2025-09-10 17:02:04,13.2,0.0
2025-09-10 17:02:04,76.1,13.0
2025-09-10 17:02:04,76.2,7.6
2025-09-10 17:02:04,17.1,7.8
2025-09-10 17:02:04,17.2,10.6
2025-09-10 17:02:04,125.1,11.8
2025-09-10 17:02:04,125.2,5.4
2025-09-10 17:02:04,0.0,0.0
2025-09-10 17:02:04,0.0,0.0
2025-09-10 17:02:04,104.1,0.0
2025-09-10 17:02:04,104.2,0.0
2025-09-10 17:02:04,119.1,0.0
2025-09-10 17:02:04,119.2,0.0
2025-09-10 17:02:04,64.1,0.0
2025-09-10 17:02:04,64.2,0.0
2025-09-10 17:02:04,29.1,0.0
2025-09-10 17:02:04,29.2,0.0
2025-09-10 17:02:04,53.1,0.0
2025-09-10 17:02:04,53.2,0.0
2025-09-10 17:02:04,77.1,0.0
2025-09-10 17:02:04,77.2,0.0
2025-09-10 17:02:04,37.1,0.0
2025-09-10 17:02:04,37.2,0.0
2025-09-10 17:02:04,70.1,6.8
2025-09-10 17:02:04,70.2,0.0
2025-09-10 17:02:04,28.1,8.8
2025-09-10 17:02:04,28.2,11.8
2025-09-10 17:02:04,0.1,0.0
2025-09-10 17:02:04,0.2,0.0
2025-09-10 17:02:04,25.1,0.0
2025-09-10 17:02:04,25.2,0.0
2025-09-10 17:02:04,301.1,6.8
2025-09-10 17:02:04,301.2,10.6
2025-09-10 17:02:04,304.1,14.2
2025-09-10 17:02:04,304.2,6.6
2025-09-10 17:02:04,22.1,275.6
2025-09-10 17:02:04,22.2,9.2
2025-09-10 17:02:04,4.1,12.4
2025-09-10 17:02:04,4.2,12.0
2025-09-10 17:02:04,12.1,10.6
2025-09-10 17:02:04,12.2,9.0
2025-09-10 17:02:04,99.1,13.2
2025-09-10 17:02:04,99.2,3.8
2025-09-10 17:02:04,56.1,9.4
2025-09-10 17:02:04,56.2,13.0
2025-09-10 17:02:04,122.1,4.0
2025-09-10 17:02:04,122.2,9.6
2025-09-10 17:02:04,55.1,16.2
2025-09-10 17:02:04,55.2,1.4
2025-09-10 17:02:04,83.1,1.6
2025-09-10 17:02:04,83.2,11.0
2025-09-10 17:02:04,97.1,1.6
2025-09-10 17:02:04,97.2,12.8
2025-09-10 17:02:04,84.1,13.6
2025-09-10 17:02:04,84.2,5.8
2025-09-10 17:02:04,305.1,10.2
2025-09-10 17:02:04,305.2,11.4
2025-09-10 17:02:04,2.1,9.0
2025-09-10 17:02:04,2.2,13.2
2025-09-10 17:02:04,45.1,11.0
2025-09-10 17:02:04,45.2,5.0
2025-09-10 17:02:04,0.0,0.0
2025-09-10 17:02:04,0.0,0.0
2025-09-10 17:02:04,0.0,0.0
2025-09-10 17:02:04,0.0,0.0
2025-09-10 17:02:04,0.0,0.0
2025-09-10 17:02:04,0.0,0.0
2025-09-10 17:02:04,0.0,0.0
2025-09-10 17:02:04,0.0,0.0
2025-09-10 17:02:04,0.0,0.0
2025-09-10 17:02:04,0.0,0.0
2025-09-10 17:02:04,0.0,0.0
2025-09-10 17:02:04,0.0,0.0
2025-09-10 17:02:04,0.0,0.0
2025-09-10 17:02:04,0.0,0.0
2025-09-10 17:02:04,0.0,0.0
2025-09-10 17:02:04,0.0,0.0
2025-09-10 17:02:04,0.0,0.0
2025-09-10 17:02:04,0.0,0.0
2025-09-10 17:02:04,0.0,0.0
2025-09-10 17:02:04,0.0,0.0
2025-09-10 17:02:04,0.0,0.0
2025-09-10 17:02:04,0.0,0.0
2025-09-10 17:02:04,0.0,0.0
2025-09-10 17:02:04,0.0,0.0
2025-09-10 17:02:04,0.0,0.0
2025-09-10 17:02:04,0.0,0.0
2025-09-10 17:02:04,0.0,0.0
2025-09-10 17:02:04,0.0,0.0
2025-09-10 17:02:09,0.0,2.0
2025-09-10 17:02:09,11.1,17.6
2025-09-10 17:02:09,11.2,28.4
2025-09-10 17:02:09,38.1,29.8
2025-09-10 17:02:09,38.2,32.4
2025-09-10 17:02:09,96.1,127.2
2025-09-10 17:02:09,96.2,104.4
2025-09-10 17:02:09,307.1,29.8
2025-09-10 17:02:09,307.2,0.0
2025-09-10 17:02:09,52.1,29.0
2025-09-10 17:02:09,52.2,0.0
2025-09-10 17:02:09,102.1,30.6
2025-09-10 17:02:09,102.2,0.0
2025-09-10 17:02:09,124.2,0.0
2025-09-10 17:02:09,124.1,24.2
2025-09-10 17:02:09,48.2,8.8
2025-09-10 17:02:09,48.1,23.4
2025-09-10 17:02:09,75.2,0.0
2025-09-10 17:02:09,75.1,5.0
2025-09-10 17:02:09,109.2,25.0
2025-09-10 17:02:09,109.1,22.6
2025-09-10 17:02:09,123.2,6.0
2025-09-10 17:02:09,123.1,12.0
2025-09-10 17:02:09,26.1,12.8
2025-09-10 17:02:09,26.2,8.0
2025-09-10 17:02:09,66.1,9.4
2025-09-10 17:02:09,66.2,3.6
2025-09-10 17:02:09,10.1,11.4
2025-09-10 17:02:09,10.2,10.8
2025-09-10 17:02:09,58.1,0.0
2025-09-10 17:02:09,58.2,0.0
2025-09-10 17:02:09,306.1,8.0
2025-09-10 17:02:09,306.2,9.2
2025-09-10 17:02:09,9.1,5.2
2025-09-10 17:02:09,9.2,0.0
2025-09-10 17:02:09,57.1,9.6
2025-09-10 17:02:09,57.2,4.8
2025-09-10 17:02:09,79.1,9.6
2025-09-10 17:02:09,79.2,12.2
2025-09-10 17:02:09,116.1,0.0
2025-09-10 17:02:09,116.2,13.4
2025-09-10 17:02:09,13.1,0.0
2025-09-10 17:02:09,13.2,0.0
2025-09-10 17:02:09,76.1,12.2
2025-09-10 17:02:09,76.2,7.4
2025-09-10 17:02:09,17.1,7.6
2025-09-10 17:02:09,17.2,12.6
2025-09-10 17:02:09,125.1,10.2
2025-09-10 17:02:09,125.2,4.4
2025-09-10 17:02:09,0.0,0.0
2025-09-10 17:02:09,0.0,0.0
2025-09-10 17:02:09,104.1,0.0
2025-09-10 17:02:09,104.2,0.0
2025-09-10 17:02:09,119.1,0.0
2025-09-10 17:02:09,119.2,0.0
2025-09-10 17:02:09,64.1,0.0
2025-09-10 17:02:09,64.2,0.0
2025-09-10 17:02:09,29.1,0.0
2025-09-10 17:02:09,29.2,0.0
2025-09-10 17:02:09,53.1,0.0
2025-09-10 17:02:09,53.2,0.0
2025-09-10 17:02:09,77.1,0.0
2025-09-10 17:02:09,77.2,0.0
2025-09-10 17:02:09,37.1,0.0
2025-09-10 17:02:09,37.2,0.0
2025-09-10 17:02:09,70.1,8.6
2025-09-10 17:02:09,70.2,0.0
2025-09-10 17:02:09,28.1,10.0
2025-09-10 17:02:09,28.2,11.4
2025-09-10 17:02:09,0.1,0.0
2025-09-10 17:02:09,0.2,0.2
2025-09-10 17:02:09,25.1,0.0
2025-09-10 17:02:09,25.2,0.0
2025-09-10 17:02:09,301.1,8.2
2025-09-10 17:02:09,301.2,16.4
2025-09-10 17:02:09,304.1,13.0
2025-09-10 17:02:09,304.2,8.6
2025-09-10 17:02:09,22.1,263.6
2025-09-10 17:02:09,22.2,8.6
2025-09-10 17:02:09,4.1,11.2
2025-09-10 17:02:09,4.2,11.2
2025-09-10 17:02:09,12.1,9.2
2025-09-10 17:02:09,12.2,8.8
2025-09-10 17:02:09,99.1,8.2
2025-09-10 17:02:09,99.2,4.0
2025-09-10 17:02:09,56.1,8.4
2025-09-10 17:02:09,56.2,14.2
2025-09-10 17:02:09,122.1,6.4
2025-09-10 17:02:09,122.2,11.0
2025-09-10 17:02:09,55.1,13.2
2025-09-10 17:02:09,55.2,1.8
2025-09-10 17:02:09,83.1,1.8
2025-09-10 17:02:09,83.2,9.6
2025-09-10 17:02:09,97.1,1.0
2025-09-10 17:02:09,97.2,9.8
2025-09-10 17:02:09,84.1,11.8
2025-09-10 17:02:09,84.2,4.6
2025-09-10 17:02:09,305.1,9.4
2025-09-10 17:02:09,305.2,9.0
2025-09-10 17:02:09,2.1,10.2
2025-09-10 17:02:09,2.2,12.8
2025-09-10 17:02:09,45.1,13.2
2025-09-10 17:02:09,45.2,5.0
2025-09-10 17:02:09,0.0,0.0
2025-09-10 17:02:09,0.0,0.0
2025-09-10 17:02:09,0.0,0.0
2025-09-10 17:02:09,0.0,0.0
2025-09-10 17:02:09,0.0,0.0
2025-09-10 17:02:09,0.0,0.0
2025-09-10 17:02:09,0.0,0.0
2025-09-10 17:02:09,0.0,0.0
2025-09-10 17:02:09,0.0,0.0
2025-09-10 17:02:09,0.0,0.0
2025-09-10 17:02:09,0.0,0.0
2025-09-10 17:02:09,0.0,0.0
2025-09-10 17:02:09,0.0,0.0
2025-09-10 17:02:09,0.0,0.0
2025-09-10 17:02:09,0.0,0.0
2025-09-10 17:02:09,0.0,0.0
2025-09-10 17:02:09,0.0,0.0
2025-09-10 17:02:09,0.0,0.0
2025-09-10 17:02:09,0.0,0.0
2025-09-10 17:02:09,0.0,0.0
2025-09-10 17:02:09,0.0,0.0
2025-09-10 17:02:09,0.0,0.0
2025-09-10 17:02:09,0.0,0.0
2025-09-10 17:02:09,0.0,0.0
2025-09-10 17:02:09,0.0,0.0
2025-09-10 17:02:09,0.0,0.0
2025-09-10 17:02:09,0.0,0.0
2025-09-10 17:02:09,0.0,0.0
2025-09-10 17:02:14,0.0,2.0
2025-09-10 17:02:14,11.1,21.2
2025-09-10 17:02:14,11.2,26.0
2025-09-10 17:02:14,38.1,26.0
2025-09-10 17:02:14,38.2,30.0
2025-09-10 17:02:14,96.1,114.2
2025-09-10 17:02:14,96.2,102.4
2025-09-10 17:02:14,307.1,27.4
2025-09-10 17:02:14,307.2,0.0
2025-09-10 17:02:14,52.1,30.4
2025-09-10 17:02:14,52.2,0.0
2025-09-10 17:02:14,102.1,26.4
2025-09-10 17:02:14,102.2,0.0
2025-09-10 17:02:14,124.2,0.0
2025-09-10 17:02:14,124.1,21.2
2025-09-10 17:02:14,48.2,9.0
2025-09-10 17:02:14,48.1,26.8
2025-09-10 17:02:14,75.2,0.0
2025-09-10 17:02:14,75.1,5.6
2025-09-10 17:02:14,109.2,20.6
2025-09-10 17:02:14,109.1,21.4
2025-09-10 17:02:14,123.2,8.4
2025-09-10 17:02:14,123.1,14.4
2025-09-10 17:02:14,26.1,10.6
2025-09-10 17:02:14,26.2,10.6
2025-09-10 17:02:14,66.1,11.4
2025-09-10 17:02:14,66.2,5.6
2025-09-10 17:02:14,10.1,8.2
2025-09-10 17:02:14,10.2,11.6
2025-09-10 17:02:14,58.1,0.0
2025-09-10 17:02:14,58.2,0.0
2025-09-10 17:02:14,306.1,7.8
2025-09-10 17:02:14,306.2,7.8
2025-09-10 17:02:14,9.1,4.6
2025-09-10 17:02:14,9.2,0.0
2025-09-10 17:02:14,57.1,10.0
2025-09-10 17:02:14,57.2,4.4
2025-09-10 17:02:14,79.1,11.4
2025-09-10 17:02:14,79.2,9.8
2025-09-10 17:02:14,116.1,0.0
2025-09-10 17:02:14,116.2,16.8
2025-09-10 17:02:14,13.1,0.0
2025-09-10 17:02:14,13.2,0.0
2025-09-10 17:02:14,76.1,11.6
2025-09-10 17:02:14,76.2,8.2
2025-09-10 17:02:14,17.1,10.0
2025-09-10 17:02:14,17.2,10.2
2025-09-10 17:02:14,125.1,11.4
2025-09-10 17:02:14,125.2,3.4
2025-09-10 17:02:14,0.0,0.0
2025-09-10 17:02:14,0.0,0.0
2025-09-10 17:02:14,104.1,0.0
2025-09-10 17:02:14,104.2,0.0
2025-09-10 17:02:14,119.1,0.0
2025-09-10 17:02:14,119.2,0.0
2025-09-10 17:02:14,64.1,0.0
2025-09-10 17:02:14,64.2,0.0
2025-09-10 17:02:14,29.1,0.0
2025-09-10 17:02:14,29.2,0.0
2025-09-10 17:02:14,53.1,0.0
2025-09-10 17:02:14,53.2,0.0
2025-09-10 17:02:14,77.1,0.0
2025-09-10 17:02:14,77.2,0.0
2025-09-10 17:02:14,37.1,0.0
2025-09-10 17:02:14,37.2,0.0
2025-09-10 17:02:14,70.1,9.6
2025-09-10 17:02:14,70.2,0.0
2025-09-10 17:02:14,28.1,6.0
2025-09-10 17:02:14,28.2,9.2
2025-09-10 17:02:14,0.1,0.0
2025-09-10 17:02:14,0.2,0.0
2025-09-10 17:02:14,25.1,0.0
2025-09-10 17:02:14,25.2,0.0
2025-09-10 17:02:14,301.1,7.2
2025-09-10 17:02:14,301.2,14.2
2025-09-10 17:02:14,304.1,11.6
2025-09-10 17:02:14,304.2,7.8
2025-09-10 17:02:14,22.1,281.2
2025-09-10 17:02:14,22.2,9.2
2025-09-10 17:02:14,4.1,10.2
2025-09-10 17:02:14,4.2,13.2
2025-09-10 17:02:14,12.1,6.8
2025-09-10 17:02:14,12.2,5.2
2025-09-10 17:02:14,99.1,12.8
2025-09-10 17:02:14,99.2,3.8
2025-09-10 17:02:14,56.1,8.8
2025-09-10 17:02:14,56.2,13.8
2025-09-10 17:02:14,122.1,4.6
2025-09-10 17:02:14,122.2,10.6
2025-09-10 17:02:14,55.1,14.2
2025-09-10 17:02:14,55.2,1.4
2025-09-10 17:02:14,83.1,2.4
2025-09-10 17:02:14,83.2,11.6
2025-09-10 17:02:14,97.1,0.6
2025-09-10 17:02:14,97.2,12.0
2025-09-10 17:02:14,84.1,11.0
2025-09-10 17:02:14,84.2,6.8
2025-09-10 17:02:14,305.1,11.6
2025-09-10 17:02:14,305.2,10.6
2025-09-10 17:02:14,2.1,11.2
2025-09-10 17:02:14,2.2,15.0
2025-09-10 17:02:14,45.1,13.0
2025-09-10 17:02:14,45.2,4.8
2025-09-10 17:02:14,0.0,0.0
2025-09-10 17:02:14,0.0,0.0
2025-09-10 17:02:14,0.0,0.0
2025-09-10 17:02:14,0.0,0.0
2025-09-10 17:02:14,0.0,0.0
2025-09-10 17:02:14,0.0,0.0
2025-09-10 17:02:14,0.0,0.0
2025-09-10 17:02:14,0.0,0.0
2025-09-10 17:02:14,0.0,0.0
2025-09-10 17:02:14,0.0,0.0
2025-09-10 17:02:14,0.0,0.0
2025-09-10 17:02:14,0.0,0.0
2025-09-10 17:02:14,0.0,0.0
2025-09-10 17:02:14,0.0,0.0
2025-09-10 17:02:14,0.0,0.0
2025-09-10 17:02:14,0.0,0.0
2025-09-10 17:02:14,0.0,0.0
2025-09-10 17:02:14,0.0,0.0
2025-09-10 17:02:14,0.0,0.0
2025-09-10 17:02:14,0.0,0.0
2025-09-10 17:02:14,0.0,0.0
2025-09-10 17:02:14,0.0,0.0
2025-09-10 17:02:14,0.0,0.0
2025-09-10 17:02:14,0.0,0.0
2025-09-10 17:02:14,0.0,0.0
2025-09-10 17:02:14,0.0,0.0
2025-09-10 17:02:14,0.0,0.0
2025-09-10 17:02:14,0.0,0.0
2025-09-10 17:02:19,0.0,2.2
2025-09-10 17:02:19,11.1,20.0
2025-09-10 17:02:19,11.2,23.0
2025-09-10 17:02:19,38.1,31.8
2025-09-10 17:02:19,38.2,33.6
2025-09-10 17:02:19,96.1,122.6
2025-09-10 17:02:19,96.2,95.0
2025-09-10 17:02:19,307.1,26.6
2025-09-10 17:02:19,307.2,0.0
2025-09-10 17:02:19,52.1,29.4
2025-09-10 17:02:19,52.2,0.0
2025-09-10 17:02:19,102.1,27.0
2025-09-10 17:02:19,102.2,0.0
2025-09-10 17:02:19,124.2,0.0
2025-09-10 17:02:19,124.1,22.8
2025-09-10 17:02:19,48.2,8.2
2025-09-10 17:02:19,48.1,25.8
2025-09-10 17:02:19,75.2,0.0
2025-09-10 17:02:19,75.1,4.8
2025-09-10 17:02:19,109.2,22.8
2025-09-10 17:02:19,109.1,19.8
2025-09-10 17:02:19,123.2,8.0
2025-09-10 17:02:19,123.1,13.4
2025-09-10 17:02:19,26.1,7.6
2025-09-10 17:02:19,26.2,8.0
2025-09-10 17:02:19,66.1,10.8
2025-09-10 17:02:19,66.2,4.8
2025-09-10 17:02:19,10.1,13.6
2025-09-10 17:02:19,10.2,12.2
2025-09-10 17:02:19,58.1,0.0
2025-09-10 17:02:19,58.2,0.0
2025-09-10 17:02:19,306.1,9.6
2025-09-10 17:02:19,306.2,6.6
2025-09-10 17:02:19,9.1,7.6
2025-09-10 17:02:19,9.2,0.0
2025-09-10 17:02:19,57.1,11.8
2025-09-10 17:02:19,57.2,2.2
2025-09-10 17:02:19,79.1,9.8
2025-09-10 17:02:19,79.2,12.4
2025-09-10 17:02:19,116.1,0.0
2025-09-10 17:02:19,116.2,13.2
2025-09-10 17:02:19,13.1,0.0
2025-09-10 17:02:19,13.2,0.0
2025-09-10 17:02:19,76.1,14.2
2025-09-10 17:02:19,76.2,7.4
2025-09-10 17:02:19,17.1,10.8
2025-09-10 17:02:19,17.2,8.2
2025-09-10 17:02:19,125.1,10.8
2025-09-10 17:02:19,125.2,4.8
2025-09-10 17:02:19,0.0,0.0
2025-09-10 17:02:19,0.0,0.0
2025-09-10 17:02:19,104.1,0.0
2025-09-10 17:02:19,104.2,0.0
2025-09-10 17:02:19,119.1,0.0
2025-09-10 17:02:19,119.2,0.0
2025-09-10 17:02:19,64.1,0.0
2025-09-10 17:02:19,64.2,0.0
2025-09-10 17:02:19,29.1,0.0
2025-09-10 17:02:19,29.2,0.0
2025-09-10 17:02:19,53.1,0.0
2025-09-10 17:02:19,53.2,0.0
2025-09-10 17:02:19,77.1,0.0
2025-09-10 17:02:19,77.2,0.0
2025-09-10 17:02:19,37.1,0.0
2025-09-10 17:02:19,37.2,0.0
2025-09-10 17:02:19,70.1,5.4
2025-09-10 17:02:19,70.2,0.0
2025-09-10 17:02:19,28.1,7.2
2025-09-10 17:02:19,28.2,12.8
2025-09-10 17:02:19,0.1,0.0
2025-09-10 17:02:19,0.2,0.0
2025-09-10 17:02:19,25.1,0.0
2025-09-10 17:02:19,25.2,0.0
2025-09-10 17:02:19,301.1,5.0
2025-09-10 17:02:19,301.2,15.0
2025-09-10 17:02:19,304.1,9.8
2025-09-10 17:02:19,304.2,7.6
2025-09-10 17:02:19,22.1,262.4
2025-09-10 17:02:19,22.2,8.6
2025-09-10 17:02:19,4.1,10.0
2025-09-10 17:02:19,4.2,12.4
2025-09-10 17:02:19,12.1,12.6
2025-09-10 17:02:19,12.2,9.0
2025-09-10 17:02:19,99.1,14.8
2025-09-10 17:02:19,99.2,2.0
2025-09-10 17:02:19,56.1,10.2
2025-09-10 17:02:19,56.2,12.4
2025-09-10 17:02:19,122.1,5.2
2025-09-10 17:02:19,122.2,8.4
2025-09-10 17:02:19,55.1,16.0
2025-09-10 17:02:19,55.2,0.6
2025-09-10 17:02:19,83.1,2.4
2025-09-10 17:02:19,83.2,8.2
2025-09-10 17:02:19,97.1,1.2
2025-09-10 17:02:19,97.2,9.0
2025-09-10 17:02:19,84.1,13.2
2025-09-10 17:02:19,84.2,4.2
2025-09-10 17:02:19,305.1,12.6
2025-09-10 17:02:19,305.2,11.8
2025-09-10 17:02:19,2.1,10.8
2025-09-10 17:02:19,2.2,13.8
2025-09-10 17:02:19,45.1,10.8
2025-09-10 17:02:19,45.2,4.6
2025-09-10 17:02:19,0.0,0.0
2025-09-10 17:02:19,0.0,0.0
2025-09-10 17:02:19,0.0,0.0
2025-09-10 17:02:19,0.0,0.0
2025-09-10 17:02:19,0.0,0.0
2025-09-10 17:02:19,0.0,0.0
2025-09-10 17:02:19,0.0,0.0
2025-09-10 17:02:19,0.0,0.0
2025-09-10 17:02:19,0.0,0.0
2025-09-10 17:02:19,0.0,0.0
2025-09-10 17:02:19,0.0,0.0
2025-09-10 17:02:19,0.0,0.0
2025-09-10 17:02:19,0.0,0.0
2025-09-10 17:02:19,0.0,0.0
2025-09-10 17:02:19,0.0,0.0
2025-09-10 17:02:19,0.0,0.0
2025-09-10 17:02:19,0.0,0.0
2025-09-10 17:02:19,0.0,0.0
2025-09-10 17:02:19,0.0,0.0
2025-09-10 17:02:19,0.0,0.0
2025-09-10 17:02:19,0.0,0.0
2025-09-10 17:02:19,0.0,0.0
2025-09-10 17:02:19,0.0,0.0
2025-09-10 17:02:19,0.0,0.0
2025-09-10 17:02:19,0.0,0.0
2025-09-10 17:02:19,0.0,0.0
2025-09-10 17:02:19,0.0,0.0
2025-09-10 17:02:19,0.0,0.0
2025-09-10 17:02:24,0.0,2.0
2025-09-10 17:02:24,11.1,23.4
2025-09-10 17:02:24,11.2,23.4
2025-09-10 17:02:24,38.1,33.4
2025-09-10 17:02:24,38.2,32.2
2025-09-10 17:02:24,96.1,125.0
2025-09-10 17:02:24,96.2,96.6
2025-09-10 17:02:24,307.1,26.8
2025-09-10 17:02:24,307.2,0.0
2025-09-10 17:02:24,52.1,39.8
2025-09-10 17:02:24,52.2,0.0
2025-09-10 17:02:24,102.1,26.0
2025-09-10 17:02:24,102.2,0.0
2025-09-10 17:02:24,124.2,0.0
2025-09-10 17:02:24,124.1,22.8
2025-09-10 17:02:24,48.2,9.4
2025-09-10 17:02:24,48.1,26.4
2025-09-10 17:02:24,75.2,0.0
2025-09-10 17:02:24,75.1,4.8
2025-09-10 17:02:24,109.2,19.4
2025-09-10 17:02:24,109.1,24.2
2025-09-10 17:02:24,123.2,9.0
2025-09-10 17:02:24,123.1,13.2
2025-09-10 17:02:24,26.1,11.4
2025-09-10 17:02:24,26.2,11.0
2025-09-10 17:02:24,66.1,11.4
2025-09-10 17:02:24,66.2,5.2
2025-09-10 17:02:24,10.1,8.4
2025-09-10 17:02:24,10.2,7.0
2025-09-10 17:02:24,58.1,0.0
2025-09-10 17:02:24,58.2,0.0
2025-09-10 17:02:24,306.1,11.8
2025-09-10 17:02:24,306.2,5.0
2025-09-10 17:02:24,9.1,7.0
2025-09-10 17:02:24,9.2,0.0
2025-09-10 17:02:24,57.1,12.4
2025-09-10 17:02:24,57.2,3.8
2025-09-10 17:02:24,79.1,10.8
2025-09-10 17:02:24,79.2,14.4
2025-09-10 17:02:24,116.1,0.0
2025-09-10 17:02:24,116.2,11.2
2025-09-10 17:02:24,13.1,0.0
2025-09-10 17:02:24,13.2,0.0
2025-09-10 17:02:24,76.1,11.8
2025-09-10 17:02:24,76.2,6.0
2025-09-10 17:02:24,17.1,10.4
2025-09-10 17:02:24,17.2,10.2
2025-09-10 17:02:24,125.1,11.0
2025-09-10 17:02:24,125.2,4.0
2025-09-10 17:02:24,0.0,0.0
2025-09-10 17:02:24,0.0,0.0
2025-09-10 17:02:24,104.1,0.0
2025-09-10 17:02:24,104.2,0.0
2025-09-10 17:02:24,119.1,0.0
2025-09-10 17:02:24,119.2,0.0
2025-09-10 17:02:24,64.1,0.0
2025-09-10 17:02:24,64.2,0.0
2025-09-10 17:02:24,29.1,0.0
2025-09-10 17:02:24,29.2,0.0
2025-09-10 17:02:24,53.1,0.0
2025-09-10 17:02:24,53.2,0.0
2025-09-10 17:02:24,77.1,0.0
2025-09-10 17:02:24,77.2,0.0
2025-09-10 17:02:24,37.1,0.0
2025-09-10 17:02:24,37.2,0.0
2025-09-10 17:02:24,70.1,9.6
2025-09-10 17:02:24,70.2,0.0
2025-09-10 17:02:24,28.1,6.4
2025-09-10 17:02:24,28.2,11.6
2025-09-10 17:02:24,0.1,0.0
2025-09-10 17:02:24,0.2,0.0
2025-09-10 17:02:24,25.1,0.0
2025-09-10 17:02:24,25.2,0.0
2025-09-10 17:02:24,301.1,6.4
2025-09-10 17:02:24,301.2,12.8
2025-09-10 17:02:24,304.1,12.6
2025-09-10 17:02:24,304.2,8.6
2025-09-10 17:02:24,22.1,243.2
2025-09-10 17:02:24,22.2,8.0
2025-09-10 17:02:24,4.1,11.4
2025-09-10 17:02:24,4.2,11.6
2025-09-10 17:02:24,12.1,10.4
2025-09-10 17:02:24,12.2,7.4
2025-09-10 17:02:24,99.1,14.4
2025-09-10 17:02:24,99.2,4.2
2025-09-10 17:02:24,56.1,10.0
2025-09-10 17:02:24,56.2,13.8
2025-09-10 17:02:24,122.1,6.6
2025-09-10 17:02:24,122.2,8.8
2025-09-10 17:02:24,55.1,10.4
2025-09-10 17:02:24,55.2,1.0
2025-09-10 17:02:24,83.1,1.2
2025-09-10 17:02:24,83.2,7.8
2025-09-10 17:02:24,97.1,0.6
2025-09-10 17:02:24,97.2,13.0
2025-09-10 17:02:24,84.1,12.8
2025-09-10 17:02:24,84.2,5.8
2025-09-10 17:02:24,305.1,10.0
2025-09-10 17:02:24,305.2,9.0
2025-09-10 17:02:24,2.1,11.0
2025-09-10 17:02:24,2.2,12.6
2025-09-10 17:02:24,45.1,11.6
2025-09-10 17:02:24,45.2,4.8
2025-09-10 17:02:24,0.0,0.0
2025-09-10 17:02:24,0.0,0.0
2025-09-10 17:02:24,0.0,0.0
2025-09-10 17:02:24,0.0,0.0
2025-09-10 17:02:24,0.0,0.0
2025-09-10 17:02:24,0.0,0.0
2025-09-10 17:02:24,0.0,0.0
2025-09-10 17:02:24,0.0,0.0
2025-09-10 17:02:24,0.0,0.0
2025-09-10 17:02:24,0.0,0.0
2025-09-10 17:02:24,0.0,0.0
2025-09-10 17:02:24,0.0,0.0
2025-09-10 17:02:24,0.0,0.0
2025-09-10 17:02:24,0.0,0.0
2025-09-10 17:02:24,0.0,0.0
2025-09-10 17:02:24,0.0,0.0
2025-09-10 17:02:24,0.0,0.0
2025-09-10 17:02:24,0.0,0.0
2025-09-10 17:02:24,0.0,0.0
2025-09-10 17:02:24,0.0,0.0
2025-09-10 17:02:24,0.0,0.0
2025-09-10 17:02:24,0.0,0.0
2025-09-10 17:02:24,0.0,0.0
2025-09-10 17:02:24,0.0,0.0
2025-09-10 17:02:24,0.0,0.0
2025-09-10 17:02:24,0.0,0.0
2025-09-10 17:02:24,0.0,0.0
2025-09-10 17:02:24,0.0,0.0
2025-09-10 17:02:29,0.0,2.0
2025-09-10 17:02:29,11.1,22.8
2025-09-10 17:02:29,11.2,26.6
2025-09-10 17:02:29,38.1,32.6
2025-09-10 17:02:29,38.2,32.0
2025-09-10 17:02:29,96.1,120.4
2025-09-10 17:02:29,96.2,103.0
2025-09-10 17:02:29,307.1,28.4
2025-09-10 17:02:29,307.2,0.0
2025-09-10 17:02:29,52.1,39.4
2025-09-10 17:02:29,52.2,0.0
2025-09-10 17:02:29,102.1,27.6
2025-09-10 17:02:29,102.2,0.0
2025-09-10 17:02:29,124.2,0.0
2025-09-10 17:02:29,124.1,22.6
2025-09-10 17:02:29,48.2,8.0
2025-09-10 17:02:29,48.1,23.8
2025-09-10 17:02:29,75.2,0.0
2025-09-10 17:02:29,75.1,5.0
2025-09-10 17:02:29,109.2,20.6
2025-09-10 17:02:29,109.1,21.6
2025-09-10 17:02:29,123.2,6.2
2025-09-10 17:02:29,123.1,12.8
2025-09-10 17:02:29,26.1,11.4
2025-09-10 17:02:29,26.2,11.8
2025-09-10 17:02:29,66.1,12.8
2025-09-10 17:02:29,66.2,4.2
2025-09-10 17:02:29,10.1,11.0
2025-09-10 17:02:29,10.2,10.0
2025-09-10 17:02:29,58.1,0.0
2025-09-10 17:02:29,58.2,0.0
2025-09-10 17:02:29,306.1,7.6
2025-09-10 17:02:29,306.2,9.2
2025-09-10 17:02:29,9.1,6.0
2025-09-10 17:02:29,9.2,0.0
2025-09-10 17:02:29,57.1,11.6
2025-09-10 17:02:29,57.2,3.8
2025-09-10 17:02:29,79.1,9.2
2025-09-10 17:02:29,79.2,13.0
2025-09-10 17:02:29,116.1,0.0
2025-09-10 17:02:29,116.2,11.2
2025-09-10 17:02:29,13.1,0.0
2025-09-10 17:02:29,13.2,0.0
2025-09-10 17:02:29,76.1,10.4
2025-09-10 17:02:29,76.2,6.8
2025-09-10 17:02:29,17.1,11.2
2025-09-10 17:02:29,17.2,8.0
2025-09-10 17:02:29,125.1,11.4
2025-09-10 17:02:29,125.2,3.8
2025-09-10 17:02:29,0.0,0.0
2025-09-10 17:02:29,0.0,0.0
2025-09-10 17:02:29,104.1,0.0
2025-09-10 17:02:29,104.2,0.0
2025-09-10 17:02:29,119.1,0.0
2025-09-10 17:02:29,119.2,0.0
2025-09-10 17:02:29,64.1,0.0
2025-09-10 17:02:29,64.2,0.0
2025-09-10 17:02:29,29.1,0.0
2025-09-10 17:02:29,29.2,0.0
2025-09-10 17:02:29,53.1,0.0
2025-09-10 17:02:29,53.2,0.0
2025-09-10 17:02:29,77.1,0.0
2025-09-10 17:02:29,77.2,0.0
2025-09-10 17:02:29,37.1,0.0
2025-09-10 17:02:29,37.2,0.0
2025-09-10 17:02:29,70.1,9.8
2025-09-10 17:02:29,70.2,0.0
2025-09-10 17:02:29,28.1,10.8
2025-09-10 17:02:29,28.2,11.6
2025-09-10 17:02:29,0.1,0.0
2025-09-10 17:02:29,0.2,0.0
2025-09-10 17:02:29,25.1,0.0
2025-09-10 17:02:29,25.2,0.0
2025-09-10 17:02:29,301.1,6.0
2025-09-10 17:02:29,301.2,13.2
2025-09-10 17:02:29,304.1,13.6
2025-09-10 17:02:29,304.2,9.0
2025-09-10 17:02:29,22.1,226.6
2025-09-10 17:02:29,22.2,7.4
2025-09-10 17:02:29,4.1,10.2
2025-09-10 17:02:29,4.2,14.4
2025-09-10 17:02:29,12.1,7.6
2025-09-10 17:02:29,12.2,6.4
2025-09-10 17:02:29,99.1,15.0
2025-09-10 17:02:29,99.2,3.6
2025-09-10 17:02:29,56.1,11.8
2025-09-10 17:02:29,56.2,12.2
2025-09-10 17:02:29,122.1,7.0
2025-09-10 17:02:29,122.2,7.8
2025-09-10 17:02:29,55.1,15.0
2025-09-10 17:02:29,55.2,1.6
2025-09-10 17:02:29,83.1,2.8
2025-09-10 17:02:29,83.2,6.2
2025-09-10 17:02:29,97.1,1.8
2025-09-10 17:02:29,97.2,13.0
2025-09-10 17:02:29,84.1,7.6
2025-09-10 17:02:29,84.2,3.2
2025-09-10 17:02:29,305.1,9.2
2025-09-10 17:02:29,305.2,11.0
2025-09-10 17:02:29,2.1,9.2
2025-09-10 17:02:29,2.2,15.2
2025-09-10 17:02:29,45.1,13.2
2025-09-10 17:02:29,45.2,4.8
2025-09-10 17:02:29,0.0,0.0
2025-09-10 17:02:29,0.0,0.0
2025-09-10 17:02:29,0.0,0.0
2025-09-10 17:02:29,0.0,0.0
2025-09-10 17:02:29,0.0,0.0
2025-09-10 17:02:29,0.0,0.0
2025-09-10 17:02:29,0.0,0.0
2025-09-10 17:02:29,0.0,0.0
2025-09-10 17:02:29,0.0,0.0
2025-09-10 17:02:29,0.0,0.0
2025-09-10 17:02:29,0.0,0.0
2025-09-10 17:02:29,0.0,0.0
2025-09-10 17:02:29,0.0,0.0
2025-09-10 17:02:29,0.0,0.0
2025-09-10 17:02:29,0.0,0.0
2025-09-10 17:02:29,0.0,0.0
2025-09-10 17:02:29,0.0,0.0
2025-09-10 17:02:29,0.0,0.0
2025-09-10 17:02:29,0.0,0.0
2025-09-10 17:02:29,0.0,0.0
2025-09-10 17:02:29,0.0,0.0
2025-09-10 17:02:29,0.0,0.0
2025-09-10 17:02:29,0.0,0.0
2025-09-10 17:02:29,0.0,0.0
2025-09-10 17:02:29,0.0,0.0
2025-09-10 17:02:29,0.0,0.0
2025-09-10 17:02:29,0.0,0.0
2025-09-10 17:02:29,0.0,0.0
2025-09-10 17:02:34,0.0,2.0
2025-09-10 17:02:34,11.1,20.4
2025-09-10 17:02:34,11.2,23.6
2025-09-10 17:02:34,38.1,32.6
2025-09-10 17:02:34,38.2,29.2
2025-09-10 17:02:34,96.1,122.4
2025-09-10 17:02:34,96.2,98.2
2025-09-10 17:02:34,307.1,27.6
2025-09-10 17:02:34,307.2,0.0
2025-09-10 17:02:34,52.1,30.8
2025-09-10 17:02:34,52.2,0.0
2025-09-10 17:02:34,102.1,26.8
2025-09-10 17:02:34,102.2,0.0
2025-09-10 17:02:34,124.2,0.0
2025-09-10 17:02:34,124.1,20.0
2025-09-10 17:02:34,48.2,8.8
2025-09-10 17:02:34,48.1,24.8
2025-09-10 17:02:34,75.2,0.0
2025-09-10 17:02:34,75.1,5.2
2025-09-10 17:02:34,109.2,19.6
2025-09-10 17:02:34,109.1,23.6
2025-09-10 17:02:34,123.2,8.4
2025-09-10 17:02:34,123.1,13.6
2025-09-10 17:02:34,26.1,11.4
2025-09-10 17:02:34,26.2,8.6
2025-09-10 17:02:34,66.1,14.0
2025-09-10 17:02:34,66.2,4.2
2025-09-10 17:02:34,10.1,11.4
2025-09-10 17:02:34,10.2,7.0
2025-09-10 17:02:34,58.1,0.0
2025-09-10 17:02:34,58.2,0.0
2025-09-10 17:02:34,306.1,9.2
2025-09-10 17:02:34,306.2,3.8
2025-09-10 17:02:34,9.1,6.4
2025-09-10 17:02:34,9.2,0.0
2025-09-10 17:02:34,57.1,12.0
2025-09-10 17:02:34,57.2,4.8
2025-09-10 17:02:34,79.1,6.2
2025-09-10 17:02:34,79.2,16.0
2025-09-10 17:02:34,116.1,0.0
2025-09-10 17:02:34,116.2,13.0
2025-09-10 17:02:34,13.1,0.0
2025-09-10 17:02:34,13.2,0.0
2025-09-10 17:02:34,76.1,10.6
2025-09-10 17:02:34,76.2,9.2
2025-09-10 17:02:34,17.1,10.0
2025-09-10 17:02:34,17.2,8.0
2025-09-10 17:02:34,125.1,10.6
2025-09-10 17:02:34,125.2,3.8
2025-09-10 17:02:34,0.0,0.0
2025-09-10 17:02:34,0.0,0.0
2025-09-10 17:02:34,104.1,0.0
2025-09-10 17:02:34,104.2,0.0
2025-09-10 17:02:34,119.1,0.0
2025-09-10 17:02:34,119.2,0.0
2025-09-10 17:02:34,64.1,0.0
2025-09-10 17:02:34,64.2,0.0
2025-09-10 17:02:34,29.1,0.0
2025-09-10 17:02:34,29.2,0.0
2025-09-10 17:02:34,53.1,0.0
2025-09-10 17:02:34,53.2,0.0
2025-09-10 17:02:34,77.1,0.0
2025-09-10 17:02:34,77.2,0.0
2025-09-10 17:02:34,37.1,0.0
2025-09-10 17:02:34,37.2,0.0
2025-09-10 17:02:34,70.1,12.6
2025-09-10 17:02:34,70.2,0.0
2025-09-10 17:02:34,28.1,7.2
2025-09-10 17:02:34,28.2,11.6
2025-09-10 17:02:34,0.1,0.0
2025-09-10 17:02:34,0.2,0.0
2025-09-10 17:02:34,25.1,0.0
2025-09-10 17:02:34,25.2,0.0
2025-09-10 17:02:34,301.1,6.8
2025-09-10 17:02:34,301.2,14.8
2025-09-10 17:02:34,304.1,13.6
2025-09-10 17:02:34,304.2,10.2
2025-09-10 17:02:34,22.1,224.6
2025-09-10 17:02:34,22.2,7.6
2025-09-10 17:02:34,4.1,9.2
2025-09-10 17:02:34,4.2,9.8
2025-09-10 17:02:34,12.1,11.8
2025-09-10 17:02:34,12.2,9.8
2025-09-10 17:02:34,99.1,15.0
2025-09-10 17:02:34,99.2,2.8
2025-09-10 17:02:34,56.1,10.2
2025-09-10 17:02:34,56.2,13.2
2025-09-10 17:02:34,122.1,8.0
2025-09-10 17:02:34,122.2,9.4
2025-09-10 17:02:34,55.1,12.6
2025-09-10 17:02:34,55.2,1.0
2025-09-10 17:02:34,83.1,2.0
2025-09-10 17:02:34,83.2,8.4
2025-09-10 17:02:34,97.1,0.8
2025-09-10 17:02:34,97.2,12.8
2025-09-10 17:02:34,84.1,12.4
2025-09-10 17:02:34,84.2,3.6
2025-09-10 17:02:34,305.1,9.2
2025-09-10 17:02:34,305.2,9.4
2025-09-10 17:02:34,2.1,9.2
2025-09-10 17:02:34,2.2,13.2
2025-09-10 17:02:34,45.1,11.6
2025-09-10 17:02:34,45.2,5.0
2025-09-10 17:02:34,0.0,0.0
2025-09-10 17:02:34,0.0,0.0
2025-09-10 17:02:34,0.0,0.0
2025-09-10 17:02:34,0.0,0.0
2025-09-10 17:02:34,0.0,0.0
2025-09-10 17:02:34,0.0,0.0
2025-09-10 17:02:34,0.0,0.0
2025-09-10 17:02:34,0.0,0.0
2025-09-10 17:02:34,0.0,0.0
2025-09-10 17:02:34,0.0,0.0
2025-09-10 17:02:34,0.0,0.0
2025-09-10 17:02:34,0.0,0.0
2025-09-10 17:02:34,0.0,0.0
2025-09-10 17:02:34,0.0,0.0
2025-09-10 17:02:34,0.0,0.0
2025-09-10 17:02:34,0.0,0.0
2025-09-10 17:02:34,0.0,0.0
2025-09-10 17:02:34,0.0,0.0
2025-09-10 17:02:34,0.0,0.0
2025-09-10 17:02:34,0.0,0.0
2025-09-10 17:02:34,0.0,0.0
2025-09-10 17:02:34,0.0,0.0
2025-09-10 17:02:34,0.0,0.0
2025-09-10 17:02:34,0.0,0.0
2025-09-10 17:02:34,0.0,0.0
2025-09-10 17:02:34,0.0,0.0
2025-09-10 17:02:34,0.0,0.0
2025-09-10 17:02:34,0.0,0.0
2025-09-10 17:02:39,0.0,2.0
2025-09-10 17:02:39,11.1,18.0
2025-09-10 17:02:39,11.2,23.6
2025-09-10 17:02:39,38.1,27.8
2025-09-10 17:02:39,38.2,31.2
2025-09-10 17:02:39,96.1,118.0
2025-09-10 17:02:39,96.2,102.0
2025-09-10 17:02:39,307.1,30.6
2025-09-10 17:02:39,307.2,0.0
2025-09-10 17:02:39,52.1,28.6
2025-09-10 17:02:39,52.2,0.0
2025-09-10 17:02:39,102.1,27.8
2025-09-10 17:02:39,102.2,0.0
2025-09-10 17:02:39,124.2,0.0
2025-09-10 17:02:39,124.1,19.2
2025-09-10 17:02:39,48.2,7.6
2025-09-10 17:02:39,48.1,26.4
2025-09-10 17:02:39,75.2,0.0
2025-09-10 17:02:39,75.1,5.2
2025-09-10 17:02:39,109.2,20.0
2025-09-10 17:02:39,109.1,22.0
2025-09-10 17:02:39,123.2,7.6
2025-09-10 17:02:39,123.1,13.4
2025-09-10 17:02:39,26.1,15.4
2025-09-10 17:02:39,26.2,8.8
2025-09-10 17:02:39,66.1,13.2
2025-09-10 17:02:39,66.2,5.0
2025-09-10 17:02:39,10.1,12.0
2025-09-10 17:02:39,10.2,10.2
2025-09-10 17:02:39,58.1,0.0
2025-09-10 17:02:39,58.2,0.0
2025-09-10 17:02:39,306.1,11.8
2025-09-10 17:02:39,306.2,6.2
2025-09-10 17:02:39,9.1,8.0
2025-09-10 17:02:39,9.2,0.0
2025-09-10 17:02:39,57.1,10.2
2025-09-10 17:02:39,57.2,4.6
2025-09-10 17:02:39,79.1,8.0
2025-09-10 17:02:39,79.2,14.6
2025-09-10 17:02:39,116.1,0.0
2025-09-10 17:02:39,116.2,11.4
2025-09-10 17:02:39,13.1,0.0
2025-09-10 17:02:39,13.2,0.0
2025-09-10 17:02:39,76.1,10.4
2025-09-10 17:02:39,76.2,8.0
2025-09-10 17:02:39,17.1,11.8
2025-09-10 17:02:39,17.2,12.8
2025-09-10 17:02:39,125.1,11.2
2025-09-10 17:02:39,125.2,4.0
2025-09-10 17:02:39,0.0,0.0
2025-09-10 17:02:39,0.0,0.0
2025-09-10 17:02:39,104.1,0.0
2025-09-10 17:02:39,104.2,0.0
2025-09-10 17:02:39,119.1,0.0
2025-09-10 17:02:39,119.2,0.0
2025-09-10 17:02:39,64.1,0.0
2025-09-10 17:02:39,64.2,0.0
2025-09-10 17:02:39,29.1,0.0
2025-09-10 17:02:39,29.2,0.0
2025-09-10 17:02:39,53.1,0.0
2025-09-10 17:02:39,53.2,0.0
2025-09-10 17:02:39,77.1,0.0
2025-09-10 17:02:39,77.2,0.0
2025-09-10 17:02:39,37.1,0.0
2025-09-10 17:02:39,37.2,0.0
2025-09-10 17:02:39,70.1,10.0
2025-09-10 17:02:39,70.2,0.0
2025-09-10 17:02:39,28.1,7.6
2025-09-10 17:02:39,28.2,15.8
2025-09-10 17:02:39,0.1,0.0
2025-09-10 17:02:39,0.2,0.0
2025-09-10 17:02:39,25.1,0.0
2025-09-10 17:02:39,25.2,0.0
2025-09-10 17:02:39,301.1,6.6
2025-09-10 17:02:39,301.2,13.6
2025-09-10 17:02:39,304.1,15.4
2025-09-10 17:02:39,304.2,6.0
2025-09-10 17:02:39,22.1,256.2
2025-09-10 17:02:39,22.2,8.4
2025-09-10 17:02:39,4.1,9.4
2025-09-10 17:02:39,4.2,12.4
2025-09-10 17:02:39,12.1,9.2
2025-09-10 17:02:39,12.2,8.2
2025-09-10 17:02:39,99.1,13.0
2025-09-10 17:02:39,99.2,4.0
2025-09-10 17:02:39,56.1,9.8
2025-09-10 17:02:39,56.2,15.2
2025-09-10 17:02:39,122.1,6.8
2025-09-10 17:02:39,122.2,10.4
2025-09-10 17:02:39,55.1,12.6
2025-09-10 17:02:39,55.2,1.0
2025-09-10 17:02:39,83.1,1.0
2025-09-10 17:02:39,83.2,9.8
2025-09-10 17:02:39,97.1,0.2
2025-09-10 17:02:39,97.2,10.8
2025-09-10 17:02:39,84.1,10.0
2025-09-10 17:02:39,84.2,4.8
2025-09-10 17:02:39,305.1,8.8
2025-09-10 17:02:39,305.2,9.2
2025-09-10 17:02:39,2.1,10.0
2025-09-10 17:02:39,2.2,16.4
2025-09-10 17:02:39,45.1,9.2
2025-09-10 17:02:39,45.2,5.6
2025-09-10 17:02:39,0.0,0.0
2025-09-10 17:02:39,0.0,0.0
2025-09-10 17:02:39,0.0,0.0
2025-09-10 17:02:39,0.0,0.0
2025-09-10 17:02:39,0.0,0.0
2025-09-10 17:02:39,0.0,0.0
2025-09-10 17:02:39,0.0,0.0
2025-09-10 17:02:39,0.0,0.0
2025-09-10 17:02:39,0.0,0.0
2025-09-10 17:02:39,0.0,0.0
2025-09-10 17:02:39,0.0,0.0
2025-09-10 17:02:39,0.0,0.0
2025-09-10 17:02:39,0.0,0.0
2025-09-10 17:02:39,0.0,0.0
2025-09-10 17:02:39,0.0,0.0
2025-09-10 17:02:39,0.0,0.0
2025-09-10 17:02:39,0.0,0.0
2025-09-10 17:02:39,0.0,0.0
2025-09-10 17:02:39,0.0,0.0
2025-09-10 17:02:39,0.0,0.0
2025-09-10 17:02:39,0.0,0.0
2025-09-10 17:02:39,0.0,0.0
2025-09-10 17:02:39,0.0,0.0
2025-09-10 17:02:39,0.0,0.0
2025-09-10 17:02:39,0.0,0.0
2025-09-10 17:02:39,0.0,0.0
2025-09-10 17:02:39,0.0,0.0
2025-09-10 17:02:39,0.0,0.0
2025-09-10 17:02:44,0.0,2.0
2025-09-10 17:02:44,11.1,22.4
2025-09-10 17:02:44,11.2,26.0
2025-09-10 17:02:44,38.1,33.6
2025-09-10 17:02:44,38.2,33.0
2025-09-10 17:02:44,96.1,114.2
2025-09-10 17:02:44,96.2,100.0
2025-09-10 17:02:44,307.1,27.8
2025-09-10 17:02:44,307.2,0.0
2025-09-10 17:02:44,52.1,33.6
2025-09-10 17:02:44,52.2,0.0
2025-09-10 17:02:44,102.1,26.6
2025-09-10 17:02:44,102.2,0.0
2025-09-10 17:02:44,124.2,0.0
2025-09-10 17:02:44,124.1,23.8
2025-09-10 17:02:44,48.2,10.4
2025-09-10 17:02:44,48.1,30.8
2025-09-10 17:02:44,75.2,0.0
2025-09-10 17:02:44,75.1,6.8
2025-09-10 17:02:44,109.2,21.6
2025-09-10 17:02:44,109.1,24.0
2025-09-10 17:02:44,123.2,8.2
2025-09-10 17:02:44,123.1,11.4
2025-09-10 17:02:44,26.1,12.0
2025-09-10 17:02:44,26.2,11.2
2025-09-10 17:02:44,66.1,10.8
2025-09-10 17:02:44,66.2,6.2
2025-09-10 17:02:44,10.1,11.6
2025-09-10 17:02:44,10.2,8.8
2025-09-10 17:02:44,58.1,0.0
2025-09-10 17:02:44,58.2,0.0
2025-09-10 17:02:44,306.1,9.6
2025-09-10 17:02:44,306.2,5.0
2025-09-10 17:02:44,9.1,7.8
2025-09-10 17:02:44,9.2,0.0
2025-09-10 17:02:44,57.1,12.0
2025-09-10 17:02:44,57.2,2.8
2025-09-10 17:02:44,79.1,11.4
2025-09-10 17:02:44,79.2,14.0
2025-09-10 17:02:44,116.1,0.0
2025-09-10 17:02:44,116.2,15.0
2025-09-10 17:02:44,13.1,0.0
2025-09-10 17:02:44,13.2,0.0
2025-09-10 17:02:44,76.1,13.8
2025-09-10 17:02:44,76.2,8.4
2025-09-10 17:02:44,17.1,8.8
2025-09-10 17:02:44,17.2,8.8
2025-09-10 17:02:44,125.1,13.8
2025-09-10 17:02:44,125.2,2.8
2025-09-10 17:02:44,0.0,0.0
2025-09-10 17:02:44,0.0,0.0
2025-09-10 17:02:44,104.1,0.0
2025-09-10 17:02:44,104.2,0.0
2025-09-10 17:02:44,119.1,0.0
2025-09-10 17:02:44,119.2,0.0
2025-09-10 17:02:44,64.1,0.0
2025-09-10 17:02:44,64.2,0.0
2025-09-10 17:02:44,29.1,0.0
2025-09-10 17:02:44,29.2,0.0
2025-09-10 17:02:44,53.1,0.0
2025-09-10 17:02:44,53.2,0.0
2025-09-10 17:02:44,77.1,0.0
2025-09-10 17:02:44,77.2,0.0
2025-09-10 17:02:44,37.1,0.0
2025-09-10 17:02:44,37.2,0.0
2025-09-10 17:02:44,70.1,12.0
2025-09-10 17:02:44,70.2,0.0
2025-09-10 17:02:44,28.1,8.4
2025-09-10 17:02:44,28.2,11.4
2025-09-10 17:02:44,0.1,0.0
2025-09-10 17:02:44,0.2,0.0
2025-09-10 17:02:44,25.1,0.0
2025-09-10 17:02:44,25.2,0.0
2025-09-10 17:02:44,301.1,7.4
2025-09-10 17:02:44,301.2,12.2
2025-09-10 17:02:44,304.1,13.4
2025-09-10 17:02:44,304.2,6.8
2025-09-10 17:02:44,22.1,305.8
2025-09-10 17:02:44,22.2,10.0
2025-09-10 17:02:44,4.1,9.8
2025-09-10 17:02:44,4.2,12.2
2025-09-10 17:02:44,12.1,9.2
2025-09-10 17:02:44,12.2,8.0
2025-09-10 17:02:44,99.1,15.6
2025-09-10 17:02:44,99.2,3.4
2025-09-10 17:02:44,56.1,9.6
2025-09-10 17:02:44,56.2,13.6
2025-09-10 17:02:44,122.1,3.2
2025-09-10 17:02:44,122.2,11.8
2025-09-10 17:02:44,55.1,12.8
2025-09-10 17:02:44,55.2,0.8
2025-09-10 17:02:44,83.1,1.8
2025-09-10 17:02:44,83.2,8.4
2025-09-10 17:02:44,97.1,1.2
2025-09-10 17:02:44,97.2,13.8
2025-09-10 17:02:44,84.1,13.0
2025-09-10 17:02:44,84.2,4.8
2025-09-10 17:02:44,305.1,9.4
2025-09-10 17:02:44,305.2,10.8
2025-09-10 17:02:44,2.1,9.6
2025-09-10 17:02:44,2.2,14.0
2025-09-10 17:02:44,45.1,10.2
2025-09-10 17:02:44,45.2,4.8
2025-09-10 17:02:44,0.0,0.0
2025-09-10 17:02:44,0.0,0.0
2025-09-10 17:02:44,0.0,0.0
2025-09-10 17:02:44,0.0,0.0
2025-09-10 17:02:44,0.0,0.0
2025-09-10 17:02:44,0.0,0.0
2025-09-10 17:02:44,0.0,0.0
2025-09-10 17:02:44,0.0,0.0
2025-09-10 17:02:44,0.0,0.0
2025-09-10 17:02:44,0.0,0.0
2025-09-10 17:02:44,0.0,0.0
2025-09-10 17:02:44,0.0,0.0
2025-09-10 17:02:44,0.0,0.0
2025-09-10 17:02:44,0.0,0.0
2025-09-10 17:02:44,0.0,0.0
2025-09-10 17:02:44,0.0,0.0
2025-09-10 17:02:44,0.0,0.0
2025-09-10 17:02:44,0.0,0.0
2025-09-10 17:02:44,0.0,0.0
2025-09-10 17:02:44,0.0,0.0
2025-09-10 17:02:44,0.0,0.0
2025-09-10 17:02:44,0.0,0.0
2025-09-10 17:02:44,0.0,0.0
2025-09-10 17:02:44,0.0,0.0
2025-09-10 17:02:44,0.0,0.0
2025-09-10 17:02:44,0.0,0.0
2025-09-10 17:02:44,0.0,0.0
2025-09-10 17:02:44,0.0,0.0
2025-09-10 17:02:49,0.0,2.0
2025-09-10 17:02:49,11.1,23.8
2025-09-10 17:02:49,11.2,21.2
2025-09-10 17:02:49,38.1,31.4
2025-09-10 17:02:49,38.2,26.0
2025-09-10 17:02:49,96.1,116.0
2025-09-10 17:02:49,96.2,98.6
2025-09-10 17:02:49,307.1,28.0
2025-09-10 17:02:49,307.2,0.0
2025-09-10 17:02:49,52.1,30.2
2025-09-10 17:02:49,52.2,0.0
2025-09-10 17:02:49,102.1,26.0
2025-09-10 17:02:49,102.2,0.0
2025-09-10 17:02:49,124.2,0.0
2025-09-10 17:02:49,124.1,24.2
2025-09-10 17:02:49,48.2,11.0
2025-09-10 17:02:49,48.1,27.2
2025-09-10 17:02:49,75.2,0.0
2025-09-10 17:02:49,75.1,6.8
2025-09-10 17:02:49,109.2,21.0
2025-09-10 17:02:49,109.1,23.8
2025-09-10 17:02:49,123.2,9.6
2025-09-10 17:02:49,123.1,12.8
2025-09-10 17:02:49,26.1,10.6
2025-09-10 17:02:49,26.2,6.2
2025-09-10 17:02:49,66.1,11.6
2025-09-10 17:02:49,66.2,5.0
2025-09-10 17:02:49,10.1,9.8
2025-09-10 17:02:49,10.2,8.2
2025-09-10 17:02:49,58.1,0.0
2025-09-10 17:02:49,58.2,0.0
2025-09-10 17:02:49,306.1,7.0
2025-09-10 17:02:49,306.2,5.6
2025-09-10 17:02:49,9.1,5.8
2025-09-10 17:02:49,9.2,0.0
2025-09-10 17:02:49,57.1,13.2
2025-09-10 17:02:49,57.2,2.4
2025-09-10 17:02:49,79.1,6.6
2025-09-10 17:02:49,79.2,13.2
2025-09-10 17:02:49,116.1,0.0
2025-09-10 17:02:49,116.2,13.0
2025-09-10 17:02:49,13.1,0.0
2025-09-10 17:02:49,13.2,0.0
2025-09-10 17:02:49,76.1,11.2
2025-09-10 17:02:49,76.2,9.2
2025-09-10 17:02:49,17.1,10.6
2025-09-10 17:02:49,17.2,8.0
2025-09-10 17:02:49,125.1,13.4
2025-09-10 17:02:49,125.2,3.4
2025-09-10 17:02:49,0.0,0.0
2025-09-10 17:02:49,0.0,0.0
2025-09-10 17:02:49,104.1,0.0
2025-09-10 17:02:49,104.2,0.0
2025-09-10 17:02:49,119.1,0.0
2025-09-10 17:02:49,119.2,0.0
2025-09-10 17:02:49,64.1,0.0
2025-09-10 17:02:49,64.2,0.0
2025-09-10 17:02:49,29.1,0.0
2025-09-10 17:02:49,29.2,0.0
2025-09-10 17:02:49,53.1,0.0
2025-09-10 17:02:49,53.2,0.0
2025-09-10 17:02:49,77.1,0.0
2025-09-10 17:02:49,77.2,0.0
2025-09-10 17:02:49,37.1,0.0
2025-09-10 17:02:49,37.2,0.0
2025-09-10 17:02:49,70.1,7.6
2025-09-10 17:02:49,70.2,0.0
2025-09-10 17:02:49,28.1,8.8
2025-09-10 17:02:49,28.2,12.2
2025-09-10 17:02:49,0.1,0.0
2025-09-10 17:02:49,0.2,0.0
2025-09-10 17:02:49,25.1,0.0
2025-09-10 17:02:49,25.2,0.0
2025-09-10 17:02:49,301.1,5.4
2025-09-10 17:02:49,301.2,16.4
2025-09-10 17:02:49,304.1,12.4
2025-09-10 17:02:49,304.2,6.6
2025-09-10 17:02:49,22.1,341.0
2025-09-10 17:02:49,22.2,11.2
2025-09-10 17:02:49,4.1,12.6
2025-09-10 17:02:49,4.2,13.8
2025-09-10 17:02:49,12.1,9.6
2025-09-10 17:02:49,12.2,7.0
2025-09-10 17:02:49,99.1,15.4
2025-09-10 17:02:49,99.2,3.4
2025-09-10 17:02:49,56.1,13.2
2025-09-10 17:02:49,56.2,11.6
2025-09-10 17:02:49,122.1,5.6
2025-09-10 17:02:49,122.2,9.4
2025-09-10 17:02:49,55.1,14.0
2025-09-10 17:02:49,55.2,2.0
2025-09-10 17:02:49,83.1,3.2
2025-09-10 17:02:49,83.2,9.2
2025-09-10 17:02:49,97.1,1.0
2025-09-10 17:02:49,97.2,12.4
2025-09-10 17:02:49,84.1,14.4
2025-09-10 17:02:49,84.2,2.8
2025-09-10 17:02:49,305.1,10.6
2025-09-10 17:02:49,305.2,9.8
2025-09-10 17:02:49,2.1,10.0
2025-09-10 17:02:49,2.2,13.4
2025-09-10 17:02:49,45.1,11.4
2025-09-10 17:02:49,45.2,5.4
2025-09-10 17:02:49,0.0,0.0
2025-09-10 17:02:49,0.0,0.0
2025-09-10 17:02:49,0.0,0.0
2025-09-10 17:02:49,0.0,0.0
2025-09-10 17:02:49,0.0,0.0
2025-09-10 17:02:49,0.0,0.0
2025-09-10 17:02:49,0.0,0.0
2025-09-10 17:02:49,0.0,0.0
2025-09-10 17:02:49,0.0,0.0
2025-09-10 17:02:49,0.0,0.0
2025-09-10 17:02:49,0.0,0.0
2025-09-10 17:02:49,0.0,0.0
2025-09-10 17:02:49,0.0,0.0
2025-09-10 17:02:49,0.0,0.0
2025-09-10 17:02:49,0.0,0.0
2025-09-10 17:02:49,0.0,0.0
2025-09-10 17:02:49,0.0,0.0
2025-09-10 17:02:49,0.0,0.0
2025-09-10 17:02:49,0.0,0.0
2025-09-10 17:02:49,0.0,0.0
2025-09-10 17:02:49,0.0,0.0
2025-09-10 17:02:49,0.0,0.0
2025-09-10 17:02:49,0.0,0.0
2025-09-10 17:02:49,0.0,0.0
2025-09-10 17:02:49,0.0,0.0
2025-09-10 17:02:49,0.0,0.0
2025-09-10 17:02:49,0.0,0.0
2025-09-10 17:02:49,0.0,0.0
2025-09-10 17:02:54,0.0,2.0
2025-09-10 17:02:54,11.1,17.8
2025-09-10 17:02:54,11.2,24.6
2025-09-10 17:02:54,38.1,28.2
2025-09-10 17:02:54,38.2,36.8
2025-09-10 17:02:54,96.1,117.2
2025-09-10 17:02:54,96.2,96.8
2025-09-10 17:02:54,307.1,28.2
2025-09-10 17:02:54,307.2,0.0
2025-09-10 17:02:54,52.1,33.0
2025-09-10 17:02:54,52.2,0.0
2025-09-10 17:02:54,102.1,24.6
2025-09-10 17:02:54,102.2,0.0
2025-09-10 17:02:54,124.2,0.0
2025-09-10 17:02:54,124.1,20.0
2025-09-10 17:02:54,48.2,7.4
2025-09-10 17:02:54,48.1,22.6
2025-09-10 17:02:54,75.2,0.0
2025-09-10 17:02:54,75.1,6.2
2025-09-10 17:02:54,109.2,22.4
2025-09-10 17:02:54,109.1,23.8
2025-09-10 17:02:54,123.2,6.2
2025-09-10 17:02:54,123.1,13.0
2025-09-10 17:02:54,26.1,8.8
2025-09-10 17:02:54,26.2,9.2
2025-09-10 17:02:54,66.1,9.2
2025-09-10 17:02:54,66.2,4.6
2025-09-10 17:02:54,10.1,11.2
2025-09-10 17:02:54,10.2,10.0
2025-09-10 17:02:54,58.1,0.0
2025-09-10 17:02:54,58.2,0.0
2025-09-10 17:02:54,306.1,8.6
2025-09-10 17:02:54,306.2,7.2
2025-09-10 17:02:54,9.1,9.4
2025-09-10 17:02:54,9.2,0.0
2025-09-10 17:02:54,57.1,10.2
2025-09-10 17:02:54,57.2,3.0
2025-09-10 17:02:54,79.1,10.8
2025-09-10 17:02:54,79.2,12.2
2025-09-10 17:02:54,116.1,0.0
2025-09-10 17:02:54,116.2,11.0
2025-09-10 17:02:54,13.1,0.0
2025-09-10 17:02:54,13.2,0.0
2025-09-10 17:02:54,76.1,14.0
2025-09-10 17:02:54,76.2,7.6
2025-09-10 17:02:54,17.1,12.4
2025-09-10 17:02:54,17.2,8.0
2025-09-10 17:02:54,125.1,11.0
2025-09-10 17:02:54,125.2,1.8
2025-09-10 17:02:54,0.0,0.0
2025-09-10 17:02:54,0.0,0.0
2025-09-10 17:02:54,104.1,0.0
2025-09-10 17:02:54,104.2,0.0
2025-09-10 17:02:54,119.1,0.0
2025-09-10 17:02:54,119.2,0.0
2025-09-10 17:02:54,64.1,0.0
2025-09-10 17:02:54,64.2,0.0
2025-09-10 17:02:54,29.1,0.0
2025-09-10 17:02:54,29.2,0.0
2025-09-10 17:02:54,53.1,0.0
2025-09-10 17:02:54,53.2,0.0
2025-09-10 17:02:54,77.1,0.0
2025-09-10 17:02:54,77.2,0.0
2025-09-10 17:02:54,37.1,0.0
2025-09-10 17:02:54,37.2,0.0
2025-09-10 17:02:54,70.1,10.0
2025-09-10 17:02:54,70.2,0.0
2025-09-10 17:02:54,28.1,7.4
2025-09-10 17:02:54,28.2,12.6
2025-09-10 17:02:54,0.1,0.0
2025-09-10 17:02:54,0.2,0.0
2025-09-10 17:02:54,25.1,0.0
2025-09-10 17:02:54,25.2,0.0
2025-09-10 17:02:54,301.1,5.0
2025-09-10 17:02:54,301.2,14.0
2025-09-10 17:02:54,304.1,15.2
2025-09-10 17:02:54,304.2,8.2
2025-09-10 17:02:54,22.1,213.8
2025-09-10 17:02:54,22.2,7.0
2025-09-10 17:02:54,4.1,9.4
2025-09-10 17:02:54,4.2,7.6
2025-09-10 17:02:54,12.1,11.0
2025-09-10 17:02:54,12.2,5.2
2025-09-10 17:02:54,99.1,13.0
2025-09-10 17:02:54,99.2,2.8
2025-09-10 17:02:54,56.1,10.4
2025-09-10 17:02:54,56.2,11.8
2025-09-10 17:02:54,122.1,4.2
2025-09-10 17:02:54,122.2,10.6
2025-09-10 17:02:54,55.1,12.6
2025-09-10 17:02:54,55.2,2.0
2025-09-10 17:02:54,83.1,1.4
2025-09-10 17:02:54,83.2,8.8
2025-09-10 17:02:54,97.1,1.0
2025-09-10 17:02:54,97.2,12.2
2025-09-10 17:02:54,84.1,8.8
2025-09-10 17:02:54,84.2,6.4
2025-09-10 17:02:54,305.1,7.8
2025-09-10 17:02:54,305.2,11.2
2025-09-10 17:02:54,2.1,11.0
2025-09-10 17:02:54,2.2,10.6
2025-09-10 17:02:54,45.1,9.8
2025-09-10 17:02:54,45.2,3.8
2025-09-10 17:02:54,0.0,0.0
2025-09-10 17:02:54,0.0,0.0
2025-09-10 17:02:54,0.0,0.0
2025-09-10 17:02:54,0.0,0.0
2025-09-10 17:02:54,0.0,0.0
2025-09-10 17:02:54,0.0,0.0
2025-09-10 17:02:54,0.0,0.0
2025-09-10 17:02:54,0.0,0.0
2025-09-10 17:02:54,0.0,0.0
2025-09-10 17:02:54,0.0,0.0
2025-09-10 17:02:54,0.0,0.0
2025-09-10 17:02:54,0.0,0.0
2025-09-10 17:02:54,0.0,0.0
2025-09-10 17:02:54,0.0,0.0
2025-09-10 17:02:54,0.0,0.0
2025-09-10 17:02:54,0.0,0.0
2025-09-10 17:02:54,0.0,0.0
2025-09-10 17:02:54,0.0,0.0
2025-09-10 17:02:54,0.0,0.0
2025-09-10 17:02:54,0.0,0.0
2025-09-10 17:02:54,0.0,0.0
2025-09-10 17:02:54,0.0,0.0
2025-09-10 17:02:54,0.0,0.0
2025-09-10 17:02:54,0.0,0.0
2025-09-10 17:02:54,0.0,0.0
2025-09-10 17:02:54,0.0,0.0
2025-09-10 17:02:54,0.0,0.0
2025-09-10 17:02:54,0.0,0.0
2025-09-10 17:02:59,0.0,2.0
2025-09-10 17:02:59,11.1,19.4
2025-09-10 17:02:59,11.2,27.4
2025-09-10 17:02:59,38.1,37.8
2025-09-10 17:02:59,38.2,31.2
2025-09-10 17:02:59,96.1,121.8
2025-09-10 17:02:59,96.2,92.6
2025-09-10 17:02:59,307.1,25.8
2025-09-10 17:02:59,307.2,0.0
2025-09-10 17:02:59,52.1,35.8
2025-09-10 17:02:59,52.2,0.0
2025-09-10 17:02:59,102.1,26.0
2025-09-10 17:02:59,102.2,0.0
2025-09-10 17:02:59,124.2,0.0
2025-09-10 17:02:59,124.1,19.8
2025-09-10 17:02:59,48.2,8.8
2025-09-10 17:02:59,48.1,26.8
2025-09-10 17:02:59,75.2,0.0
2025-09-10 17:02:59,75.1,5.4
2025-09-10 17:02:59,109.2,18.0
2025-09-10 17:02:59,109.1,19.0
2025-09-10 17:02:59,123.2,7.2
2025-09-10 17:02:59,123.1,11.0
2025-09-10 17:02:59,26.1,10.6
2025-09-10 17:02:59,26.2,11.8
2025-09-10 17:02:59,66.1,16.0
2025-09-10 17:02:59,66.2,4.4
2025-09-10 17:02:59,10.1,11.2
2025-09-10 17:02:59,10.2,8.8
2025-09-10 17:02:59,58.1,0.0
2025-09-10 17:02:59,58.2,0.0
2025-09-10 17:02:59,306.1,9.8
2025-09-10 17:02:59,306.2,7.6
2025-09-10 17:02:59,9.1,4.8
2025-09-10 17:02:59,9.2,0.0
2025-09-10 17:02:59,57.1,12.2
2025-09-10 17:02:59,57.2,3.6
2025-09-10 17:02:59,79.1,10.2
2025-09-10 17:02:59,79.2,11.6
2025-09-10 17:02:59,116.1,0.0
2025-09-10 17:02:59,116.2,12.4
2025-09-10 17:02:59,13.1,0.0
2025-09-10 17:02:59,13.2,0.0
2025-09-10 17:02:59,76.1,12.6
2025-09-10 17:02:59,76.2,7.4
2025-09-10 17:02:59,17.1,11.6
2025-09-10 17:02:59,17.2,12.4
2025-09-10 17:02:59,125.1,12.0
2025-09-10 17:02:59,125.2,3.2
2025-09-10 17:02:59,0.0,0.0
2025-09-10 17:02:59,0.0,0.0
2025-09-10 17:02:59,104.1,0.0
2025-09-10 17:02:59,104.2,0.0
2025-09-10 17:02:59,119.1,0.0
2025-09-10 17:02:59,119.2,0.0
2025-09-10 17:02:59,64.1,0.0
2025-09-10 17:02:59,64.2,0.0
2025-09-10 17:02:59,29.1,0.0
2025-09-10 17:02:59,29.2,0.0
2025-09-10 17:02:59,53.1,0.0
2025-09-10 17:02:59,53.2,0.0
2025-09-10 17:02:59,77.1,0.0
2025-09-10 17:02:59,77.2,0.0
2025-09-10 17:02:59,37.1,0.0
2025-09-10 17:02:59,37.2,0.0
2025-09-10 17:02:59,70.1,7.4
2025-09-10 17:02:59,70.2,0.0
2025-09-10 17:02:59,28.1,7.6
2025-09-10 17:02:59,28.2,14.6
2025-09-10 17:02:59,0.1,0.0
2025-09-10 17:02:59,0.2,0.0
2025-09-10 17:02:59,25.1,0.0
2025-09-10 17:02:59,25.2,0.0
2025-09-10 17:02:59,301.1,7.4
2025-09-10 17:02:59,301.2,15.2
2025-09-10 17:02:59,304.1,12.6
2025-09-10 17:02:59,304.2,7.4
2025-09-10 17:02:59,22.1,245.0
2025-09-10 17:02:59,22.2,8.0
2025-09-10 17:02:59,4.1,10.2
2025-09-10 17:02:59,4.2,14.0
2025-09-10 17:02:59,12.1,9.2
2025-09-10 17:02:59,12.2,5.6
2025-09-10 17:02:59,99.1,15.4
2025-09-10 17:02:59,99.2,3.2
2025-09-10 17:02:59,56.1,11.2
2025-09-10 17:02:59,56.2,13.6
2025-09-10 17:02:59,122.1,4.4
2025-09-10 17:02:59,122.2,11.4
2025-09-10 17:02:59,55.1,13.4
2025-09-10 17:02:59,55.2,1.8
2025-09-10 17:02:59,83.1,2.0
2025-09-10 17:02:59,83.2,6.6
2025-09-10 17:02:59,97.1,1.0
2025-09-10 17:02:59,97.2,9.8
2025-09-10 17:02:59,84.1,11.8
2025-09-10 17:02:59,84.2,3.0
2025-09-10 17:02:59,305.1,9.2
2025-09-10 17:02:59,305.2,12.4
2025-09-10 17:02:59,2.1,10.2
2025-09-10 17:02:59,2.2,13.6
2025-09-10 17:02:59,45.1,9.8
2025-09-10 17:02:59,45.2,5.8
2025-09-10 17:02:59,0.0,0.0
2025-09-10 17:02:59,0.0,0.0
2025-09-10 17:02:59,0.0,0.0
2025-09-10 17:02:59,0.0,0.0
2025-09-10 17:02:59,0.0,0.0
2025-09-10 17:02:59,0.0,0.0
2025-09-10 17:02:59,0.0,0.0
2025-09-10 17:02:59,0.0,0.0
2025-09-10 17:02:59,0.0,0.0
2025-09-10 17:02:59,0.0,0.0
2025-09-10 17:02:59,0.0,0.0
2025-09-10 17:02:59,0.0,0.0
2025-09-10 17:02:59,0.0,0.0
2025-09-10 17:02:59,0.0,0.0
2025-09-10 17:02:59,0.0,0.0
2025-09-10 17:02:59,0.0,0.0
2025-09-10 17:02:59,0.0,0.0
2025-09-10 17:02:59,0.0,0.0
2025-09-10 17:02:59,0.0,0.0
2025-09-10 17:02:59,0.0,0.0
2025-09-10 17:02:59,0.0,0.0
2025-09-10 17:02:59,0.0,0.0
2025-09-10 17:02:59,0.0,0.0
2025-09-10 17:02:59,0.0,0.0
2025-09-10 17:02:59,0.0,0.0
2025-09-10 17:02:59,0.0,0.0
2025-09-10 17:02:59,0.0,0.0
2025-09-10 17:02:59,0.0,0.0
2025-09-10 17:03:04,0.0,2.0
2025-09-10 17:03:04,11.1,18.4
2025-09-10 17:03:04,11.2,24.4
2025-09-10 17:03:04,38.1,28.2
2025-09-10 17:03:04,38.2,31.2
2025-09-10 17:03:04,96.1,114.0
2025-09-10 17:03:04,96.2,91.0
2025-09-10 17:03:04,307.1,32.0
2025-09-10 17:03:04,307.2,0.0
2025-09-10 17:03:04,52.1,28.6
2025-09-10 17:03:04,52.2,0.0
2025-09-10 17:03:04,102.1,25.6
2025-09-10 17:03:04,102.2,0.0
2025-09-10 17:03:04,124.2,0.0
2025-09-10 17:03:04,124.1,25.8
2025-09-10 17:03:04,48.2,9.4
2025-09-10 17:03:04,48.1,21.6
2025-09-10 17:03:04,75.2,0.0
2025-09-10 17:03:04,75.1,6.4
2025-09-10 17:03:04,109.2,24.4
2025-09-10 17:03:04,109.1,27.6
2025-09-10 17:03:04,123.2,7.4
2025-09-10 17:03:04,123.1,12.0
2025-09-10 17:03:04,26.1,11.0
2025-09-10 17:03:04,26.2,9.4
2025-09-10 17:03:04,66.1,13.6
2025-09-10 17:03:04,66.2,4.4
2025-09-10 17:03:04,10.1,8.8
2025-09-10 17:03:04,10.2,13.0
2025-09-10 17:03:04,58.1,0.0
2025-09-10 17:03:04,58.2,0.0
2025-09-10 17:03:04,306.1,11.6
2025-09-10 17:03:04,306.2,6.4
2025-09-10 17:03:04,9.1,9.4
2025-09-10 17:03:04,9.2,0.0
2025-09-10 17:03:04,57.1,12.4
2025-09-10 17:03:04,57.2,1.6
2025-09-10 17:03:04,79.1,8.6
2025-09-10 17:03:04,79.2,10.8
2025-09-10 17:03:04,116.1,0.0
2025-09-10 17:03:04,116.2,14.2
2025-09-10 17:03:04,13.1,0.0
2025-09-10 17:03:04,13.2,0.0
2025-09-10 17:03:04,76.1,13.2
2025-09-10 17:03:04,76.2,8.4
2025-09-10 17:03:04,17.1,13.6
2025-09-10 17:03:04,17.2,8.8
2025-09-10 17:03:04,125.1,8.4
2025-09-10 17:03:04,125.2,5.0
2025-09-10 17:03:04,0.0,0.0
2025-09-10 17:03:04,0.0,0.0
2025-09-10 17:03:04,104.1,0.0
2025-09-10 17:03:04,104.2,0.0
2025-09-10 17:03:04,119.1,0.0
2025-09-10 17:03:04,119.2,0.0
2025-09-10 17:03:04,64.1,0.0
2025-09-10 17:03:04,64.2,0.0
2025-09-10 17:03:04,29.1,0.0
2025-09-10 17:03:04,29.2,0.0
2025-09-10 17:03:04,53.1,0.0
2025-09-10 17:03:04,53.2,0.0
2025-09-10 17:03:04,77.1,0.0
2025-09-10 17:03:04,77.2,0.0
2025-09-10 17:03:04,37.1,0.0
2025-09-10 17:03:04,37.2,0.0
2025-09-10 17:03:04,70.1,9.2
2025-09-10 17:03:04,70.2,0.0
2025-09-10 17:03:04,28.1,7.2
2025-09-10 17:03:04,28.2,13.4
2025-09-10 17:03:04,0.1,0.0
2025-09-10 17:03:04,0.2,0.0
2025-09-10 17:03:04,25.1,0.0
2025-09-10 17:03:04,25.2,0.0
2025-09-10 17:03:04,301.1,6.4
2025-09-10 17:03:04,301.2,13.6
2025-09-10 17:03:04,304.1,15.2
2025-09-10 17:03:04,304.2,6.2
2025-09-10 17:03:04,22.1,354.4
2025-09-10 17:03:04,22.2,11.6
2025-09-10 17:03:04,4.1,10.0
2025-09-10 17:03:04,4.2,11.2
2025-09-10 17:03:04,12.1,11.6
2025-09-10 17:03:04,12.2,5.8
2025-09-10 17:03:04,99.1,13.8
2025-09-10 17:03:04,99.2,3.4
2025-09-10 17:03:04,56.1,11.0
2025-09-10 17:03:04,56.2,12.8
2025-09-10 17:03:04,122.1,7.0
2025-09-10 17:03:04,122.2,11.0
2025-09-10 17:03:04,55.1,16.8
2025-09-10 17:03:04,55.2,1.0
2025-09-10 17:03:04,83.1,2.4
2025-09-10 17:03:04,83.2,8.0
2025-09-10 17:03:04,97.1,0.8
2025-09-10 17:03:04,97.2,12.6
2025-09-10 17:03:04,84.1,12.8
2025-09-10 17:03:04,84.2,5.0
2025-09-10 17:03:04,305.1,9.2
2025-09-10 17:03:04,305.2,15.2
2025-09-10 17:03:04,2.1,8.6
2025-09-10 17:03:04,2.2,16.0
2025-09-10 17:03:04,45.1,10.4
2025-09-10 17:03:04,45.2,6.8
2025-09-10 17:03:04,0.0,0.0
2025-09-10 17:03:04,0.0,0.0
2025-09-10 17:03:04,0.0,0.0
2025-09-10 17:03:04,0.0,0.0
2025-09-10 17:03:04,0.0,0.0
2025-09-10 17:03:04,0.0,0.0
2025-09-10 17:03:04,0.0,0.0
2025-09-10 17:03:04,0.0,0.0
2025-09-10 17:03:04,0.0,0.0
2025-09-10 17:03:04,0.0,0.0
2025-09-10 17:03:04,0.0,0.0
2025-09-10 17:03:04,0.0,0.0
2025-09-10 17:03:04,0.0,0.0
2025-09-10 17:03:04,0.0,0.0
2025-09-10 17:03:04,0.0,0.0
2025-09-10 17:03:04,0.0,0.0
2025-09-10 17:03:04,0.0,0.0
2025-09-10 17:03:04,0.0,0.0
2025-09-10 17:03:04,0.0,0.0
2025-09-10 17:03:04,0.0,0.0
2025-09-10 17:03:04,0.0,0.0
2025-09-10 17:03:04,0.0,0.0
2025-09-10 17:03:04,0.0,0.0
2025-09-10 17:03:04,0.0,0.0
2025-09-10 17:03:04,0.0,0.0
2025-09-10 17:03:04,0.0,0.0
2025-09-10 17:03:04,0.0,0.0
2025-09-10 17:03:04,0.0,0.0
2025-09-10 17:03:09,0.0,2.0
2025-09-10 17:03:09,11.1,23.2
2025-09-10 17:03:09,11.2,21.6
2025-09-10 17:03:09,38.1,30.0
2025-09-10 17:03:09,38.2,31.2
2025-09-10 17:03:09,96.1,116.0
2025-09-10 17:03:09,96.2,94.8
2025-09-10 17:03:09,307.1,29.8
2025-09-10 17:03:09,307.2,0.0
2025-09-10 17:03:09,52.1,30.0
2025-09-10 17:03:09,52.2,0.0
2025-09-10 17:03:09,102.1,26.8
2025-09-10 17:03:09,102.2,0.0
2025-09-10 17:03:09,124.2,0.0
2025-09-10 17:03:09,124.1,20.2
2025-09-10 17:03:09,48.2,6.8
2025-09-10 17:03:09,48.1,28.4
2025-09-10 17:03:09,75.2,0.0
2025-09-10 17:03:09,75.1,5.0
2025-09-10 17:03:09,109.2,21.8
2025-09-10 17:03:09,109.1,22.0
2025-09-10 17:03:09,123.2,8.8
2025-09-10 17:03:09,123.1,11.8
2025-09-10 17:03:09,26.1,12.4
2025-09-10 17:03:09,26.2,10.8
2025-09-10 17:03:09,66.1,11.6
2025-09-10 17:03:09,66.2,4.8
2025-09-10 17:03:09,10.1,10.6
2025-09-10 17:03:09,10.2,10.4
2025-09-10 17:03:09,58.1,0.0
2025-09-10 17:03:09,58.2,0.0
2025-09-10 17:03:09,306.1,9.2
2025-09-10 17:03:09,306.2,7.0
2025-09-10 17:03:09,9.1,6.0
2025-09-10 17:03:09,9.2,0.0
2025-09-10 17:03:09,57.1,13.8
2025-09-10 17:03:09,57.2,4.6
2025-09-10 17:03:09,79.1,7.6
2025-09-10 17:03:09,79.2,12.8
2025-09-10 17:03:09,116.1,0.0
2025-09-10 17:03:09,116.2,12.4
2025-09-10 17:03:09,13.1,0.0
2025-09-10 17:03:09,13.2,0.0
2025-09-10 17:03:09,76.1,11.0
2025-09-10 17:03:09,76.2,8.2
2025-09-10 17:03:09,17.1,9.8
2025-09-10 17:03:09,17.2,9.6
2025-09-10 17:03:09,125.1,8.6
2025-09-10 17:03:09,125.2,4.8
2025-09-10 17:03:09,0.0,0.0
2025-09-10 17:03:09,0.0,0.0
2025-09-10 17:03:09,104.1,0.0
2025-09-10 17:03:09,104.2,0.0
2025-09-10 17:03:09,119.1,0.0
2025-09-10 17:03:09,119.2,0.0
2025-09-10 17:03:09,64.1,0.0
2025-09-10 17:03:09,64.2,0.0
2025-09-10 17:03:09,29.1,0.0
2025-09-10 17:03:09,29.2,0.0
2025-09-10 17:03:09,53.1,0.0
2025-09-10 17:03:09,53.2,0.0
2025-09-10 17:03:09,77.1,0.0
2025-09-10 17:03:09,77.2,0.0
2025-09-10 17:03:09,37.1,0.0
2025-09-10 17:03:09,37.2,0.0
2025-09-10 17:03:09,70.1,9.2
2025-09-10 17:03:09,70.2,0.0
2025-09-10 17:03:09,28.1,6.0
2025-09-10 17:03:09,28.2,15.8
2025-09-10 17:03:09,0.1,0.0
2025-09-10 17:03:09,0.2,0.0
2025-09-10 17:03:09,25.1,0.0
2025-09-10 17:03:09,25.2,0.0
2025-09-10 17:03:09,301.1,6.4
2025-09-10 17:03:09,301.2,11.0
2025-09-10 17:03:09,304.1,13.4
2025-09-10 17:03:09,304.2,9.2
2025-09-10 17:03:09,22.1,294.0
2025-09-10 17:03:09,22.2,9.6
2025-09-10 17:03:09,4.1,11.2
2025-09-10 17:03:09,4.2,11.8
2025-09-10 17:03:09,12.1,10.8
2025-09-10 17:03:09,12.2,5.4
2025-09-10 17:03:09,99.1,12.8
2025-09-10 17:03:09,99.2,3.0
2025-09-10 17:03:09,56.1,10.6
2025-09-10 17:03:09,56.2,12.6
2025-09-10 17:03:09,122.1,5.4
2025-09-10 17:03:09,122.2,9.2
2025-09-10 17:03:09,55.1,10.4
2025-09-10 17:03:09,55.2,1.8
2025-09-10 17:03:09,83.1,2.0
2025-09-10 17:03:09,83.2,9.6
2025-09-10 17:03:09,97.1,0.4
2025-09-10 17:03:09,97.2,12.0
2025-09-10 17:03:09,84.1,11.6
2025-09-10 17:03:09,84.2,6.6
2025-09-10 17:03:09,305.1,10.0
2025-09-10 17:03:09,305.2,9.4
2025-09-10 17:03:09,2.1,10.2
2025-09-10 17:03:09,2.2,12.8
2025-09-10 17:03:09,45.1,11.4
2025-09-10 17:03:09,45.2,6.6
2025-09-10 17:03:09,0.0,0.0
2025-09-10 17:03:09,0.0,0.0
2025-09-10 17:03:09,0.0,0.0
2025-09-10 17:03:09,0.0,0.0
2025-09-10 17:03:09,0.0,0.0
2025-09-10 17:03:09,0.0,0.0
2025-09-10 17:03:09,0.0,0.0
2025-09-10 17:03:09,0.0,0.0
2025-09-10 17:03:09,0.0,0.0
2025-09-10 17:03:09,0.0,0.0
2025-09-10 17:03:09,0.0,0.0
2025-09-10 17:03:09,0.0,0.0
2025-09-10 17:03:09,0.0,0.0
2025-09-10 17:03:09,0.0,0.0
2025-09-10 17:03:09,0.0,0.0
2025-09-10 17:03:09,0.0,0.0
2025-09-10 17:03:09,0.0,0.0
2025-09-10 17:03:09,0.0,0.0
2025-09-10 17:03:09,0.0,0.0
2025-09-10 17:03:09,0.0,0.0
2025-09-10 17:03:09,0.0,0.0
2025-09-10 17:03:09,0.0,0.0
2025-09-10 17:03:09,0.0,0.0
2025-09-10 17:03:09,0.0,0.0
2025-09-10 17:03:09,0.0,0.0
2025-09-10 17:03:09,0.0,0.0
2025-09-10 17:03:09,0.0,0.0
2025-09-10 17:03:09,0.0,0.0
2025-09-10 17:03:14,0.0,2.0
2025-09-10 17:03:14,11.1,23.0
2025-09-10 17:03:14,11.2,22.0
2025-09-10 17:03:14,38.1,32.8
2025-09-10 17:03:14,38.2,30.2
2025-09-10 17:03:14,96.1,120.6
2025-09-10 17:03:14,96.2,92.2
2025-09-10 17:03:14,307.1,28.2
2025-09-10 17:03:14,307.2,0.0
2025-09-10 17:03:14,52.1,37.0
2025-09-10 17:03:14,52.2,0.0
2025-09-10 17:03:14,102.1,26.4
2025-09-10 17:03:14,102.2,0.0
2025-09-10 17:03:14,124.2,0.0
2025-09-10 17:03:14,124.1,24.6
2025-09-10 17:03:14,48.2,7.8
2025-09-10 17:03:14,48.1,29.4
2025-09-10 17:03:14,75.2,0.0
2025-09-10 17:03:14,75.1,4.4
2025-09-10 17:03:14,109.2,20.4
2025-09-10 17:03:14,109.1,20.0
2025-09-10 17:03:14,123.2,7.0
2025-09-10 17:03:14,123.1,12.2
2025-09-10 17:03:14,26.1,11.2
2025-09-10 17:03:14,26.2,8.6
2025-09-10 17:03:14,66.1,11.8
2025-09-10 17:03:14,66.2,3.2
2025-09-10 17:03:14,10.1,12.6
2025-09-10 17:03:14,10.2,9.4
2025-09-10 17:03:14,58.1,0.0
2025-09-10 17:03:14,58.2,0.0
2025-09-10 17:03:14,306.1,9.4
2025-09-10 17:03:14,306.2,7.2
2025-09-10 17:03:14,9.1,5.2
2025-09-10 17:03:14,9.2,0.0
2025-09-10 17:03:14,57.1,9.2
2025-09-10 17:03:14,57.2,3.4
2025-09-10 17:03:14,79.1,11.2
2025-09-10 17:03:14,79.2,12.8
2025-09-10 17:03:14,116.1,0.0
2025-09-10 17:03:14,116.2,10.8
2025-09-10 17:03:14,13.1,0.0
2025-09-10 17:03:14,13.2,0.0
2025-09-10 17:03:14,76.1,9.6
2025-09-10 17:03:14,76.2,6.6
2025-09-10 17:03:14,17.1,10.0
2025-09-10 17:03:14,17.2,9.2
2025-09-10 17:03:14,125.1,11.8
2025-09-10 17:03:14,125.2,2.8
2025-09-10 17:03:14,0.0,0.0
2025-09-10 17:03:14,0.0,0.0
2025-09-10 17:03:14,104.1,0.0
2025-09-10 17:03:14,104.2,0.0
2025-09-10 17:03:14,119.1,0.0
2025-09-10 17:03:14,119.2,0.0
2025-09-10 17:03:14,64.1,0.0
2025-09-10 17:03:14,64.2,0.0
2025-09-10 17:03:14,29.1,0.0
2025-09-10 17:03:14,29.2,0.0
2025-09-10 17:03:14,53.1,0.0
2025-09-10 17:03:14,53.2,0.0
2025-09-10 17:03:14,77.1,0.0
2025-09-10 17:03:14,77.2,0.0
2025-09-10 17:03:14,37.1,0.0
2025-09-10 17:03:14,37.2,0.0
2025-09-10 17:03:14,70.1,9.6
2025-09-10 17:03:14,70.2,0.0
2025-09-10 17:03:14,28.1,6.6
2025-09-10 17:03:14,28.2,12.2
2025-09-10 17:03:14,0.1,0.0
2025-09-10 17:03:14,0.2,0.0
2025-09-10 17:03:14,25.1,0.0
2025-09-10 17:03:14,25.2,0.0
2025-09-10 17:03:14,301.1,7.6
2025-09-10 17:03:14,301.2,15.0
2025-09-10 17:03:14,304.1,12.6
2025-09-10 17:03:14,304.2,8.4
2025-09-10 17:03:14,22.1,207.4
2025-09-10 17:03:14,22.2,6.8
2025-09-10 17:03:14,4.1,10.4
2025-09-10 17:03:14,4.2,11.2
2025-09-10 17:03:14,12.1,10.6
2025-09-10 17:03:14,12.2,5.6
2025-09-10 17:03:14,99.1,11.6
2025-09-10 17:03:14,99.2,2.8
2025-09-10 17:03:14,56.1,9.8
2025-09-10 17:03:14,56.2,12.2
2025-09-10 17:03:14,122.1,8.0
2025-09-10 17:03:14,122.2,10.2
2025-09-10 17:03:14,55.1,15.0
2025-09-10 17:03:14,55.2,1.0
2025-09-10 17:03:14,83.1,2.8
2025-09-10 17:03:14,83.2,8.2
2025-09-10 17:03:14,97.1,1.0
2025-09-10 17:03:14,97.2,11.6
2025-09-10 17:03:14,84.1,13.0
2025-09-10 17:03:14,84.2,3.6
2025-09-10 17:03:14,305.1,10.4
2025-09-10 17:03:14,305.2,11.8
2025-09-10 17:03:14,2.1,12.6
2025-09-10 17:03:14,2.2,16.2
2025-09-10 17:03:14,45.1,13.0
2025-09-10 17:03:14,45.2,4.4
2025-09-10 17:03:14,0.0,0.0
2025-09-10 17:03:14,0.0,0.0
2025-09-10 17:03:14,0.0,0.0
2025-09-10 17:03:14,0.0,0.0
2025-09-10 17:03:14,0.0,0.0
2025-09-10 17:03:14,0.0,0.0
2025-09-10 17:03:14,0.0,0.0
2025-09-10 17:03:14,0.0,0.0
2025-09-10 17:03:14,0.0,0.0
2025-09-10 17:03:14,0.0,0.0
2025-09-10 17:03:14,0.0,0.0
2025-09-10 17:03:14,0.0,0.0
2025-09-10 17:03:14,0.0,0.0
2025-09-10 17:03:14,0.0,0.0
2025-09-10 17:03:14,0.0,0.0
2025-09-10 17:03:14,0.0,0.0
2025-09-10 17:03:14,0.0,0.0
2025-09-10 17:03:14,0.0,0.0
2025-09-10 17:03:14,0.0,0.0
2025-09-10 17:03:14,0.0,0.0
2025-09-10 17:03:14,0.0,0.0
2025-09-10 17:03:14,0.0,0.0
2025-09-10 17:03:14,0.0,0.0
2025-09-10 17:03:14,0.0,0.0
2025-09-10 17:03:14,0.0,0.0
2025-09-10 17:03:14,0.0,0.0
2025-09-10 17:03:14,0.0,0.0
2025-09-10 17:03:14,0.0,0.0
2025-09-10 17:03:19,0.0,2.0
2025-09-10 17:03:19,11.1,23.0
2025-09-10 17:03:19,11.2,20.0
2025-09-10 17:03:19,38.1,28.0
2025-09-10 17:03:19,38.2,31.4
2025-09-10 17:03:19,96.1,114.0
2025-09-10 17:03:19,96.2,96.6
2025-09-10 17:03:19,307.1,26.6
2025-09-10 17:03:19,307.2,0.0
2025-09-10 17:03:19,52.1,30.8
2025-09-10 17:03:19,52.2,0.0
2025-09-10 17:03:19,102.1,26.8
2025-09-10 17:03:19,102.2,0.0
2025-09-10 17:03:19,124.2,0.0
2025-09-10 17:03:19,124.1,17.6
2025-09-10 17:03:19,48.2,6.6
2025-09-10 17:03:19,48.1,23.4
2025-09-10 17:03:19,75.2,0.0
2025-09-10 17:03:19,75.1,6.6
2025-09-10 17:03:19,109.2,22.0
2025-09-10 17:03:19,109.1,25.6
2025-09-10 17:03:19,123.2,6.8
2025-09-10 17:03:19,123.1,12.8
2025-09-10 17:03:19,26.1,10.8
2025-09-10 17:03:19,26.2,9.0
2025-09-10 17:03:19,66.1,12.2
2025-09-10 17:03:19,66.2,3.8
2025-09-10 17:03:19,10.1,11.4
2025-09-10 17:03:19,10.2,10.4
2025-09-10 17:03:19,58.1,0.0
2025-09-10 17:03:19,58.2,0.0
2025-09-10 17:03:19,306.1,10.0
2025-09-10 17:03:19,306.2,8.0
2025-09-10 17:03:19,9.1,5.8
2025-09-10 17:03:19,9.2,0.0
2025-09-10 17:03:19,57.1,11.4
2025-09-10 17:03:19,57.2,3.6
2025-09-10 17:03:19,79.1,8.2
2025-09-10 17:03:19,79.2,12.8
2025-09-10 17:03:19,116.1,0.0
2025-09-10 17:03:19,116.2,12.8
2025-09-10 17:03:19,13.1,0.0
2025-09-10 17:03:19,13.2,0.0
2025-09-10 17:03:19,76.1,11.8
2025-09-10 17:03:19,76.2,8.6
2025-09-10 17:03:19,17.1,11.6
2025-09-10 17:03:19,17.2,8.2
2025-09-10 17:03:19,125.1,13.2
2025-09-10 17:03:19,125.2,4.2
2025-09-10 17:03:19,0.0,0.0
2025-09-10 17:03:19,0.0,0.0
2025-09-10 17:03:19,104.1,0.0
2025-09-10 17:03:19,104.2,0.0
2025-09-10 17:03:19,119.1,0.0
2025-09-10 17:03:19,119.2,0.0
2025-09-10 17:03:19,64.1,0.0
2025-09-10 17:03:19,64.2,0.0
2025-09-10 17:03:19,29.1,0.0
2025-09-10 17:03:19,29.2,0.0
2025-09-10 17:03:19,53.1,0.0
2025-09-10 17:03:19,53.2,0.0
2025-09-10 17:03:19,77.1,0.0
2025-09-10 17:03:19,77.2,0.0
2025-09-10 17:03:19,37.1,0.0
2025-09-10 17:03:19,37.2,0.0
2025-09-10 17:03:19,70.1,13.6
2025-09-10 17:03:19,70.2,0.0
2025-09-10 17:03:19,28.1,8.4
2025-09-10 17:03:19,28.2,11.4
2025-09-10 17:03:19,0.1,0.0
2025-09-10 17:03:19,0.2,0.0
2025-09-10 17:03:19,25.1,0.0
2025-09-10 17:03:19,25.2,0.0
2025-09-10 17:03:19,301.1,5.4
2025-09-10 17:03:19,301.2,14.0
2025-09-10 17:03:19,304.1,9.8
2025-09-10 17:03:19,304.2,7.8
2025-09-10 17:03:19,22.1,269.2
2025-09-10 17:03:19,22.2,9.0
2025-09-10 17:03:19,4.1,12.4
2025-09-10 17:03:19,4.2,13.2
2025-09-10 17:03:19,12.1,8.8
2025-09-10 17:03:19,12.2,7.4
2025-09-10 17:03:19,99.1,12.8
2025-09-10 17:03:19,99.2,3.2
2025-09-10 17:03:19,56.1,9.6
2025-09-10 17:03:19,56.2,15.2
2025-09-10 17:03:19,122.1,6.2
2025-09-10 17:03:19,122.2,10.8
2025-09-10 17:03:19,55.1,13.2
2025-09-10 17:03:19,55.2,1.8
2025-09-10 17:03:19,83.1,2.8
2025-09-10 17:03:19,83.2,9.0
2025-09-10 17:03:19,97.1,0.6
2025-09-10 17:03:19,97.2,9.0
2025-09-10 17:03:19,84.1,12.8
2025-09-10 17:03:19,84.2,5.6
2025-09-10 17:03:19,305.1,10.2
2025-09-10 17:03:19,305.2,8.8
2025-09-10 17:03:19,2.1,10.8
2025-09-10 17:03:19,2.2,12.4
2025-09-10 17:03:19,45.1,10.4
2025-09-10 17:03:19,45.2,4.8
2025-09-10 17:03:19,0.0,0.0
2025-09-10 17:03:19,0.0,0.0
2025-09-10 17:03:19,0.0,0.0
2025-09-10 17:03:19,0.0,0.0
2025-09-10 17:03:19,0.0,0.0
2025-09-10 17:03:19,0.0,0.0
2025-09-10 17:03:19,0.0,0.0
2025-09-10 17:03:19,0.0,0.0
2025-09-10 17:03:19,0.0,0.0
2025-09-10 17:03:19,0.0,0.0
2025-09-10 17:03:19,0.0,0.0
2025-09-10 17:03:19,0.0,0.0
2025-09-10 17:03:19,0.0,0.0
2025-09-10 17:03:19,0.0,0.0
2025-09-10 17:03:19,0.0,0.0
2025-09-10 17:03:19,0.0,0.0
2025-09-10 17:03:19,0.0,0.0
2025-09-10 17:03:19,0.0,0.0
2025-09-10 17:03:19,0.0,0.0
2025-09-10 17:03:19,0.0,0.0
2025-09-10 17:03:19,0.0,0.0
2025-09-10 17:03:19,0.0,0.0
2025-09-10 17:03:19,0.0,0.0
2025-09-10 17:03:19,0.0,0.0
2025-09-10 17:03:19,0.0,0.0
2025-09-10 17:03:19,0.0,0.0
2025-09-10 17:03:19,0.0,0.0
2025-09-10 17:03:19,0.0,0.0
2025-09-10 17:03:24,0.0,2.0
2025-09-10 17:03:24,11.1,19.4
2025-09-10 17:03:24,11.2,25.8
2025-09-10 17:03:24,38.1,32.4
2025-09-10 17:03:24,38.2,28.8
2025-09-10 17:03:24,96.1,120.2
2025-09-10 17:03:24,96.2,102.2
2025-09-10 17:03:24,307.1,27.4
2025-09-10 17:03:24,307.2,0.0
2025-09-10 17:03:24,52.1,36.6
2025-09-10 17:03:24,52.2,0.0
2025-09-10 17:03:24,102.1,28.8
2025-09-10 17:03:24,102.2,0.0
2025-09-10 17:03:24,124.2,0.0
2025-09-10 17:03:24,124.1,23.8
2025-09-10 17:03:24,48.2,7.6
2025-09-10 17:03:24,48.1,28.0
2025-09-10 17:03:24,75.2,0.0
2025-09-10 17:03:24,75.1,5.4
2025-09-10 17:03:24,109.2,21.0
2025-09-10 17:03:24,109.1,21.0
2025-09-10 17:03:24,123.2,8.4
2025-09-10 17:03:24,123.1,11.0
2025-09-10 17:03:24,26.1,12.8
2025-09-10 17:03:24,26.2,7.6
2025-09-10 17:03:24,66.1,10.6
2025-09-10 17:03:24,66.2,3.6
2025-09-10 17:03:24,10.1,10.6
2025-09-10 17:03:24,10.2,9.6
2025-09-10 17:03:24,58.1,0.0
2025-09-10 17:03:24,58.2,0.0
2025-09-10 17:03:24,306.1,10.2
2025-09-10 17:03:24,306.2,5.8
2025-09-10 17:03:24,9.1,7.2
2025-09-10 17:03:24,9.2,0.0
2025-09-10 17:03:24,57.1,10.8
2025-09-10 17:03:24,57.2,2.8
2025-09-10 17:03:24,79.1,11.0
2025-09-10 17:03:24,79.2,13.6
2025-09-10 17:03:24,116.1,0.0
2025-09-10 17:03:24,116.2,12.0
2025-09-10 17:03:24,13.1,0.0
2025-09-10 17:03:24,13.2,0.0
2025-09-10 17:03:24,76.1,12.0
2025-09-10 17:03:24,76.2,8.8
2025-09-10 17:03:24,17.1,11.4
2025-09-10 17:03:24,17.2,10.8
2025-09-10 17:03:24,125.1,10.0
2025-09-10 17:03:24,125.2,4.2
2025-09-10 17:03:24,0.0,0.0
2025-09-10 17:03:24,0.0,0.0
2025-09-10 17:03:24,104.1,0.0
2025-09-10 17:03:24,104.2,0.0
2025-09-10 17:03:24,119.1,0.0
2025-09-10 17:03:24,119.2,0.0
2025-09-10 17:03:24,64.1,0.0
2025-09-10 17:03:24,64.2,0.0
2025-09-10 17:03:24,29.1,0.0
2025-09-10 17:03:24,29.2,0.0
2025-09-10 17:03:24,53.1,0.0
2025-09-10 17:03:24,53.2,0.0
2025-09-10 17:03:24,77.1,0.0
2025-09-10 17:03:24,77.2,0.0
2025-09-10 17:03:24,37.1,0.0
2025-09-10 17:03:24,37.2,0.0
2025-09-10 17:03:24,70.1,9.8
2025-09-10 17:03:24,70.2,0.0
2025-09-10 17:03:24,28.1,8.0
2025-09-10 17:03:24,28.2,8.0
2025-09-10 17:03:24,0.1,0.0
2025-09-10 17:03:24,0.2,0.0
2025-09-10 17:03:24,25.1,0.0
2025-09-10 17:03:24,25.2,0.0
2025-09-10 17:03:24,301.1,6.0
2025-09-10 17:03:24,301.2,13.8
2025-09-10 17:03:24,304.1,14.2
2025-09-10 17:03:24,304.2,9.8
2025-09-10 17:03:24,22.1,234.2
2025-09-10 17:03:24,22.2,7.8
2025-09-10 17:03:24,4.1,10.6
2025-09-10 17:03:24,4.2,16.0
2025-09-10 17:03:24,12.1,9.8
2025-09-10 17:03:24,12.2,8.4
2025-09-10 17:03:24,99.1,14.4
2025-09-10 17:03:24,99.2,3.8
2025-09-10 17:03:24,56.1,12.0
2025-09-10 17:03:24,56.2,13.2
2025-09-10 17:03:24,122.1,5.0
2025-09-10 17:03:24,122.2,10.2
2025-09-10 17:03:24,55.1,11.2
2025-09-10 17:03:24,55.2,1.6
2025-09-10 17:03:24,83.1,2.6
2025-09-10 17:03:24,83.2,7.8
2025-09-10 17:03:24,97.1,0.8
2025-09-10 17:03:24,97.2,14.6
2025-09-10 17:03:24,84.1,10.8
2025-09-10 17:03:24,84.2,6.0
2025-09-10 17:03:24,305.1,10.8
2025-09-10 17:03:24,305.2,12.4
2025-09-10 17:03:24,2.1,10.0
2025-09-10 17:03:24,2.2,12.4
2025-09-10 17:03:24,45.1,11.0
2025-09-10 17:03:24,45.2,4.2
2025-09-10 17:03:24,0.0,0.0
2025-09-10 17:03:24,0.0,0.0
2025-09-10 17:03:24,0.0,0.0
2025-09-10 17:03:24,0.0,0.0
2025-09-10 17:03:24,0.0,0.0
2025-09-10 17:03:24,0.0,0.0
2025-09-10 17:03:24,0.0,0.0
2025-09-10 17:03:24,0.0,0.0
2025-09-10 17:03:24,0.0,0.0
2025-09-10 17:03:24,0.0,0.0
2025-09-10 17:03:24,0.0,0.0
2025-09-10 17:03:24,0.0,0.0
2025-09-10 17:03:24,0.0,0.0
2025-09-10 17:03:24,0.0,0.0
2025-09-10 17:03:24,0.0,0.0
2025-09-10 17:03:24,0.0,0.0
2025-09-10 17:03:24,0.0,0.0
2025-09-10 17:03:24,0.0,0.0
2025-09-10 17:03:24,0.0,0.0
2025-09-10 17:03:24,0.0,0.0
2025-09-10 17:03:24,0.0,0.0
2025-09-10 17:03:24,0.0,0.0
2025-09-10 17:03:24,0.0,0.0
2025-09-10 17:03:24,0.0,0.0
2025-09-10 17:03:24,0.0,0.0
2025-09-10 17:03:24,0.0,0.0
2025-09-10 17:03:24,0.0,0.0
2025-09-10 17:03:24,0.0,0.0
2025-09-10 17:03:29,0.0,2.0
2025-09-10 17:03:29,11.1,20.0
2025-09-10 17:03:29,11.2,24.8
2025-09-10 17:03:29,38.1,35.8
2025-09-10 17:03:29,38.2,31.0
2025-09-10 17:03:29,96.1,126.2
2025-09-10 17:03:29,96.2,96.8
2025-09-10 17:03:29,307.1,28.2
2025-09-10 17:03:29,307.2,0.0
2025-09-10 17:03:29,52.1,30.8
2025-09-10 17:03:29,52.2,0.0
2025-09-10 17:03:29,102.1,27.8
2025-09-10 17:03:29,102.2,0.0
2025-09-10 17:03:29,124.2,0.0
2025-09-10 17:03:29,124.1,22.6
2025-09-10 17:03:29,48.2,6.6
2025-09-10 17:03:29,48.1,27.4
2025-09-10 17:03:29,75.2,0.0
2025-09-10 17:03:29,75.1,5.0
2025-09-10 17:03:29,109.2,21.6
2025-09-10 17:03:29,109.1,23.8
2025-09-10 17:03:29,123.2,8.0
2025-09-10 17:03:29,123.1,11.4
2025-09-10 17:03:29,26.1,13.8
2025-09-10 17:03:29,26.2,8.4
2025-09-10 17:03:29,66.1,12.4
2025-09-10 17:03:29,66.2,3.8
2025-09-10 17:03:29,10.1,10.4
2025-09-10 17:03:29,10.2,9.8
2025-09-10 17:03:29,58.1,0.0
2025-09-10 17:03:29,58.2,0.0
2025-09-10 17:03:29,306.1,12.2
2025-09-10 17:03:29,306.2,7.6
2025-09-10 17:03:29,9.1,6.2
2025-09-10 17:03:29,9.2,0.0
2025-09-10 17:03:29,57.1,11.0
2025-09-10 17:03:29,57.2,3.8
2025-09-10 17:03:29,79.1,11.8
2025-09-10 17:03:29,79.2,13.8
2025-09-10 17:03:29,116.1,0.0
2025-09-10 17:03:29,116.2,11.4
2025-09-10 17:03:29,13.1,0.0
2025-09-10 17:03:29,13.2,0.0
2025-09-10 17:03:29,76.1,12.6
2025-09-10 17:03:29,76.2,8.6
2025-09-10 17:03:29,17.1,12.2
2025-09-10 17:03:29,17.2,9.0
2025-09-10 17:03:29,125.1,11.2
2025-09-10 17:03:29,125.2,2.6
2025-09-10 17:03:29,0.0,0.0
2025-09-10 17:03:29,0.0,0.0
2025-09-10 17:03:29,104.1,0.0
2025-09-10 17:03:29,104.2,0.0
2025-09-10 17:03:29,119.1,0.0
2025-09-10 17:03:29,119.2,0.0
2025-09-10 17:03:29,64.1,0.0
2025-09-10 17:03:29,64.2,0.0
2025-09-10 17:03:29,29.1,0.0
2025-09-10 17:03:29,29.2,0.0
2025-09-10 17:03:29,53.1,0.0
2025-09-10 17:03:29,53.2,0.0
2025-09-10 17:03:29,77.1,0.0
2025-09-10 17:03:29,77.2,0.0
2025-09-10 17:03:29,37.1,0.0
2025-09-10 17:03:29,37.2,0.0
2025-09-10 17:03:29,70.1,9.8
2025-09-10 17:03:29,70.2,0.0
2025-09-10 17:03:29,28.1,7.4
2025-09-10 17:03:29,28.2,13.2
2025-09-10 17:03:29,0.1,0.0
2025-09-10 17:03:29,0.2,0.0
2025-09-10 17:03:29,25.1,0.0
2025-09-10 17:03:29,25.2,0.0
2025-09-10 17:03:29,301.1,6.8
2025-09-10 17:03:29,301.2,13.8
2025-09-10 17:03:29,304.1,12.4
2025-09-10 17:03:29,304.2,8.0
2025-09-10 17:03:29,22.1,256.8
2025-09-10 17:03:29,22.2,8.4
2025-09-10 17:03:29,4.1,12.2
2025-09-10 17:03:29,4.2,11.2
2025-09-10 17:03:29,12.1,9.4
2025-09-10 17:03:29,12.2,6.2
2025-09-10 17:03:29,99.1,17.2
2025-09-10 17:03:29,99.2,3.8
2025-09-10 17:03:29,56.1,10.2
2025-09-10 17:03:29,56.2,15.6
2025-09-10 17:03:29,122.1,6.4
2025-09-10 17:03:29,122.2,8.8
2025-09-10 17:03:29,55.1,14.0
2025-09-10 17:03:29,55.2,1.2
2025-09-10 17:03:29,83.1,2.4
2025-09-10 17:03:29,83.2,7.4
2025-09-10 17:03:29,97.1,1.6
2025-09-10 17:03:29,97.2,11.4
2025-09-10 17:03:29,84.1,12.2
2025-09-10 17:03:29,84.2,4.6
2025-09-10 17:03:29,305.1,8.0
2025-09-10 17:03:29,305.2,13.6
2025-09-10 17:03:29,2.1,9.6
2025-09-10 17:03:29,2.2,16.0
2025-09-10 17:03:29,45.1,12.8
2025-09-10 17:03:29,45.2,4.6
2025-09-10 17:03:29,0.0,0.0
2025-09-10 17:03:29,0.0,0.0
2025-09-10 17:03:29,0.0,0.0
2025-09-10 17:03:29,0.0,0.0
2025-09-10 17:03:29,0.0,0.0
2025-09-10 17:03:29,0.0,0.0
2025-09-10 17:03:29,0.0,0.0
2025-09-10 17:03:29,0.0,0.0
2025-09-10 17:03:29,0.0,0.0
2025-09-10 17:03:29,0.0,0.0
2025-09-10 17:03:29,0.0,0.0
2025-09-10 17:03:29,0.0,0.0
2025-09-10 17:03:29,0.0,0.0
2025-09-10 17:03:29,0.0,0.0
2025-09-10 17:03:29,0.0,0.0
2025-09-10 17:03:29,0.0,0.0
2025-09-10 17:03:29,0.0,0.0
2025-09-10 17:03:29,0.0,0.0
2025-09-10 17:03:29,0.0,0.0
2025-09-10 17:03:29,0.0,0.0
2025-09-10 17:03:29,0.0,0.0
2025-09-10 17:03:29,0.0,0.0
2025-09-10 17:03:29,0.0,0.0
2025-09-10 17:03:29,0.0,0.0
2025-09-10 17:03:29,0.0,0.0
2025-09-10 17:03:29,0.0,0.0
2025-09-10 17:03:29,0.0,0.0
2025-09-10 17:03:29,0.0,0.0
2025-09-10 17:03:34,0.0,2.0
2025-09-10 17:03:34,11.1,19.6
2025-09-10 17:03:34,11.2,23.2
2025-09-10 17:03:34,38.1,27.8
2025-09-10 17:03:34,38.2,34.4
2025-09-10 17:03:34,96.1,116.0
2025-09-10 17:03:34,96.2,92.2
2025-09-10 17:03:34,307.1,31.4
2025-09-10 17:03:34,307.2,0.0
2025-09-10 17:03:34,52.1,29.2
2025-09-10 17:03:34,52.2,0.0
2025-09-10 17:03:34,102.1,26.4
2025-09-10 17:03:34,102.2,0.0
2025-09-10 17:03:34,124.2,0.0
2025-09-10 17:03:34,124.1,24.6
2025-09-10 17:03:34,48.2,9.8
2025-09-10 17:03:34,48.1,26.4
2025-09-10 17:03:34,75.2,0.0
2025-09-10 17:03:34,75.1,4.6
2025-09-10 17:03:34,109.2,21.2
2025-09-10 17:03:34,109.1,23.4
2025-09-10 17:03:34,123.2,9.0
2025-09-10 17:03:34,123.1,12.8
2025-09-10 17:03:34,26.1,12.8
2025-09-10 17:03:34,26.2,9.6
2025-09-10 17:03:34,66.1,10.2
2025-09-10 17:03:34,66.2,2.6
2025-09-10 17:03:34,10.1,11.6
2025-09-10 17:03:34,10.2,9.6
2025-09-10 17:03:34,58.1,0.0
2025-09-10 17:03:34,58.2,0.0
2025-09-10 17:03:34,306.1,8.8
2025-09-10 17:03:34,306.2,8.0
2025-09-10 17:03:34,9.1,7.6
2025-09-10 17:03:34,9.2,0.0
2025-09-10 17:03:34,57.1,15.4
2025-09-10 17:03:34,57.2,2.8
2025-09-10 17:03:34,79.1,10.4
2025-09-10 17:03:34,79.2,10.2
2025-09-10 17:03:34,116.1,0.0
2025-09-10 17:03:34,116.2,13.4
2025-09-10 17:03:34,13.1,0.0
2025-09-10 17:03:34,13.2,0.0
2025-09-10 17:03:34,76.1,12.4
2025-09-10 17:03:34,76.2,8.8
2025-09-10 17:03:34,17.1,11.2
2025-09-10 17:03:34,17.2,10.2
2025-09-10 17:03:34,125.1,9.8
2025-09-10 17:03:34,125.2,4.0
2025-09-10 17:03:34,0.0,0.0
2025-09-10 17:03:34,0.0,0.0
2025-09-10 17:03:34,104.1,0.0
2025-09-10 17:03:34,104.2,0.0
2025-09-10 17:03:34,119.1,0.0
2025-09-10 17:03:34,119.2,0.0
2025-09-10 17:03:34,64.1,0.0
2025-09-10 17:03:34,64.2,0.0
2025-09-10 17:03:34,29.1,0.0
2025-09-10 17:03:34,29.2,0.0
2025-09-10 17:03:34,53.1,0.0
2025-09-10 17:03:34,53.2,0.0
2025-09-10 17:03:34,77.1,0.0
2025-09-10 17:03:34,77.2,0.0
2025-09-10 17:03:34,37.1,0.0
2025-09-10 17:03:34,37.2,0.0
2025-09-10 17:03:34,70.1,7.8
2025-09-10 17:03:34,70.2,0.0
2025-09-10 17:03:34,28.1,9.4
2025-09-10 17:03:34,28.2,13.2
2025-09-10 17:03:34,0.1,0.0
2025-09-10 17:03:34,0.2,0.0
2025-09-10 17:03:34,25.1,0.0
2025-09-10 17:03:34,25.2,0.0
2025-09-10 17:03:34,301.1,5.6
2025-09-10 17:03:34,301.2,12.0
2025-09-10 17:03:34,304.1,13.8
2025-09-10 17:03:34,304.2,7.8
2025-09-10 17:03:34,22.1,269.0
2025-09-10 17:03:34,22.2,8.8
2025-09-10 17:03:34,4.1,9.0
2025-09-10 17:03:34,4.2,12.0
2025-09-10 17:03:34,12.1,9.4
2025-09-10 17:03:34,12.2,10.0
2025-09-10 17:03:34,99.1,15.4
2025-09-10 17:03:34,99.2,3.8
2025-09-10 17:03:34,56.1,11.8
2025-09-10 17:03:34,56.2,12.0
2025-09-10 17:03:34,122.1,7.8
2025-09-10 17:03:34,122.2,11.8
2025-09-10 17:03:34,55.1,14.6
2025-09-10 17:03:34,55.2,2.0
2025-09-10 17:03:34,83.1,1.6
2025-09-10 17:03:34,83.2,8.0
2025-09-10 17:03:34,97.1,0.6
2025-09-10 17:03:34,97.2,8.6
2025-09-10 17:03:34,84.1,10.6
2025-09-10 17:03:34,84.2,4.2
2025-09-10 17:03:34,305.1,10.0
2025-09-10 17:03:34,305.2,10.4
2025-09-10 17:03:34,2.1,9.0
2025-09-10 17:03:34,2.2,17.0
2025-09-10 17:03:34,45.1,12.8
2025-09-10 17:03:34,45.2,4.4
2025-09-10 17:03:34,0.0,0.0
2025-09-10 17:03:34,0.0,0.0
2025-09-10 17:03:34,0.0,0.0
2025-09-10 17:03:34,0.0,0.0
2025-09-10 17:03:34,0.0,0.0
2025-09-10 17:03:34,0.0,0.0
2025-09-10 17:03:34,0.0,0.0
2025-09-10 17:03:34,0.0,0.0
2025-09-10 17:03:34,0.0,0.0
2025-09-10 17:03:34,0.0,0.0
2025-09-10 17:03:34,0.0,0.0
2025-09-10 17:03:34,0.0,0.0
2025-09-10 17:03:34,0.0,0.0
2025-09-10 17:03:34,0.0,0.0
2025-09-10 17:03:34,0.0,0.0
2025-09-10 17:03:34,0.0,0.0
2025-09-10 17:03:34,0.0,0.0
2025-09-10 17:03:34,0.0,0.0
2025-09-10 17:03:34,0.0,0.0
2025-09-10 17:03:34,0.0,0.0
2025-09-10 17:03:34,0.0,0.0
2025-09-10 17:03:34,0.0,0.0
2025-09-10 17:03:34,0.0,0.0
2025-09-10 17:03:34,0.0,0.0
2025-09-10 17:03:34,0.0,0.0
2025-09-10 17:03:34,0.0,0.0
2025-09-10 17:03:34,0.0,0.0
2025-09-10 17:03:34,0.0,0.0
2025-09-10 17:03:39,0.0,2.0
2025-09-10 17:03:39,11.1,22.8
2025-09-10 17:03:39,11.2,22.4
2025-09-10 17:03:39,38.1,31.6
2025-09-10 17:03:39,38.2,29.4
2025-09-10 17:03:39,96.1,124.0
2025-09-10 17:03:39,96.2,91.6
2025-09-10 17:03:39,307.1,26.2
2025-09-10 17:03:39,307.2,0.0
2025-09-10 17:03:39,52.1,29.2
2025-09-10 17:03:39,52.2,0.0
2025-09-10 17:03:39,102.1,26.0
2025-09-10 17:03:39,102.2,0.0
2025-09-10 17:03:39,124.2,0.0
2025-09-10 17:03:39,124.1,18.8
2025-09-10 17:03:39,48.2,10.4
2025-09-10 17:03:39,48.1,26.0
2025-09-10 17:03:39,75.2,0.0
2025-09-10 17:03:39,75.1,4.0
2025-09-10 17:03:39,109.2,24.4
2025-09-10 17:03:39,109.1,25.4
2025-09-10 17:03:39,123.2,6.6
2025-09-10 17:03:39,123.1,12.4
2025-09-10 17:03:39,26.1,11.8
2025-09-10 17:03:39,26.2,6.4
2025-09-10 17:03:39,66.1,9.6
2025-09-10 17:03:39,66.2,2.8
2025-09-10 17:03:39,10.1,12.2
2025-09-10 17:03:39,10.2,10.2
2025-09-10 17:03:39,58.1,0.0
2025-09-10 17:03:39,58.2,0.0
2025-09-10 17:03:39,306.1,10.2
2025-09-10 17:03:39,306.2,7.0
2025-09-10 17:03:39,9.1,6.2
2025-09-10 17:03:39,9.2,0.0
2025-09-10 17:03:39,57.1,12.6
2025-09-10 17:03:39,57.2,2.8
2025-09-10 17:03:39,79.1,9.0
2025-09-10 17:03:39,79.2,12.8
2025-09-10 17:03:39,116.1,0.0
2025-09-10 17:03:39,116.2,11.6
2025-09-10 17:03:39,13.1,0.0
2025-09-10 17:03:39,13.2,0.0
2025-09-10 17:03:39,76.1,13.4
2025-09-10 17:03:39,76.2,6.4
2025-09-10 17:03:39,17.1,11.4
2025-09-10 17:03:39,17.2,10.6
2025-09-10 17:03:39,125.1,9.4
2025-09-10 17:03:39,125.2,4.8
2025-09-10 17:03:39,0.0,0.0
2025-09-10 17:03:39,0.0,0.0
2025-09-10 17:03:39,104.1,0.0
2025-09-10 17:03:39,104.2,0.0
2025-09-10 17:03:39,119.1,0.0
2025-09-10 17:03:39,119.2,0.0
2025-09-10 17:03:39,64.1,0.0
2025-09-10 17:03:39,64.2,0.0
2025-09-10 17:03:39,29.1,0.0
2025-09-10 17:03:39,29.2,0.0
2025-09-10 17:03:39,53.1,0.0
2025-09-10 17:03:39,53.2,0.0
2025-09-10 17:03:39,77.1,0.0
2025-09-10 17:03:39,77.2,0.0
2025-09-10 17:03:39,37.1,0.0
2025-09-10 17:03:39,37.2,0.0
2025-09-10 17:03:39,70.1,8.2
2025-09-10 17:03:39,70.2,0.0
2025-09-10 17:03:39,28.1,8.0
2025-09-10 17:03:39,28.2,13.4
2025-09-10 17:03:39,0.1,0.0
2025-09-10 17:03:39,0.2,0.0
2025-09-10 17:03:39,25.1,0.0
2025-09-10 17:03:39,25.2,0.0
2025-09-10 17:03:39,301.1,6.2
2025-09-10 17:03:39,301.2,12.8
2025-09-10 17:03:39,304.1,11.6
2025-09-10 17:03:39,304.2,6.2
2025-09-10 17:03:39,22.1,268.2
2025-09-10 17:03:39,22.2,8.8
2025-09-10 17:03:39,4.1,12.6
2025-09-10 17:03:39,4.2,11.8
2025-09-10 17:03:39,12.1,8.0
2025-09-10 17:03:39,12.2,7.4
2025-09-10 17:03:39,99.1,13.2
2025-09-10 17:03:39,99.2,2.6
2025-09-10 17:03:39,56.1,9.6
2025-09-10 17:03:39,56.2,13.2
2025-09-10 17:03:39,122.1,6.8
2025-09-10 17:03:39,122.2,11.0
2025-09-10 17:03:39,55.1,12.8
2025-09-10 17:03:39,55.2,2.2
2025-09-10 17:03:39,83.1,4.0
2025-09-10 17:03:39,83.2,8.6
2025-09-10 17:03:39,97.1,1.6
2025-09-10 17:03:39,97.2,9.6
2025-09-10 17:03:39,84.1,13.0
2025-09-10 17:03:39,84.2,6.2
2025-09-10 17:03:39,305.1,11.0
2025-09-10 17:03:39,305.2,10.8
2025-09-10 17:03:39,2.1,10.0
2025-09-10 17:03:39,2.2,16.2
2025-09-10 17:03:39,45.1,10.4
2025-09-10 17:03:39,45.2,5.8
2025-09-10 17:03:39,0.0,0.0
2025-09-10 17:03:39,0.0,0.0
2025-09-10 17:03:39,0.0,0.0
2025-09-10 17:03:39,0.0,0.0
2025-09-10 17:03:39,0.0,0.0
2025-09-10 17:03:39,0.0,0.0
2025-09-10 17:03:39,0.0,0.0
2025-09-10 17:03:39,0.0,0.0
2025-09-10 17:03:39,0.0,0.0
2025-09-10 17:03:39,0.0,0.0
2025-09-10 17:03:39,0.0,0.0
2025-09-10 17:03:39,0.0,0.0
2025-09-10 17:03:39,0.0,0.0
2025-09-10 17:03:39,0.0,0.0
2025-09-10 17:03:39,0.0,0.0
2025-09-10 17:03:39,0.0,0.0
2025-09-10 17:03:39,0.0,0.0
2025-09-10 17:03:39,0.0,0.0
2025-09-10 17:03:39,0.0,0.0
2025-09-10 17:03:39,0.0,0.0
2025-09-10 17:03:39,0.0,0.0
2025-09-10 17:03:39,0.0,0.0
2025-09-10 17:03:39,0.0,0.0
2025-09-10 17:03:39,0.0,0.0
2025-09-10 17:03:39,0.0,0.0
2025-09-10 17:03:39,0.0,0.0
2025-09-10 17:03:39,0.0,0.0
2025-09-10 17:03:39,0.0,0.0
2025-09-10 17:03:44,0.0,2.0
2025-09-10 17:03:44,11.1,22.6
2025-09-10 17:03:44,11.2,24.2
2025-09-10 17:03:44,38.1,33.0
2025-09-10 17:03:44,38.2,31.0
2025-09-10 17:03:44,96.1,127.4
2025-09-10 17:03:44,96.2,94.0
2025-09-10 17:03:44,307.1,26.2
2025-09-10 17:03:44,307.2,0.0
2025-09-10 17:03:44,52.1,32.2
2025-09-10 17:03:44,52.2,0.0
2025-09-10 17:03:44,102.1,27.2
2025-09-10 17:03:44,102.2,0.0
2025-09-10 17:03:44,124.2,0.0
2025-09-10 17:03:44,124.1,21.0
2025-09-10 17:03:44,48.2,8.8
2025-09-10 17:03:44,48.1,23.4
2025-09-10 17:03:44,75.2,0.0
2025-09-10 17:03:44,75.1,5.6
2025-09-10 17:03:44,109.2,28.6
2025-09-10 17:03:44,109.1,24.2
2025-09-10 17:03:44,123.2,10.0
2025-09-10 17:03:44,123.1,11.4
2025-09-10 17:03:44,26.1,10.6
2025-09-10 17:03:44,26.2,7.2
2025-09-10 17:03:44,66.1,12.0
2025-09-10 17:03:44,66.2,6.2
2025-09-10 17:03:44,10.1,14.4
2025-09-10 17:03:44,10.2,8.6
2025-09-10 17:03:44,58.1,0.0
2025-09-10 17:03:44,58.2,0.0
2025-09-10 17:03:44,306.1,11.4
2025-09-10 17:03:44,306.2,5.8
2025-09-10 17:03:44,9.1,7.0
2025-09-10 17:03:44,9.2,0.0
2025-09-10 17:03:44,57.1,9.0
2025-09-10 17:03:44,57.2,4.2
2025-09-10 17:03:44,79.1,11.0
2025-09-10 17:03:44,79.2,11.2
2025-09-10 17:03:44,116.1,0.0
2025-09-10 17:03:44,116.2,13.2
2025-09-10 17:03:44,13.1,0.0
2025-09-10 17:03:44,13.2,0.0
2025-09-10 17:03:44,76.1,13.2
2025-09-10 17:03:44,76.2,7.6
2025-09-10 17:03:44,17.1,11.6
2025-09-10 17:03:44,17.2,9.6
2025-09-10 17:03:44,125.1,11.0
2025-09-10 17:03:44,125.2,4.8
2025-09-10 17:03:44,0.0,0.0
2025-09-10 17:03:44,0.0,0.0
2025-09-10 17:03:44,104.1,0.0
2025-09-10 17:03:44,104.2,0.0
2025-09-10 17:03:44,119.1,0.0
2025-09-10 17:03:44,119.2,0.0
2025-09-10 17:03:44,64.1,0.0
2025-09-10 17:03:44,64.2,0.0
2025-09-10 17:03:44,29.1,0.0
2025-09-10 17:03:44,29.2,0.0
2025-09-10 17:03:44,53.1,0.0
2025-09-10 17:03:44,53.2,0.0
2025-09-10 17:03:44,77.1,0.0
2025-09-10 17:03:44,77.2,0.0
2025-09-10 17:03:44,37.1,0.0
2025-09-10 17:03:44,37.2,0.0
2025-09-10 17:03:44,70.1,8.2
2025-09-10 17:03:44,70.2,0.0
2025-09-10 17:03:44,28.1,5.8
2025-09-10 17:03:44,28.2,9.8
2025-09-10 17:03:44,0.1,0.0
2025-09-10 17:03:44,0.2,0.0
2025-09-10 17:03:44,25.1,0.0
2025-09-10 17:03:44,25.2,0.0
2025-09-10 17:03:44,301.1,8.4
2025-09-10 17:03:44,301.2,13.2
2025-09-10 17:03:44,304.1,12.2
2025-09-10 17:03:44,304.2,8.0
2025-09-10 17:03:44,22.1,245.4
2025-09-10 17:03:44,22.2,8.0
2025-09-10 17:03:44,4.1,9.4
2025-09-10 17:03:44,4.2,11.6
2025-09-10 17:03:44,12.1,10.8
2025-09-10 17:03:44,12.2,5.6
2025-09-10 17:03:44,99.1,12.2
2025-09-10 17:03:44,99.2,2.6
2025-09-10 17:03:44,56.1,9.4
2025-09-10 17:03:44,56.2,14.2
2025-09-10 17:03:44,122.1,5.8
2025-09-10 17:03:44,122.2,10.8
2025-09-10 17:03:44,55.1,12.8
2025-09-10 17:03:44,55.2,1.4
2025-09-10 17:03:44,83.1,2.2
2025-09-10 17:03:44,83.2,10.4
2025-09-10 17:03:44,97.1,1.4
2025-09-10 17:03:44,97.2,15.0
2025-09-10 17:03:44,84.1,12.2
2025-09-10 17:03:44,84.2,4.0
2025-09-10 17:03:44,305.1,10.0
2025-09-10 17:03:44,305.2,11.0
2025-09-10 17:03:44,2.1,9.4
2025-09-10 17:03:44,2.2,10.4
2025-09-10 17:03:44,45.1,12.8
2025-09-10 17:03:44,45.2,5.0
2025-09-10 17:03:44,0.0,0.0
2025-09-10 17:03:44,0.0,0.0
2025-09-10 17:03:44,0.0,0.0
2025-09-10 17:03:44,0.0,0.0
2025-09-10 17:03:44,0.0,0.0
2025-09-10 17:03:44,0.0,0.0
2025-09-10 17:03:44,0.0,0.0
2025-09-10 17:03:44,0.0,0.0
2025-09-10 17:03:44,0.0,0.0
2025-09-10 17:03:44,0.0,0.0
2025-09-10 17:03:44,0.0,0.0
2025-09-10 17:03:44,0.0,0.0
2025-09-10 17:03:44,0.0,0.0
2025-09-10 17:03:44,0.0,0.0
2025-09-10 17:03:44,0.0,0.0
2025-09-10 17:03:44,0.0,0.0
2025-09-10 17:03:44,0.0,0.0
2025-09-10 17:03:44,0.0,0.0
2025-09-10 17:03:44,0.0,0.0
2025-09-10 17:03:44,0.0,0.0
2025-09-10 17:03:44,0.0,0.0
2025-09-10 17:03:44,0.0,0.0
2025-09-10 17:03:44,0.0,0.0
2025-09-10 17:03:44,0.0,0.0
2025-09-10 17:03:44,0.0,0.0
2025-09-10 17:03:44,0.0,0.0
2025-09-10 17:03:44,0.0,0.0
2025-09-10 17:03:44,0.0,0.0
2025-09-10 17:03:49,0.0,2.0
2025-09-10 17:03:49,11.1,21.0
2025-09-10 17:03:49,11.2,25.0
2025-09-10 17:03:49,38.1,34.0
2025-09-10 17:03:49,38.2,35.2
2025-09-10 17:03:49,96.1,115.8
2025-09-10 17:03:49,96.2,98.2
2025-09-10 17:03:49,307.1,31.6
2025-09-10 17:03:49,307.2,0.0
2025-09-10 17:03:49,52.1,33.0
2025-09-10 17:03:49,52.2,0.0
2025-09-10 17:03:49,102.1,30.0
2025-09-10 17:03:49,102.2,0.0
2025-09-10 17:03:49,124.2,0.0
2025-09-10 17:03:49,124.1,25.2
2025-09-10 17:03:49,48.2,9.8
2025-09-10 17:03:49,48.1,22.8
2025-09-10 17:03:49,75.2,0.0
2025-09-10 17:03:49,75.1,5.4
2025-09-10 17:03:49,109.2,20.2
2025-09-10 17:03:49,109.1,23.4
2025-09-10 17:03:49,123.2,9.4
2025-09-10 17:03:49,123.1,12.4
2025-09-10 17:03:49,26.1,14.0
2025-09-10 17:03:49,26.2,7.4
2025-09-10 17:03:49,66.1,10.2
2025-09-10 17:03:49,66.2,3.8
2025-09-10 17:03:49,10.1,11.6
2025-09-10 17:03:49,10.2,11.0
2025-09-10 17:03:49,58.1,0.0
2025-09-10 17:03:49,58.2,0.0
2025-09-10 17:03:49,306.1,8.2
2025-09-10 17:03:49,306.2,4.4
2025-09-10 17:03:49,9.1,7.4
2025-09-10 17:03:49,9.2,0.0
2025-09-10 17:03:49,57.1,12.2
2025-09-10 17:03:49,57.2,5.0
2025-09-10 17:03:49,79.1,10.8
2025-09-10 17:03:49,79.2,11.4
2025-09-10 17:03:49,116.1,0.0
2025-09-10 17:03:49,116.2,11.8
2025-09-10 17:03:49,13.1,0.0
2025-09-10 17:03:49,13.2,0.0
2025-09-10 17:03:49,76.1,10.4
2025-09-10 17:03:49,76.2,8.4
2025-09-10 17:03:49,17.1,12.6
2025-09-10 17:03:49,17.2,8.2
2025-09-10 17:03:49,125.1,12.0
2025-09-10 17:03:49,125.2,5.2
2025-09-10 17:03:49,0.0,0.0
2025-09-10 17:03:49,0.0,0.0
2025-09-10 17:03:49,104.1,0.0
2025-09-10 17:03:49,104.2,0.0
2025-09-10 17:03:49,119.1,0.0
2025-09-10 17:03:49,119.2,0.0
2025-09-10 17:03:49,64.1,0.0
2025-09-10 17:03:49,64.2,0.0
2025-09-10 17:03:49,29.1,0.0
2025-09-10 17:03:49,29.2,0.0
2025-09-10 17:03:49,53.1,0.0
2025-09-10 17:03:49,53.2,0.0
2025-09-10 17:03:49,77.1,0.0
2025-09-10 17:03:49,77.2,0.0
2025-09-10 17:03:49,37.1,0.0
2025-09-10 17:03:49,37.2,0.0
2025-09-10 17:03:49,70.1,10.0
2025-09-10 17:03:49,70.2,0.0
2025-09-10 17:03:49,28.1,9.4
2025-09-10 17:03:49,28.2,13.0
2025-09-10 17:03:49,0.1,0.0
2025-09-10 17:03:49,0.2,0.0
2025-09-10 17:03:49,25.1,0.0
2025-09-10 17:03:49,25.2,0.0
2025-09-10 17:03:49,301.1,4.4
2025-09-10 17:03:49,301.2,15.8
2025-09-10 17:03:49,304.1,12.0
2025-09-10 17:03:49,304.2,5.2
2025-09-10 17:03:49,22.1,188.8
2025-09-10 17:03:49,22.2,6.2
2025-09-10 17:03:49,4.1,8.4
2025-09-10 17:03:49,4.2,11.6
2025-09-10 17:03:49,12.1,7.8
2025-09-10 17:03:49,12.2,5.8
2025-09-10 17:03:49,99.1,13.0
2025-09-10 17:03:49,99.2,3.6
2025-09-10 17:03:49,56.1,9.6
2025-09-10 17:03:49,56.2,13.2
2025-09-10 17:03:49,122.1,8.0
2025-09-10 17:03:49,122.2,8.0
2025-09-10 17:03:49,55.1,13.2
2025-09-10 17:03:49,55.2,2.8
2025-09-10 17:03:49,83.1,2.4
2025-09-10 17:03:49,83.2,8.0
2025-09-10 17:03:49,97.1,1.2
2025-09-10 17:03:49,97.2,12.6
2025-09-10 17:03:49,84.1,16.2
2025-09-10 17:03:49,84.2,6.0
2025-09-10 17:03:49,305.1,11.0
2025-09-10 17:03:49,305.2,11.4
2025-09-10 17:03:49,2.1,9.6
2025-09-10 17:03:49,2.2,12.8
2025-09-10 17:03:49,45.1,10.2
2025-09-10 17:03:49,45.2,4.8
2025-09-10 17:03:49,0.0,0.0
2025-09-10 17:03:49,0.0,0.0
2025-09-10 17:03:49,0.0,0.0
2025-09-10 17:03:49,0.0,0.0
2025-09-10 17:03:49,0.0,0.0
2025-09-10 17:03:49,0.0,0.0
2025-09-10 17:03:49,0.0,0.0
2025-09-10 17:03:49,0.0,0.0
2025-09-10 17:03:49,0.0,0.0
2025-09-10 17:03:49,0.0,0.0
2025-09-10 17:03:49,0.0,0.0
2025-09-10 17:03:49,0.0,0.0
2025-09-10 17:03:49,0.0,0.0
2025-09-10 17:03:49,0.0,0.0
2025-09-10 17:03:49,0.0,0.0
2025-09-10 17:03:49,0.0,0.0
2025-09-10 17:03:49,0.0,0.0
2025-09-10 17:03:49,0.0,0.0
2025-09-10 17:03:49,0.0,0.0
2025-09-10 17:03:49,0.0,0.0
2025-09-10 17:03:49,0.0,0.0
2025-09-10 17:03:49,0.0,0.0
2025-09-10 17:03:49,0.0,0.0
2025-09-10 17:03:49,0.0,0.0
2025-09-10 17:03:49,0.0,0.0
2025-09-10 17:03:49,0.0,0.0
2025-09-10 17:03:49,0.0,0.0
2025-09-10 17:03:49,0.0,0.0
2025-09-10 17:03:54,0.0,2.0
2025-09-10 17:03:54,11.1,17.4
2025-09-10 17:03:54,11.2,29.4
2025-09-10 17:03:54,38.1,31.6
2025-09-10 17:03:54,38.2,28.0
2025-09-10 17:03:54,96.1,125.0
2025-09-10 17:03:54,96.2,87.8
2025-09-10 17:03:54,307.1,32.0
2025-09-10 17:03:54,307.2,0.0
2025-09-10 17:03:54,52.1,28.2
2025-09-10 17:03:54,52.2,0.0
2025-09-10 17:03:54,102.1,27.6
2025-09-10 17:03:54,102.2,0.0
2025-09-10 17:03:54,124.2,0.0
2025-09-10 17:03:54,124.1,24.6
2025-09-10 17:03:54,48.2,9.6
2025-09-10 17:03:54,48.1,27.2
2025-09-10 17:03:54,75.2,0.0
2025-09-10 17:03:54,75.1,5.2
2025-09-10 17:03:54,109.2,25.4
2025-09-10 17:03:54,109.1,20.8
2025-09-10 17:03:54,123.2,9.0
2025-09-10 17:03:54,123.1,13.6
2025-09-10 17:03:54,26.1,11.8
2025-09-10 17:03:54,26.2,8.8
2025-09-10 17:03:54,66.1,11.4
2025-09-10 17:03:54,66.2,4.4
2025-09-10 17:03:54,10.1,11.0
2025-09-10 17:03:54,10.2,10.4
2025-09-10 17:03:54,58.1,0.0
2025-09-10 17:03:54,58.2,0.0
2025-09-10 17:03:54,306.1,10.6
2025-09-10 17:03:54,306.2,8.0
2025-09-10 17:03:54,9.1,5.4
2025-09-10 17:03:54,9.2,0.0
2025-09-10 17:03:54,57.1,10.4
2025-09-10 17:03:54,57.2,4.4
2025-09-10 17:03:54,79.1,11.0
2025-09-10 17:03:54,79.2,15.4
2025-09-10 17:03:54,116.1,0.0
2025-09-10 17:03:54,116.2,8.6
2025-09-10 17:03:54,13.1,0.0
2025-09-10 17:03:54,13.2,0.0
2025-09-10 17:03:54,76.1,13.2
2025-09-10 17:03:54,76.2,9.0
2025-09-10 17:03:54,17.1,9.8
2025-09-10 17:03:54,17.2,8.4
2025-09-10 17:03:54,125.1,10.6
2025-09-10 17:03:54,125.2,1.8
2025-09-10 17:03:54,0.0,0.0
2025-09-10 17:03:54,0.0,0.0
2025-09-10 17:03:54,104.1,0.0
2025-09-10 17:03:54,104.2,0.0
2025-09-10 17:03:54,119.1,0.0
2025-09-10 17:03:54,119.2,0.0
2025-09-10 17:03:54,64.1,0.0
2025-09-10 17:03:54,64.2,0.0
2025-09-10 17:03:54,29.1,0.0
2025-09-10 17:03:54,29.2,0.0
2025-09-10 17:03:54,53.1,0.0
2025-09-10 17:03:54,53.2,0.0
2025-09-10 17:03:54,77.1,0.0
2025-09-10 17:03:54,77.2,0.0
2025-09-10 17:03:54,37.1,0.0
2025-09-10 17:03:54,37.2,0.0
2025-09-10 17:03:54,70.1,12.4
2025-09-10 17:03:54,70.2,0.0
2025-09-10 17:03:54,28.1,7.0
2025-09-10 17:03:54,28.2,13.4
2025-09-10 17:03:54,0.1,0.0
2025-09-10 17:03:54,0.2,0.0
2025-09-10 17:03:54,25.1,0.0
2025-09-10 17:03:54,25.2,0.0
2025-09-10 17:03:54,301.1,7.8
2025-09-10 17:03:54,301.2,13.0
2025-09-10 17:03:54,304.1,11.6
2025-09-10 17:03:54,304.2,8.8
2025-09-10 17:03:54,22.1,200.6
2025-09-10 17:03:54,22.2,6.6
2025-09-10 17:03:54,4.1,8.2
2025-09-10 17:03:54,4.2,11.4
2025-09-10 17:03:54,12.1,11.2
2025-09-10 17:03:54,12.2,9.0
2025-09-10 17:03:54,99.1,14.2
2025-09-10 17:03:54,99.2,4.6
2025-09-10 17:03:54,56.1,8.6
2025-09-10 17:03:54,56.2,14.0
2025-09-10 17:03:54,122.1,6.2
2025-09-10 17:03:54,122.2,10.2
2025-09-10 17:03:54,55.1,11.2
2025-09-10 17:03:54,55.2,1.0
2025-09-10 17:03:54,83.1,1.8
2025-09-10 17:03:54,83.2,8.2
2025-09-10 17:03:54,97.1,0.2
2025-09-10 17:03:54,97.2,11.6
2025-09-10 17:03:54,84.1,12.0
2025-09-10 17:03:54,84.2,3.4
2025-09-10 17:03:54,305.1,11.4
2025-09-10 17:03:54,305.2,12.0
2025-09-10 17:03:54,2.1,9.8
2025-09-10 17:03:54,2.2,14.4
2025-09-10 17:03:54,45.1,13.0
2025-09-10 17:03:54,45.2,5.2
2025-09-10 17:03:54,0.0,0.0
2025-09-10 17:03:54,0.0,0.0
2025-09-10 17:03:54,0.0,0.0
2025-09-10 17:03:54,0.0,0.0
2025-09-10 17:03:54,0.0,0.0
2025-09-10 17:03:54,0.0,0.0
2025-09-10 17:03:54,0.0,0.0
2025-09-10 17:03:54,0.0,0.0
2025-09-10 17:03:54,0.0,0.0
2025-09-10 17:03:54,0.0,0.0
2025-09-10 17:03:54,0.0,0.0
2025-09-10 17:03:54,0.0,0.0
2025-09-10 17:03:54,0.0,0.0
2025-09-10 17:03:54,0.0,0.0
2025-09-10 17:03:54,0.0,0.0
2025-09-10 17:03:54,0.0,0.0
2025-09-10 17:03:54,0.0,0.0
2025-09-10 17:03:54,0.0,0.0
2025-09-10 17:03:54,0.0,0.0
2025-09-10 17:03:54,0.0,0.0
2025-09-10 17:03:54,0.0,0.0
2025-09-10 17:03:54,0.0,0.0
2025-09-10 17:03:54,0.0,0.0
2025-09-10 17:03:54,0.0,0.0
2025-09-10 17:03:54,0.0,0.0
2025-09-10 17:03:54,0.0,0.0
2025-09-10 17:03:54,0.0,0.0
2025-09-10 17:03:54,0.0,0.0
2025-09-10 17:03:59,0.0,2.0
2025-09-10 17:03:59,11.1,22.2
2025-09-10 17:03:59,11.2,26.8
2025-09-10 17:03:59,38.1,29.6
2025-09-10 17:03:59,38.2,32.2
2025-09-10 17:03:59,96.1,126.2
2025-09-10 17:03:59,96.2,96.2
2025-09-10 17:03:59,307.1,26.4
2025-09-10 17:03:59,307.2,0.0
2025-09-10 17:03:59,52.1,32.8
2025-09-10 17:03:59,52.2,0.0
2025-09-10 17:03:59,102.1,26.0
2025-09-10 17:03:59,102.2,0.0
2025-09-10 17:03:59,124.2,0.0
2025-09-10 17:03:59,124.1,19.4
2025-09-10 17:03:59,48.2,9.4
2025-09-10 17:03:59,48.1,26.6
2025-09-10 17:03:59,75.2,0.0
2025-09-10 17:03:59,75.1,5.6
2025-09-10 17:03:59,109.2,24.6
2025-09-10 17:03:59,109.1,25.2
2025-09-10 17:03:59,123.2,7.8
2025-09-10 17:03:59,123.1,12.0
2025-09-10 17:03:59,26.1,9.4
2025-09-10 17:03:59,26.2,7.4
2025-09-10 17:03:59,66.1,10.6
2025-09-10 17:03:59,66.2,3.4
2025-09-10 17:03:59,10.1,10.2
2025-09-10 17:03:59,10.2,9.2
2025-09-10 17:03:59,58.1,0.0
2025-09-10 17:03:59,58.2,0.0
2025-09-10 17:03:59,306.1,9.4
2025-09-10 17:03:59,306.2,6.6
2025-09-10 17:03:59,9.1,4.4
2025-09-10 17:03:59,9.2,0.0
2025-09-10 17:03:59,57.1,10.2
2025-09-10 17:03:59,57.2,2.8
2025-09-10 17:03:59,79.1,9.0
2025-09-10 17:03:59,79.2,15.4
2025-09-10 17:03:59,116.1,0.0
2025-09-10 17:03:59,116.2,14.0
2025-09-10 17:03:59,13.1,0.0
2025-09-10 17:03:59,13.2,0.0
2025-09-10 17:03:59,76.1,9.8
2025-09-10 17:03:59,76.2,6.8
2025-09-10 17:03:59,17.1,11.4
2025-09-10 17:03:59,17.2,12.2
2025-09-10 17:03:59,125.1,7.2
2025-09-10 17:03:59,125.2,1.8
2025-09-10 17:03:59,0.0,0.0
2025-09-10 17:03:59,0.0,0.0
2025-09-10 17:03:59,104.1,0.0
2025-09-10 17:03:59,104.2,0.0
2025-09-10 17:03:59,119.1,0.0
2025-09-10 17:03:59,119.2,0.0
2025-09-10 17:03:59,64.1,0.0
2025-09-10 17:03:59,64.2,0.0
2025-09-10 17:03:59,29.1,0.0
2025-09-10 17:03:59,29.2,0.0
2025-09-10 17:03:59,53.1,0.0
2025-09-10 17:03:59,53.2,0.0
2025-09-10 17:03:59,77.1,0.0
2025-09-10 17:03:59,77.2,0.0
2025-09-10 17:03:59,37.1,0.0
2025-09-10 17:03:59,37.2,0.0
2025-09-10 17:03:59,70.1,7.8
2025-09-10 17:03:59,70.2,0.0
2025-09-10 17:03:59,28.1,7.6
2025-09-10 17:03:59,28.2,11.4
2025-09-10 17:03:59,0.1,0.0
2025-09-10 17:03:59,0.2,0.0
2025-09-10 17:03:59,25.1,0.0
2025-09-10 17:03:59,25.2,0.0
2025-09-10 17:03:59,301.1,5.0
2025-09-10 17:03:59,301.2,15.2
2025-09-10 17:03:59,304.1,11.0
2025-09-10 17:03:59,304.2,8.8
2025-09-10 17:03:59,22.1,256.0
2025-09-10 17:03:59,22.2,8.4
2025-09-10 17:03:59,4.1,9.4
2025-09-10 17:03:59,4.2,9.6
2025-09-10 17:03:59,12.1,10.6
2025-09-10 17:03:59,12.2,5.2
2025-09-10 17:03:59,99.1,12.6
2025-09-10 17:03:59,99.2,3.8
2025-09-10 17:03:59,56.1,8.4
2025-09-10 17:03:59,56.2,11.8
2025-09-10 17:03:59,122.1,6.4
2025-09-10 17:03:59,122.2,11.0
2025-09-10 17:03:59,55.1,13.2
2025-09-10 17:03:59,55.2,1.4
2025-09-10 17:03:59,83.1,2.4
2025-09-10 17:03:59,83.2,8.2
2025-09-10 17:03:59,97.1,1.2
2025-09-10 17:03:59,97.2,10.6
2025-09-10 17:03:59,84.1,12.0
2025-09-10 17:03:59,84.2,4.2
2025-09-10 17:03:59,305.1,12.8
2025-09-10 17:03:59,305.2,8.8
2025-09-10 17:03:59,2.1,9.4
2025-09-10 17:03:59,2.2,15.4
2025-09-10 17:03:59,45.1,13.0
2025-09-10 17:03:59,45.2,5.0
2025-09-10 17:03:59,0.0,0.0
2025-09-10 17:03:59,0.0,0.0
2025-09-10 17:03:59,0.0,0.0
2025-09-10 17:03:59,0.0,0.0
2025-09-10 17:03:59,0.0,0.0
2025-09-10 17:03:59,0.0,0.0
2025-09-10 17:03:59,0.0,0.0
2025-09-10 17:03:59,0.0,0.0
2025-09-10 17:03:59,0.0,0.0
2025-09-10 17:03:59,0.0,0.0
2025-09-10 17:03:59,0.0,0.0
2025-09-10 17:03:59,0.0,0.0
2025-09-10 17:03:59,0.0,0.0
2025-09-10 17:03:59,0.0,0.0
2025-09-10 17:03:59,0.0,0.0
2025-09-10 17:03:59,0.0,0.0
2025-09-10 17:03:59,0.0,0.0
2025-09-10 17:03:59,0.0,0.0
2025-09-10 17:03:59,0.0,0.0
2025-09-10 17:03:59,0.0,0.0
2025-09-10 17:03:59,0.0,0.0
2025-09-10 17:03:59,0.0,0.0
2025-09-10 17:03:59,0.0,0.0
2025-09-10 17:03:59,0.0,0.0
2025-09-10 17:03:59,0.0,0.0
2025-09-10 17:03:59,0.0,0.0
2025-09-10 17:03:59,0.0,0.0
2025-09-10 17:03:59,0.0,0.0
2025-09-10 17:04:04,0.0,2.0
2025-09-10 17:04:04,11.1,18.4
2025-09-10 17:04:04,11.2,28.8
2025-09-10 17:04:04,38.1,29.2
2025-09-10 17:04:04,38.2,31.8
2025-09-10 17:04:04,96.1,124.2
2025-09-10 17:04:04,96.2,85.8
2025-09-10 17:04:04,307.1,27.8
2025-09-10 17:04:04,307.2,0.0
2025-09-10 17:04:04,52.1,30.0
2025-09-10 17:04:04,52.2,0.0
2025-09-10 17:04:04,102.1,22.4
2025-09-10 17:04:04,102.2,0.0
2025-09-10 17:04:04,124.2,0.0
2025-09-10 17:04:04,124.1,24.8
2025-09-10 17:04:04,48.2,7.4
2025-09-10 17:04:04,48.1,27.8
2025-09-10 17:04:04,75.2,0.0
2025-09-10 17:04:04,75.1,5.2
2025-09-10 17:04:04,109.2,19.4
2025-09-10 17:04:04,109.1,20.4
2025-09-10 17:04:04,123.2,6.8
2025-09-10 17:04:04,123.1,12.2
2025-09-10 17:04:04,26.1,10.8
2025-09-10 17:04:04,26.2,8.0
2025-09-10 17:04:04,66.1,12.8
2025-09-10 17:04:04,66.2,4.6
2025-09-10 17:04:04,10.1,11.0
2025-09-10 17:04:04,10.2,9.2
2025-09-10 17:04:04,58.1,0.0
2025-09-10 17:04:04,58.2,0.0
2025-09-10 17:04:04,306.1,9.0
2025-09-10 17:04:04,306.2,6.6
2025-09-10 17:04:04,9.1,6.0
2025-09-10 17:04:04,9.2,0.0
2025-09-10 17:04:04,57.1,11.4
2025-09-10 17:04:04,57.2,3.4
2025-09-10 17:04:04,79.1,8.2
2025-09-10 17:04:04,79.2,14.6
2025-09-10 17:04:04,116.1,0.0
2025-09-10 17:04:04,116.2,11.2
2025-09-10 17:04:04,13.1,0.0
2025-09-10 17:04:04,13.2,0.0
2025-09-10 17:04:04,76.1,15.6
2025-09-10 17:04:04,76.2,7.4
2025-09-10 17:04:04,17.1,9.2
2025-09-10 17:04:04,17.2,8.8
2025-09-10 17:04:04,125.1,11.8
2025-09-10 17:04:04,125.2,5.0
2025-09-10 17:04:04,0.0,0.0
2025-09-10 17:04:04,0.0,0.0
2025-09-10 17:04:04,104.1,0.0
2025-09-10 17:04:04,104.2,0.0
2025-09-10 17:04:04,119.1,0.0
2025-09-10 17:04:04,119.2,0.0
2025-09-10 17:04:04,64.1,0.0
2025-09-10 17:04:04,64.2,0.0
2025-09-10 17:04:04,29.1,0.0
2025-09-10 17:04:04,29.2,0.0
2025-09-10 17:04:04,53.1,0.0
2025-09-10 17:04:04,53.2,0.0
2025-09-10 17:04:04,77.1,0.0
2025-09-10 17:04:04,77.2,0.0
2025-09-10 17:04:04,37.1,0.0
2025-09-10 17:04:04,37.2,0.0
2025-09-10 17:04:04,70.1,6.4
2025-09-10 17:04:04,70.2,0.0
2025-09-10 17:04:04,28.1,5.8
2025-09-10 17:04:04,28.2,10.6
2025-09-10 17:04:04,0.1,0.0
2025-09-10 17:04:04,0.2,0.0
2025-09-10 17:04:04,25.1,0.0
2025-09-10 17:04:04,25.2,0.0
2025-09-10 17:04:04,301.1,7.0
2025-09-10 17:04:04,301.2,15.8
2025-09-10 17:04:04,304.1,13.8
2025-09-10 17:04:04,304.2,7.2
2025-09-10 17:04:04,22.1,243.0
2025-09-10 17:04:04,22.2,8.0
2025-09-10 17:04:04,4.1,11.4
2025-09-10 17:04:04,4.2,12.0
2025-09-10 17:04:04,12.1,13.8
2025-09-10 17:04:04,12.2,8.6
2025-09-10 17:04:04,99.1,12.0
2025-09-10 17:04:04,99.2,3.8
2025-09-10 17:04:04,56.1,10.6
2025-09-10 17:04:04,56.2,13.0
2025-09-10 17:04:04,122.1,5.8
2025-09-10 17:04:04,122.2,7.4
2025-09-10 17:04:04,55.1,14.8
2025-09-10 17:04:04,55.2,0.4
2025-09-10 17:04:04,83.1,1.8
2025-09-10 17:04:04,83.2,5.4
2025-09-10 17:04:04,97.1,0.2
2025-09-10 17:04:04,97.2,11.2
2025-09-10 17:04:04,84.1,11.8
2025-09-10 17:04:04,84.2,4.0
2025-09-10 17:04:04,305.1,11.8
2025-09-10 17:04:04,305.2,9.6
2025-09-10 17:04:04,2.1,11.0
2025-09-10 17:04:04,2.2,14.0
2025-09-10 17:04:04,45.1,10.8
2025-09-10 17:04:04,45.2,4.2
2025-09-10 17:04:04,0.0,0.0
2025-09-10 17:04:04,0.0,0.0
2025-09-10 17:04:04,0.0,0.0
2025-09-10 17:04:04,0.0,0.0
2025-09-10 17:04:04,0.0,0.0
2025-09-10 17:04:04,0.0,0.0
2025-09-10 17:04:04,0.0,0.0
2025-09-10 17:04:04,0.0,0.0
2025-09-10 17:04:04,0.0,0.0
2025-09-10 17:04:04,0.0,0.0
2025-09-10 17:04:04,0.0,0.0
2025-09-10 17:04:04,0.0,0.0
2025-09-10 17:04:04,0.0,0.0
2025-09-10 17:04:04,0.0,0.0
2025-09-10 17:04:04,0.0,0.0
2025-09-10 17:04:04,0.0,0.0
2025-09-10 17:04:04,0.0,0.0
2025-09-10 17:04:04,0.0,0.0
2025-09-10 17:04:04,0.0,0.0
2025-09-10 17:04:04,0.0,0.0
2025-09-10 17:04:04,0.0,0.0
2025-09-10 17:04:04,0.0,0.0
2025-09-10 17:04:04,0.0,0.0
2025-09-10 17:04:04,0.0,0.0
2025-09-10 17:04:04,0.0,0.0
2025-09-10 17:04:04,0.0,0.0
2025-09-10 17:04:04,0.0,0.0
2025-09-10 17:04:04,0.0,0.0
2025-09-10 17:04:09,0.0,2.0
2025-09-10 17:04:09,11.1,25.2
2025-09-10 17:04:09,11.2,22.2
2025-09-10 17:04:09,38.1,34.4
2025-09-10 17:04:09,38.2,33.2
2025-09-10 17:04:09,96.1,121.6
2025-09-10 17:04:09,96.2,93.4
2025-09-10 17:04:09,307.1,29.2
2025-09-10 17:04:09,307.2,0.0
2025-09-10 17:04:09,52.1,32.0
2025-09-10 17:04:09,52.2,0.0
2025-09-10 17:04:09,102.1,25.8
2025-09-10 17:04:09,102.2,0.0
2025-09-10 17:04:09,124.2,0.0
2025-09-10 17:04:09,124.1,23.4
2025-09-10 17:04:09,48.2,7.2
2025-09-10 17:04:09,48.1,26.0
2025-09-10 17:04:09,75.2,0.0
2025-09-10 17:04:09,75.1,4.2
2025-09-10 17:04:09,109.2,22.0
2025-09-10 17:04:09,109.1,22.2
2025-09-10 17:04:09,123.2,7.6
2025-09-10 17:04:09,123.1,11.2
2025-09-10 17:04:09,26.1,10.8
2025-09-10 17:04:09,26.2,9.4
2025-09-10 17:04:09,66.1,9.6
2025-09-10 17:04:09,66.2,3.8
2025-09-10 17:04:09,10.1,12.8
2025-09-10 17:04:09,10.2,8.6
2025-09-10 17:04:09,58.1,0.0
2025-09-10 17:04:09,58.2,0.0
2025-09-10 17:04:09,306.1,10.8
2025-09-10 17:04:09,306.2,6.2
2025-09-10 17:04:09,9.1,6.6
2025-09-10 17:04:09,9.2,0.0
2025-09-10 17:04:09,57.1,12.0
2025-09-10 17:04:09,57.2,1.2
2025-09-10 17:04:09,79.1,7.2
2025-09-10 17:04:09,79.2,13.0
2025-09-10 17:04:09,116.1,0.0
2025-09-10 17:04:09,116.2,10.0
2025-09-10 17:04:09,13.1,0.0
2025-09-10 17:04:09,13.2,0.0
2025-09-10 17:04:09,76.1,10.8
2025-09-10 17:04:09,76.2,5.4
2025-09-10 17:04:09,17.1,9.4
2025-09-10 17:04:09,17.2,8.8
2025-09-10 17:04:09,125.1,12.0
2025-09-10 17:04:09,125.2,2.8
2025-09-10 17:04:09,0.0,0.0
2025-09-10 17:04:09,0.0,0.0
2025-09-10 17:04:09,104.1,0.0
2025-09-10 17:04:09,104.2,0.0
2025-09-10 17:04:09,119.1,0.0
2025-09-10 17:04:09,119.2,0.0
2025-09-10 17:04:09,64.1,0.0
2025-09-10 17:04:09,64.2,0.0
2025-09-10 17:04:09,29.1,0.0
2025-09-10 17:04:09,29.2,0.0
2025-09-10 17:04:09,53.1,0.0
2025-09-10 17:04:09,53.2,0.0
2025-09-10 17:04:09,77.1,0.0
2025-09-10 17:04:09,77.2,0.0
2025-09-10 17:04:09,37.1,0.0
2025-09-10 17:04:09,37.2,0.0
2025-09-10 17:04:09,70.1,9.6
2025-09-10 17:04:09,70.2,0.0
2025-09-10 17:04:09,28.1,7.2
2025-09-10 17:04:09,28.2,9.4
2025-09-10 17:04:09,0.1,0.0
2025-09-10 17:04:09,0.2,0.0
2025-09-10 17:04:09,25.1,0.0
2025-09-10 17:04:09,25.2,0.0
2025-09-10 17:04:09,301.1,8.0
2025-09-10 17:04:09,301.2,17.2
2025-09-10 17:04:09,304.1,11.6
2025-09-10 17:04:09,304.2,7.2
2025-09-10 17:04:09,22.1,280.6
2025-09-10 17:04:09,22.2,9.4
2025-09-10 17:04:09,4.1,9.4
2025-09-10 17:04:09,4.2,9.8
2025-09-10 17:04:09,12.1,9.6
2025-09-10 17:04:09,12.2,7.6
2025-09-10 17:04:09,99.1,16.2
2025-09-10 17:04:09,99.2,2.4
2025-09-10 17:04:09,56.1,9.0
2025-09-10 17:04:09,56.2,14.6
2025-09-10 17:04:09,122.1,6.8
2025-09-10 17:04:09,122.2,10.4
2025-09-10 17:04:09,55.1,12.2
2025-09-10 17:04:09,55.2,1.6
2025-09-10 17:04:09,83.1,2.2
2025-09-10 17:04:09,83.2,8.4
2025-09-10 17:04:09,97.1,0.8
2025-09-10 17:04:09,97.2,12.2
2025-09-10 17:04:09,84.1,10.4
2025-09-10 17:04:09,84.2,5.2
2025-09-10 17:04:09,305.1,11.2
2025-09-10 17:04:09,305.2,10.6
2025-09-10 17:04:09,2.1,8.8
2025-09-10 17:04:09,2.2,13.8
2025-09-10 17:04:09,45.1,10.8
2025-09-10 17:04:09,45.2,6.0
2025-09-10 17:04:09,0.0,0.0
2025-09-10 17:04:09,0.0,0.0
2025-09-10 17:04:09,0.0,0.0
2025-09-10 17:04:09,0.0,0.0
2025-09-10 17:04:09,0.0,0.0
2025-09-10 17:04:09,0.0,0.0
2025-09-10 17:04:09,0.0,0.0
2025-09-10 17:04:09,0.0,0.0
2025-09-10 17:04:09,0.0,0.0
2025-09-10 17:04:09,0.0,0.0
2025-09-10 17:04:09,0.0,0.0
2025-09-10 17:04:09,0.0,0.0
2025-09-10 17:04:09,0.0,0.0
2025-09-10 17:04:09,0.0,0.0
2025-09-10 17:04:09,0.0,0.0
2025-09-10 17:04:09,0.0,0.0
2025-09-10 17:04:09,0.0,0.0
2025-09-10 17:04:09,0.0,0.0
2025-09-10 17:04:09,0.0,0.0
2025-09-10 17:04:09,0.0,0.0
2025-09-10 17:04:09,0.0,0.0
2025-09-10 17:04:09,0.0,0.0
2025-09-10 17:04:09,0.0,0.0
2025-09-10 17:04:09,0.0,0.0
2025-09-10 17:04:09,0.0,0.0
2025-09-10 17:04:09,0.0,0.0
2025-09-10 17:04:09,0.0,0.0
2025-09-10 17:04:09,0.0,0.0
2025-09-10 17:04:14,0.0,2.0
2025-09-10 17:04:14,11.1,19.2
2025-09-10 17:04:14,11.2,22.6
2025-09-10 17:04:14,38.1,29.8
2025-09-10 17:04:14,38.2,34.8
2025-09-10 17:04:14,96.1,121.2
2025-09-10 17:04:14,96.2,88.2
2025-09-10 17:04:14,307.1,26.8
2025-09-10 17:04:14,307.2,0.0
2025-09-10 17:04:14,52.1,34.2
2025-09-10 17:04:14,52.2,0.0
2025-09-10 17:04:14,102.1,26.4
2025-09-10 17:04:14,102.2,0.0
2025-09-10 17:04:14,124.2,0.0
2025-09-10 17:04:14,124.1,26.0
2025-09-10 17:04:14,48.2,8.0
2025-09-10 17:04:14,48.1,23.8
2025-09-10 17:04:14,75.2,0.0
2025-09-10 17:04:14,75.1,5.8
2025-09-10 17:04:14,109.2,23.6
2025-09-10 17:04:14,109.1,26.2
2025-09-10 17:04:14,123.2,7.0
2025-09-10 17:04:14,123.1,12.8
2025-09-10 17:04:14,26.1,10.4
2025-09-10 17:04:14,26.2,8.6
2025-09-10 17:04:14,66.1,11.0
2025-09-10 17:04:14,66.2,5.4
2025-09-10 17:04:14,10.1,9.2
2025-09-10 17:04:14,10.2,7.6
2025-09-10 17:04:14,58.1,0.0
2025-09-10 17:04:14,58.2,0.0
2025-09-10 17:04:14,306.1,9.0
2025-09-10 17:04:14,306.2,5.0
2025-09-10 17:04:14,9.1,6.0
2025-09-10 17:04:14,9.2,0.0
2025-09-10 17:04:14,57.1,12.4
2025-09-10 17:04:14,57.2,4.0
2025-09-10 17:04:14,79.1,7.4
2025-09-10 17:04:14,79.2,13.8
2025-09-10 17:04:14,116.1,0.0
2025-09-10 17:04:14,116.2,12.0
2025-09-10 17:04:14,13.1,0.0
2025-09-10 17:04:14,13.2,0.0
2025-09-10 17:04:14,76.1,11.0
2025-09-10 17:04:14,76.2,7.0
2025-09-10 17:04:14,17.1,9.8
2025-09-10 17:04:14,17.2,7.8
2025-09-10 17:04:14,125.1,13.0
2025-09-10 17:04:14,125.2,4.2
2025-09-10 17:04:14,0.0,0.0
2025-09-10 17:04:14,0.0,0.0
2025-09-10 17:04:14,104.1,0.0
2025-09-10 17:04:14,104.2,0.0
2025-09-10 17:04:14,119.1,0.0
2025-09-10 17:04:14,119.2,0.0
2025-09-10 17:04:14,64.1,0.0
2025-09-10 17:04:14,64.2,0.0
2025-09-10 17:04:14,29.1,0.0
2025-09-10 17:04:14,29.2,0.0
2025-09-10 17:04:14,53.1,0.0
2025-09-10 17:04:14,53.2,0.0
2025-09-10 17:04:14,77.1,0.0
2025-09-10 17:04:14,77.2,0.0
2025-09-10 17:04:14,37.1,0.0
2025-09-10 17:04:14,37.2,0.0
2025-09-10 17:04:14,70.1,11.4
2025-09-10 17:04:14,70.2,0.0
2025-09-10 17:04:14,28.1,7.8
2025-09-10 17:04:14,28.2,17.2
2025-09-10 17:04:14,0.1,0.0
2025-09-10 17:04:14,0.2,0.0
2025-09-10 17:04:14,25.1,0.0
2025-09-10 17:04:14,25.2,0.0
2025-09-10 17:04:14,301.1,5.8
2025-09-10 17:04:14,301.2,16.0
2025-09-10 17:04:14,304.1,11.6
2025-09-10 17:04:14,304.2,7.0
2025-09-10 17:04:14,22.1,274.8
2025-09-10 17:04:14,22.2,9.0
2025-09-10 17:04:14,4.1,13.2
2025-09-10 17:04:14,4.2,12.4
2025-09-10 17:04:14,12.1,14.2
2025-09-10 17:04:14,12.2,6.8
2025-09-10 17:04:14,99.1,17.0
2025-09-10 17:04:14,99.2,4.6
2025-09-10 17:04:14,56.1,9.8
2025-09-10 17:04:14,56.2,12.6
2025-09-10 17:04:14,122.1,5.8
2025-09-10 17:04:14,122.2,12.0
2025-09-10 17:04:14,55.1,14.0
2025-09-10 17:04:14,55.2,1.4
2025-09-10 17:04:14,83.1,2.4
2025-09-10 17:04:14,83.2,11.2
2025-09-10 17:04:14,97.1,1.6
2025-09-10 17:04:14,97.2,14.4
2025-09-10 17:04:14,84.1,15.4
2025-09-10 17:04:14,84.2,5.6
2025-09-10 17:04:14,305.1,11.2
2025-09-10 17:04:14,305.2,11.2
2025-09-10 17:04:14,2.1,9.8
2025-09-10 17:04:14,2.2,15.4
2025-09-10 17:04:14,45.1,11.8
2025-09-10 17:04:14,45.2,4.8
2025-09-10 17:04:14,0.0,0.0
2025-09-10 17:04:14,0.0,0.0
2025-09-10 17:04:14,0.0,0.0
2025-09-10 17:04:14,0.0,0.0
2025-09-10 17:04:14,0.0,0.0
2025-09-10 17:04:14,0.0,0.0
2025-09-10 17:04:14,0.0,0.0
2025-09-10 17:04:14,0.0,0.0
2025-09-10 17:04:14,0.0,0.0
2025-09-10 17:04:14,0.0,0.0
2025-09-10 17:04:14,0.0,0.0
2025-09-10 17:04:14,0.0,0.0
2025-09-10 17:04:14,0.0,0.0
2025-09-10 17:04:14,0.0,0.0
2025-09-10 17:04:14,0.0,0.0
2025-09-10 17:04:14,0.0,0.0
2025-09-10 17:04:14,0.0,0.0
2025-09-10 17:04:14,0.0,0.0
2025-09-10 17:04:14,0.0,0.0
2025-09-10 17:04:14,0.0,0.0
2025-09-10 17:04:14,0.0,0.0
2025-09-10 17:04:14,0.0,0.0
2025-09-10 17:04:14,0.0,0.0
2025-09-10 17:04:14,0.0,0.0
2025-09-10 17:04:14,0.0,0.0
2025-09-10 17:04:14,0.0,0.0
2025-09-10 17:04:14,0.0,0.0
2025-09-10 17:04:14,0.0,0.0
