epoch_s,local_time,dt_s,section,paddle,slat,mem_index,diff,rate_hz
1771535415,2026-02-19 21:10:15,0.000000,TOP,103,1,63,0,0.000000
1771535415,2026-02-19 21:10:15,0.000000,TOP,103,2,62,0,0.000000
1771535415,2026-02-19 21:10:15,0.000000,TOP,300,1,58,0,0.000000
1771535415,2026-02-19 21:10:15,0.000000,TOP,300,2,59,0,0.000000
1771535415,2026-02-19 21:10:15,0.000000,TOP,80,1,60,0,0.000000
1771535415,2026-02-19 21:10:15,0.000000,TOP,80,2,61,0,0.000000
1771535415,2026-02-19 21:10:15,0.000000,TOP,303,1,50,0,0.000000
1771535415,2026-02-19 21:10:15,0.000000,TOP,303,2,57,0,0.000000
1771535415,2026-02-19 21:10:15,0.000000,TOP,88,1,56,0,0.000000
1771535415,2026-02-19 21:10:15,0.000000,TOP,88,2,54,0,0.000000
1771535415,2026-02-19 21:10:15,0.000000,TOP,30,1,127,0,0.000000
1771535415,2026-02-19 21:10:15,0.000000,TOP,30,2,126,0,0.000000
1771535415,2026-02-19 21:10:15,0.000000,TOP,34,1,106,0,0.000000
1771535415,2026-02-19 21:10:15,0.000000,TOP,34,2,107,0,0.000000
1771535415,2026-02-19 21:10:15,0.000000,TOP,74,1,108,0,0.000000
1771535415,2026-02-19 21:10:15,0.000000,TOP,74,2,110,0,0.000000
1771535415,2026-02-19 21:10:15,0.000000,TOP,47,1,112,0,0.000000
1771535415,2026-02-19 21:10:15,0.000000,TOP,47,2,114,0,0.000000
1771535415,2026-02-19 21:10:15,0.000000,TOP,115,1,116,0,0.000000
1771535415,2026-02-19 21:10:15,0.000000,TOP,115,2,118,0,0.000000
1771535415,2026-02-19 21:10:15,0.000000,TOP,46,1,119,0,0.000000
1771535415,2026-02-19 21:10:15,0.000000,TOP,46,2,117,0,0.000000
1771535415,2026-02-19 21:10:15,0.000000,TOP,167,1,115,0,0.000000
1771535415,2026-02-19 21:10:15,0.000000,TOP,167,2,113,0,0.000000
1771535415,2026-02-19 21:10:15,0.000000,TOP,90,1,111,0,0.000000
1771535415,2026-02-19 21:10:15,0.000000,TOP,90,2,109,0,0.000000
1771535415,2026-02-19 21:10:15,0.000000,TOP,302,1,120,0,0.000000
1771535415,2026-02-19 21:10:15,0.000000,TOP,302,2,121,0,0.000000
1771535415,2026-02-19 21:10:15,0.000000,TOP,62,1,122,0,0.000000
1771535415,2026-02-19 21:10:15,0.000000,TOP,62,2,123,0,0.000000
1771535415,2026-02-19 21:10:15,0.000000,TOP,44,1,124,0,0.000000
1771535415,2026-02-19 21:10:15,0.000000,TOP,44,2,125,0,0.000000
1771535415,2026-02-19 21:10:15,0.000000,TOP,61,1,55,0,0.000000
1771535415,2026-02-19 21:10:15,0.000000,TOP,61,2,51,0,0.000000
1771535415,2026-02-19 21:10:15,0.000000,BARREL,26,1,24,0,0.000000
1771535415,2026-02-19 21:10:15,0.000000,BARREL,26,2,25,0,0.000000
1771535415,2026-02-19 21:10:15,0.000000,BARREL,66,1,26,0,0.000000
1771535415,2026-02-19 21:10:15,0.000000,BARREL,66,2,27,0,0.000000
1771535415,2026-02-19 21:10:15,0.000000,BARREL,10,1,28,0,0.000000
1771535415,2026-02-19 21:10:15,0.000000,BARREL,10,2,29,0,0.000000
1771535415,2026-02-19 21:10:15,0.000000,BARREL,58,1,30,0,0.000000
1771535415,2026-02-19 21:10:15,0.000000,BARREL,58,2,31,0,0.000000
1771535415,2026-02-19 21:10:15,0.000000,BARREL,306,1,32,0,0.000000
1771535415,2026-02-19 21:10:15,0.000000,BARREL,306,2,33,0,0.000000
1771535415,2026-02-19 21:10:15,0.000000,BARREL,9,1,34,0,0.000000
1771535415,2026-02-19 21:10:15,0.000000,BARREL,9,2,35,0,0.000000
1771535415,2026-02-19 21:10:15,0.000000,BARREL,57,1,36,0,0.000000
1771535415,2026-02-19 21:10:15,0.000000,BARREL,57,2,37,0,0.000000
1771535415,2026-02-19 21:10:15,0.000000,BARREL,79,1,38,0,0.000000
1771535415,2026-02-19 21:10:15,0.000000,BARREL,79,2,39,0,0.000000
1771535415,2026-02-19 21:10:15,0.000000,BARREL,116,1,40,0,0.000000
1771535415,2026-02-19 21:10:15,0.000000,BARREL,116,2,41,0,0.000000
1771535415,2026-02-19 21:10:15,0.000000,BARREL,13,1,42,0,0.000000
1771535415,2026-02-19 21:10:15,0.000000,BARREL,13,2,43,0,0.000000
1771535415,2026-02-19 21:10:15,0.000000,BARREL,76,1,44,0,0.000000
1771535415,2026-02-19 21:10:15,0.000000,BARREL,76,2,45,0,0.000000
1771535415,2026-02-19 21:10:15,0.000000,BARREL,17,1,46,0,0.000000
1771535415,2026-02-19 21:10:15,0.000000,BARREL,17,2,47,0,0.000000
1771535415,2026-02-19 21:10:15,0.000000,BARREL,125,1,48,0,0.000000
1771535415,2026-02-19 21:10:15,0.000000,BARREL,125,2,49,0,0.000000
1771535415,2026-02-19 21:10:15,0.000000,BARREL,104,1,52,0,0.000000
1771535415,2026-02-19 21:10:15,0.000000,BARREL,104,2,53,0,0.000000
1771535415,2026-02-19 21:10:15,0.000000,BARREL,37,1,64,0,0.000000
1771535415,2026-02-19 21:10:15,0.000000,BARREL,37,2,65,0,0.000000
1771535415,2026-02-19 21:10:15,0.000000,BARREL,70,1,66,0,0.000000
1771535415,2026-02-19 21:10:15,0.000000,BARREL,70,2,67,0,0.000000
1771535415,2026-02-19 21:10:15,0.000000,BARREL,28,1,68,0,0.000000
1771535415,2026-02-19 21:10:15,0.000000,BARREL,28,2,69,0,0.000000
1771535415,2026-02-19 21:10:15,0.000000,BARREL,54,1,70,0,0.000000
1771535415,2026-02-19 21:10:15,0.000000,BARREL,54,2,71,0,0.000000
1771535415,2026-02-19 21:10:15,0.000000,BARREL,25,1,72,0,0.000000
1771535415,2026-02-19 21:10:15,0.000000,BARREL,25,2,73,0,0.000000
1771535415,2026-02-19 21:10:15,0.000000,BARREL,301,1,74,0,0.000000
1771535415,2026-02-19 21:10:15,0.000000,BARREL,301,2,75,0,0.000000
1771535415,2026-02-19 21:10:15,0.000000,BARREL,304,1,76,0,0.000000
1771535415,2026-02-19 21:10:15,0.000000,BARREL,304,2,77,0,0.000000
1771535415,2026-02-19 21:10:15,0.000000,BARREL,22,1,78,0,0.000000
1771535415,2026-02-19 21:10:15,0.000000,BARREL,22,2,79,0,0.000000
1771535415,2026-02-19 21:10:15,0.000000,BARREL,4,1,80,0,0.000000
1771535415,2026-02-19 21:10:15,0.000000,BARREL,4,2,81,0,0.000000
1771535415,2026-02-19 21:10:15,0.000000,BARREL,12,1,82,0,0.000000
1771535415,2026-02-19 21:10:15,0.000000,BARREL,12,2,83,0,0.000000
1771535415,2026-02-19 21:10:15,0.000000,BARREL,99,1,84,0,0.000000
1771535415,2026-02-19 21:10:15,0.000000,BARREL,99,2,85,0,0.000000
1771535415,2026-02-19 21:10:15,0.000000,BARREL,56,1,86,0,0.000000
1771535415,2026-02-19 21:10:15,0.000000,BARREL,56,2,87,0,0.000000
1771535415,2026-02-19 21:10:15,0.000000,BARREL,122,1,88,0,0.000000
1771535415,2026-02-19 21:10:15,0.000000,BARREL,122,2,89,0,0.000000
1771535415,2026-02-19 21:10:15,0.000000,BARREL,55,1,90,0,0.000000
1771535415,2026-02-19 21:10:15,0.000000,BARREL,55,2,91,0,0.000000
1771535415,2026-02-19 21:10:15,0.000000,BARREL,83,1,92,0,0.000000
1771535415,2026-02-19 21:10:15,0.000000,BARREL,83,2,93,0,0.000000
1771535415,2026-02-19 21:10:15,0.000000,BARREL,97,1,94,0,0.000000
1771535415,2026-02-19 21:10:15,0.000000,BARREL,97,2,95,0,0.000000
1771535415,2026-02-19 21:10:15,0.000000,BARREL,84,1,96,0,0.000000
1771535415,2026-02-19 21:10:15,0.000000,BARREL,84,2,97,0,0.000000
1771535415,2026-02-19 21:10:15,0.000000,BARREL,305,1,98,0,0.000000
1771535415,2026-02-19 21:10:15,0.000000,BARREL,305,2,99,0,0.000000
1771535415,2026-02-19 21:10:15,0.000000,BARREL,2,1,100,0,0.000000
1771535415,2026-02-19 21:10:15,0.000000,BARREL,2,2,101,0,0.000000
1771535415,2026-02-19 21:10:15,0.000000,BARREL,45,1,102,0,0.000000
1771535415,2026-02-19 21:10:15,0.000000,BARREL,45,2,103,0,0.000000
1771535415,2026-02-19 21:10:15,0.000000,BARREL,77,1,-1,0,0.000000
1771535415,2026-02-19 21:10:15,0.000000,BARREL,77,2,-1,0,0.000000
1771535415,2026-02-19 21:10:15,0.000000,BOTTOM,11,1,2,0,0.000000
1771535415,2026-02-19 21:10:15,0.000000,BOTTOM,11,2,3,0,0.000000
1771535415,2026-02-19 21:10:15,0.000000,BOTTOM,38,1,4,0,0.000000
1771535415,2026-02-19 21:10:15,0.000000,BOTTOM,38,2,5,0,0.000000
1771535415,2026-02-19 21:10:15,0.000000,BOTTOM,96,1,6,0,0.000000
1771535415,2026-02-19 21:10:15,0.000000,BOTTOM,96,2,7,0,0.000000
1771535415,2026-02-19 21:10:15,0.000000,BOTTOM,307,1,8,0,0.000000
1771535415,2026-02-19 21:10:15,0.000000,BOTTOM,307,2,9,0,0.000000
1771535415,2026-02-19 21:10:15,0.000000,BOTTOM,52,1,10,0,0.000000
1771535415,2026-02-19 21:10:15,0.000000,BOTTOM,52,2,11,0,0.000000
1771535415,2026-02-19 21:10:15,0.000000,BOTTOM,102,1,12,0,0.000000
1771535415,2026-02-19 21:10:15,0.000000,BOTTOM,102,2,13,0,0.000000
1771535415,2026-02-19 21:10:15,0.000000,BOTTOM,124,2,14,0,0.000000
1771535415,2026-02-19 21:10:15,0.000000,BOTTOM,124,1,15,0,0.000000
1771535415,2026-02-19 21:10:15,0.000000,BOTTOM,48,2,16,0,0.000000
1771535415,2026-02-19 21:10:15,0.000000,BOTTOM,48,1,17,0,0.000000
1771535415,2026-02-19 21:10:15,0.000000,BOTTOM,75,2,18,0,0.000000
1771535415,2026-02-19 21:10:15,0.000000,BOTTOM,75,1,19,0,0.000000
1771535415,2026-02-19 21:10:15,0.000000,BOTTOM,109,2,20,0,0.000000
1771535415,2026-02-19 21:10:15,0.000000,BOTTOM,109,1,21,0,0.000000
1771535415,2026-02-19 21:10:15,0.000000,BOTTOM,123,2,22,0,0.000000
1771535415,2026-02-19 21:10:15,0.000000,BOTTOM,123,1,23,0,0.000000
1771535420,2026-02-19 21:10:20,5.000922,TOP,103,1,63,0,0.000000
1771535420,2026-02-19 21:10:20,5.000922,TOP,103,2,62,0,0.000000
1771535420,2026-02-19 21:10:20,5.000922,TOP,300,1,58,0,0.000000
1771535420,2026-02-19 21:10:20,5.000922,TOP,300,2,59,0,0.000000
1771535420,2026-02-19 21:10:20,5.000922,TOP,80,1,60,217,43.391997
1771535420,2026-02-19 21:10:20,5.000922,TOP,80,2,61,214,42.792108
1771535420,2026-02-19 21:10:20,5.000922,TOP,303,1,50,206,41.192403
1771535420,2026-02-19 21:10:20,5.000922,TOP,303,2,57,113,22.595833
1771535420,2026-02-19 21:10:20,5.000922,TOP,88,1,56,38,7.598599
1771535420,2026-02-19 21:10:20,5.000922,TOP,88,2,54,4,0.799852
1771535420,2026-02-19 21:10:20,5.000922,TOP,30,1,127,0,0.000000
1771535420,2026-02-19 21:10:20,5.000922,TOP,30,2,126,193,38.592882
1771535420,2026-02-19 21:10:20,5.000922,TOP,34,1,106,0,0.000000
1771535420,2026-02-19 21:10:20,5.000922,TOP,34,2,107,0,0.000000
1771535420,2026-02-19 21:10:20,5.000922,TOP,74,1,108,102,20.396238
1771535420,2026-02-19 21:10:20,5.000922,TOP,74,2,110,200,39.992624
1771535420,2026-02-19 21:10:20,5.000922,TOP,47,1,112,21,4.199226
1771535420,2026-02-19 21:10:20,5.000922,TOP,47,2,114,204,40.792477
1771535420,2026-02-19 21:10:20,5.000922,TOP,115,1,116,55,10.997972
1771535420,2026-02-19 21:10:20,5.000922,TOP,115,2,118,229,45.791555
1771535420,2026-02-19 21:10:20,5.000922,TOP,46,1,119,0,0.000000
1771535420,2026-02-19 21:10:20,5.000922,TOP,46,2,117,13,2.599521
1771535420,2026-02-19 21:10:20,5.000922,TOP,167,1,115,119,23.795611
1771535420,2026-02-19 21:10:20,5.000922,TOP,167,2,113,71,14.197382
1771535420,2026-02-19 21:10:20,5.000922,TOP,90,1,111,184,36.793214
1771535420,2026-02-19 21:10:20,5.000922,TOP,90,2,109,5,0.999816
1771535420,2026-02-19 21:10:20,5.000922,TOP,302,1,120,0,0.000000
1771535420,2026-02-19 21:10:20,5.000922,TOP,302,2,121,0,0.000000
1771535420,2026-02-19 21:10:20,5.000922,TOP,62,1,122,0,0.000000
1771535420,2026-02-19 21:10:20,5.000922,TOP,62,2,123,0,0.000000
1771535420,2026-02-19 21:10:20,5.000922,TOP,44,1,124,0,0.000000
1771535420,2026-02-19 21:10:20,5.000922,TOP,44,2,125,0,0.000000
1771535420,2026-02-19 21:10:20,5.000922,TOP,61,1,55,168,33.593804
1771535420,2026-02-19 21:10:20,5.000922,TOP,61,2,51,0,0.000000
1771535420,2026-02-19 21:10:20,5.000922,BARREL,26,1,24,52,10.398082
1771535420,2026-02-19 21:10:20,5.000922,BARREL,26,2,25,42,8.398451
1771535420,2026-02-19 21:10:20,5.000922,BARREL,66,1,26,49,9.798193
1771535420,2026-02-19 21:10:20,5.000922,BARREL,66,2,27,33,6.598783
1771535420,2026-02-19 21:10:20,5.000922,BARREL,10,1,28,54,10.798009
1771535420,2026-02-19 21:10:20,5.000922,BARREL,10,2,29,46,9.198304
1771535420,2026-02-19 21:10:20,5.000922,BARREL,58,1,30,0,0.000000
1771535420,2026-02-19 21:10:20,5.000922,BARREL,58,2,31,0,0.000000
1771535420,2026-02-19 21:10:20,5.000922,BARREL,306,1,32,39,7.798562
1771535420,2026-02-19 21:10:20,5.000922,BARREL,306,2,33,44,8.798377
1771535420,2026-02-19 21:10:20,5.000922,BARREL,9,1,34,39,7.798562
1771535420,2026-02-19 21:10:20,5.000922,BARREL,9,2,35,0,0.000000
1771535420,2026-02-19 21:10:20,5.000922,BARREL,57,1,36,50,9.998156
1771535420,2026-02-19 21:10:20,5.000922,BARREL,57,2,37,10,1.999631
1771535420,2026-02-19 21:10:20,5.000922,BARREL,79,1,38,51,10.198119
1771535420,2026-02-19 21:10:20,5.000922,BARREL,79,2,39,53,10.598045
1771535420,2026-02-19 21:10:20,5.000922,BARREL,116,1,40,0,0.000000
1771535420,2026-02-19 21:10:20,5.000922,BARREL,116,2,41,57,11.397898
1771535420,2026-02-19 21:10:20,5.000922,BARREL,13,1,42,0,0.000000
1771535420,2026-02-19 21:10:20,5.000922,BARREL,13,2,43,0,0.000000
1771535420,2026-02-19 21:10:20,5.000922,BARREL,76,1,44,57,11.397898
1771535420,2026-02-19 21:10:20,5.000922,BARREL,76,2,45,38,7.598599
1771535420,2026-02-19 21:10:20,5.000922,BARREL,17,1,46,22,4.399189
1771535420,2026-02-19 21:10:20,5.000922,BARREL,17,2,47,46,9.198304
1771535420,2026-02-19 21:10:20,5.000922,BARREL,125,1,48,63,12.597677
1771535420,2026-02-19 21:10:20,5.000922,BARREL,125,2,49,16,3.199410
1771535420,2026-02-19 21:10:20,5.000922,BARREL,104,1,52,1,0.199963
1771535420,2026-02-19 21:10:20,5.000922,BARREL,104,2,53,441,88.183736
1771535420,2026-02-19 21:10:20,5.000922,BARREL,37,1,64,0,0.000000
1771535420,2026-02-19 21:10:20,5.000922,BARREL,37,2,65,0,0.000000
1771535420,2026-02-19 21:10:20,5.000922,BARREL,70,1,66,51,10.198119
1771535420,2026-02-19 21:10:20,5.000922,BARREL,70,2,67,0,0.000000
1771535420,2026-02-19 21:10:20,5.000922,BARREL,28,1,68,47,9.398267
1771535420,2026-02-19 21:10:20,5.000922,BARREL,28,2,69,65,12.997603
1771535420,2026-02-19 21:10:20,5.000922,BARREL,54,1,70,48,9.598230
1771535420,2026-02-19 21:10:20,5.000922,BARREL,54,2,71,0,0.000000
1771535420,2026-02-19 21:10:20,5.000922,BARREL,25,1,72,60,11.997787
1771535420,2026-02-19 21:10:20,5.000922,BARREL,25,2,73,0,0.000000
1771535420,2026-02-19 21:10:20,5.000922,BARREL,301,1,74,38,7.598599
1771535420,2026-02-19 21:10:20,5.000922,BARREL,301,2,75,73,14.597308
1771535420,2026-02-19 21:10:20,5.000922,BARREL,304,1,76,51,10.198119
1771535420,2026-02-19 21:10:20,5.000922,BARREL,304,2,77,60,11.997787
1771535420,2026-02-19 21:10:20,5.000922,BARREL,22,1,78,1672,334.338338
1771535420,2026-02-19 21:10:20,5.000922,BARREL,22,2,79,54,10.798009
1771535420,2026-02-19 21:10:20,5.000922,BARREL,4,1,80,53,10.598045
1771535420,2026-02-19 21:10:20,5.000922,BARREL,4,2,81,79,15.797087
1771535420,2026-02-19 21:10:20,5.000922,BARREL,12,1,82,60,11.997787
1771535420,2026-02-19 21:10:20,5.000922,BARREL,12,2,83,33,6.598783
1771535420,2026-02-19 21:10:20,5.000922,BARREL,99,1,84,78,15.597123
1771535420,2026-02-19 21:10:20,5.000922,BARREL,99,2,85,0,0.000000
1771535420,2026-02-19 21:10:20,5.000922,BARREL,56,1,86,38,7.598599
1771535420,2026-02-19 21:10:20,5.000922,BARREL,56,2,87,60,11.997787
1771535420,2026-02-19 21:10:20,5.000922,BARREL,122,1,88,33,6.598783
1771535420,2026-02-19 21:10:20,5.000922,BARREL,122,2,89,47,9.398267
1771535420,2026-02-19 21:10:20,5.000922,BARREL,55,1,90,41,8.198488
1771535420,2026-02-19 21:10:20,5.000922,BARREL,55,2,91,14,2.799484
1771535420,2026-02-19 21:10:20,5.000922,BARREL,83,1,92,16,3.199410
1771535420,2026-02-19 21:10:20,5.000922,BARREL,83,2,93,0,0.000000
1771535420,2026-02-19 21:10:20,5.000922,BARREL,97,1,94,13,2.599521
1771535420,2026-02-19 21:10:20,5.000922,BARREL,97,2,95,52,10.398082
1771535420,2026-02-19 21:10:20,5.000922,BARREL,84,1,96,55,10.997972
1771535420,2026-02-19 21:10:20,5.000922,BARREL,84,2,97,41,8.198488
1771535420,2026-02-19 21:10:20,5.000922,BARREL,305,1,98,57,11.397898
1771535420,2026-02-19 21:10:20,5.000922,BARREL,305,2,99,42,8.398451
1771535420,2026-02-19 21:10:20,5.000922,BARREL,2,1,100,32,6.398820
1771535420,2026-02-19 21:10:20,5.000922,BARREL,2,2,101,51,10.198119
1771535420,2026-02-19 21:10:20,5.000922,BARREL,45,1,102,58,11.597861
1771535420,2026-02-19 21:10:20,5.000922,BARREL,45,2,103,42,8.398451
1771535420,2026-02-19 21:10:20,5.000922,BARREL,77,1,-1,0,0.000000
1771535420,2026-02-19 21:10:20,5.000922,BARREL,77,2,-1,0,0.000000
1771535420,2026-02-19 21:10:20,5.000922,BOTTOM,11,1,2,41,8.198488
1771535420,2026-02-19 21:10:20,5.000922,BOTTOM,11,2,3,142,28.394763
1771535420,2026-02-19 21:10:20,5.000922,BOTTOM,38,1,4,168,33.593804
1771535420,2026-02-19 21:10:20,5.000922,BOTTOM,38,2,5,139,27.794874
1771535420,2026-02-19 21:10:20,5.000922,BOTTOM,96,1,6,204,40.792477
1771535420,2026-02-19 21:10:20,5.000922,BOTTOM,96,2,7,1339,267.750619
1771535420,2026-02-19 21:10:20,5.000922,BOTTOM,307,1,8,165,32.993915
1771535420,2026-02-19 21:10:20,5.000922,BOTTOM,307,2,9,669,133.775328
1771535420,2026-02-19 21:10:20,5.000922,BOTTOM,52,1,10,109,21.795980
1771535420,2026-02-19 21:10:20,5.000922,BOTTOM,52,2,11,185,36.993177
1771535420,2026-02-19 21:10:20,5.000922,BOTTOM,102,1,12,132,26.395132
1771535420,2026-02-19 21:10:20,5.000922,BOTTOM,102,2,13,323,64.588088
1771535420,2026-02-19 21:10:20,5.000922,BOTTOM,124,2,14,19,3.799299
1771535420,2026-02-19 21:10:20,5.000922,BOTTOM,124,1,15,105,20.996128
1771535420,2026-02-19 21:10:20,5.000922,BOTTOM,48,2,16,280,55.989674
1771535420,2026-02-19 21:10:20,5.000922,BOTTOM,48,1,17,137,27.394948
1771535420,2026-02-19 21:10:20,5.000922,BOTTOM,75,2,18,0,0.000000
1771535420,2026-02-19 21:10:20,5.000922,BOTTOM,75,1,19,10,1.999631
1771535420,2026-02-19 21:10:20,5.000922,BOTTOM,109,2,20,179,35.793399
1771535420,2026-02-19 21:10:20,5.000922,BOTTOM,109,1,21,198,39.592698
1771535420,2026-02-19 21:10:20,5.000922,BOTTOM,123,2,22,47,9.398267
1771535420,2026-02-19 21:10:20,5.000922,BOTTOM,123,1,23,13,2.599521
1771535425,2026-02-19 21:10:25,5.000887,TOP,103,1,63,0,0.000000
1771535425,2026-02-19 21:10:25,5.000887,TOP,103,2,62,0,0.000000
1771535425,2026-02-19 21:10:25,5.000887,TOP,300,1,58,0,0.000000
1771535425,2026-02-19 21:10:25,5.000887,TOP,300,2,59,0,0.000000
1771535425,2026-02-19 21:10:25,5.000887,TOP,80,1,60,195,38.993084
1771535425,2026-02-19 21:10:25,5.000887,TOP,80,2,61,200,39.992906
1771535425,2026-02-19 21:10:25,5.000887,TOP,303,1,50,208,41.592623
1771535425,2026-02-19 21:10:25,5.000887,TOP,303,2,57,104,20.796311
1771535425,2026-02-19 21:10:25,5.000887,TOP,88,1,56,39,7.798617
1771535425,2026-02-19 21:10:25,5.000887,TOP,88,2,54,5,0.999823
1771535425,2026-02-19 21:10:25,5.000887,TOP,30,1,127,0,0.000000
1771535425,2026-02-19 21:10:25,5.000887,TOP,30,2,126,165,32.994148
1771535425,2026-02-19 21:10:25,5.000887,TOP,34,1,106,0,0.000000
1771535425,2026-02-19 21:10:25,5.000887,TOP,34,2,107,0,0.000000
1771535425,2026-02-19 21:10:25,5.000887,TOP,74,1,108,79,15.797198
1771535425,2026-02-19 21:10:25,5.000887,TOP,74,2,110,194,38.793119
1771535425,2026-02-19 21:10:25,5.000887,TOP,47,1,112,19,3.799326
1771535425,2026-02-19 21:10:25,5.000887,TOP,47,2,114,234,46.791701
1771535425,2026-02-19 21:10:25,5.000887,TOP,115,1,116,53,10.598120
1771535425,2026-02-19 21:10:25,5.000887,TOP,115,2,118,226,45.191984
1771535425,2026-02-19 21:10:25,5.000887,TOP,46,1,119,0,0.000000
1771535425,2026-02-19 21:10:25,5.000887,TOP,46,2,117,8,1.599716
1771535425,2026-02-19 21:10:25,5.000887,TOP,167,1,115,125,24.995567
1771535425,2026-02-19 21:10:25,5.000887,TOP,167,2,113,79,15.797198
1771535425,2026-02-19 21:10:25,5.000887,TOP,90,1,111,204,40.792765
1771535425,2026-02-19 21:10:25,5.000887,TOP,90,2,109,13,2.599539
1771535425,2026-02-19 21:10:25,5.000887,TOP,302,1,120,0,0.000000
1771535425,2026-02-19 21:10:25,5.000887,TOP,302,2,121,0,0.000000
1771535425,2026-02-19 21:10:25,5.000887,TOP,62,1,122,0,0.000000
1771535425,2026-02-19 21:10:25,5.000887,TOP,62,2,123,0,0.000000
1771535425,2026-02-19 21:10:25,5.000887,TOP,44,1,124,0,0.000000
1771535425,2026-02-19 21:10:25,5.000887,TOP,44,2,125,0,0.000000
1771535425,2026-02-19 21:10:25,5.000887,TOP,61,1,55,145,28.994857
1771535425,2026-02-19 21:10:25,5.000887,TOP,61,2,51,0,0.000000
1771535425,2026-02-19 21:10:25,5.000887,BARREL,26,1,24,69,13.797553
1771535425,2026-02-19 21:10:25,5.000887,BARREL,26,2,25,48,9.598298
1771535425,2026-02-19 21:10:25,5.000887,BARREL,66,1,26,68,13.597588
1771535425,2026-02-19 21:10:25,5.000887,BARREL,66,2,27,37,7.398688
1771535425,2026-02-19 21:10:25,5.000887,BARREL,10,1,28,63,12.597766
1771535425,2026-02-19 21:10:25,5.000887,BARREL,10,2,29,29,5.798971
1771535425,2026-02-19 21:10:25,5.000887,BARREL,58,1,30,0,0.000000
1771535425,2026-02-19 21:10:25,5.000887,BARREL,58,2,31,0,0.000000
1771535425,2026-02-19 21:10:25,5.000887,BARREL,306,1,32,39,7.798617
1771535425,2026-02-19 21:10:25,5.000887,BARREL,306,2,33,31,6.198901
1771535425,2026-02-19 21:10:25,5.000887,BARREL,9,1,34,37,7.398688
1771535425,2026-02-19 21:10:25,5.000887,BARREL,9,2,35,0,0.000000
1771535425,2026-02-19 21:10:25,5.000887,BARREL,57,1,36,53,10.598120
1771535425,2026-02-19 21:10:25,5.000887,BARREL,57,2,37,20,3.999291
1771535425,2026-02-19 21:10:25,5.000887,BARREL,79,1,38,41,8.198546
1771535425,2026-02-19 21:10:25,5.000887,BARREL,79,2,39,72,14.397446
1771535425,2026-02-19 21:10:25,5.000887,BARREL,116,1,40,0,0.000000
1771535425,2026-02-19 21:10:25,5.000887,BARREL,116,2,41,57,11.397978
1771535425,2026-02-19 21:10:25,5.000887,BARREL,13,1,42,0,0.000000
1771535425,2026-02-19 21:10:25,5.000887,BARREL,13,2,43,0,0.000000
1771535425,2026-02-19 21:10:25,5.000887,BARREL,76,1,44,64,12.797730
1771535425,2026-02-19 21:10:25,5.000887,BARREL,76,2,45,36,7.198723
1771535425,2026-02-19 21:10:25,5.000887,BARREL,17,1,46,26,5.199078
1771535425,2026-02-19 21:10:25,5.000887,BARREL,17,2,47,53,10.598120
1771535425,2026-02-19 21:10:25,5.000887,BARREL,125,1,48,46,9.198368
1771535425,2026-02-19 21:10:25,5.000887,BARREL,125,2,49,17,3.399397
1771535425,2026-02-19 21:10:25,5.000887,BARREL,104,1,52,0,0.000000
1771535425,2026-02-19 21:10:25,5.000887,BARREL,104,2,53,401,80.185777
1771535425,2026-02-19 21:10:25,5.000887,BARREL,37,1,64,0,0.000000
1771535425,2026-02-19 21:10:25,5.000887,BARREL,37,2,65,0,0.000000
1771535425,2026-02-19 21:10:25,5.000887,BARREL,70,1,66,48,9.598298
1771535425,2026-02-19 21:10:25,5.000887,BARREL,70,2,67,0,0.000000
1771535425,2026-02-19 21:10:25,5.000887,BARREL,28,1,68,51,10.198191
1771535425,2026-02-19 21:10:25,5.000887,BARREL,28,2,69,55,10.998049
1771535425,2026-02-19 21:10:25,5.000887,BARREL,54,1,70,62,12.397801
1771535425,2026-02-19 21:10:25,5.000887,BARREL,54,2,71,0,0.000000
1771535425,2026-02-19 21:10:25,5.000887,BARREL,25,1,72,57,11.397978
1771535425,2026-02-19 21:10:25,5.000887,BARREL,25,2,73,0,0.000000
1771535425,2026-02-19 21:10:25,5.000887,BARREL,301,1,74,59,11.797907
1771535425,2026-02-19 21:10:25,5.000887,BARREL,301,2,75,59,11.797907
1771535425,2026-02-19 21:10:25,5.000887,BARREL,304,1,76,59,11.797907
1771535425,2026-02-19 21:10:25,5.000887,BARREL,304,2,77,53,10.598120
1771535425,2026-02-19 21:10:25,5.000887,BARREL,22,1,78,1856,371.134172
1771535425,2026-02-19 21:10:25,5.000887,BARREL,22,2,79,60,11.997872
1771535425,2026-02-19 21:10:25,5.000887,BARREL,4,1,80,51,10.198191
1771535425,2026-02-19 21:10:25,5.000887,BARREL,4,2,81,58,11.597943
1771535425,2026-02-19 21:10:25,5.000887,BARREL,12,1,82,55,10.998049
1771535425,2026-02-19 21:10:25,5.000887,BARREL,12,2,83,50,9.998227
1771535425,2026-02-19 21:10:25,5.000887,BARREL,99,1,84,50,9.998227
1771535425,2026-02-19 21:10:25,5.000887,BARREL,99,2,85,0,0.000000
1771535425,2026-02-19 21:10:25,5.000887,BARREL,56,1,86,44,8.798439
1771535425,2026-02-19 21:10:25,5.000887,BARREL,56,2,87,76,15.197304
1771535425,2026-02-19 21:10:25,5.000887,BARREL,122,1,88,42,8.398510
1771535425,2026-02-19 21:10:25,5.000887,BARREL,122,2,89,51,10.198191
1771535425,2026-02-19 21:10:25,5.000887,BARREL,55,1,90,47,9.398333
1771535425,2026-02-19 21:10:25,5.000887,BARREL,55,2,91,8,1.599716
1771535425,2026-02-19 21:10:25,5.000887,BARREL,83,1,92,24,4.799149
1771535425,2026-02-19 21:10:25,5.000887,BARREL,83,2,93,0,0.000000
1771535425,2026-02-19 21:10:25,5.000887,BARREL,97,1,94,9,1.799681
1771535425,2026-02-19 21:10:25,5.000887,BARREL,97,2,95,50,9.998227
1771535425,2026-02-19 21:10:25,5.000887,BARREL,84,1,96,57,11.397978
1771535425,2026-02-19 21:10:25,5.000887,BARREL,84,2,97,41,8.198546
1771535425,2026-02-19 21:10:25,5.000887,BARREL,305,1,98,47,9.398333
1771535425,2026-02-19 21:10:25,5.000887,BARREL,305,2,99,52,10.398156
1771535425,2026-02-19 21:10:25,5.000887,BARREL,2,1,100,34,6.798794
1771535425,2026-02-19 21:10:25,5.000887,BARREL,2,2,101,41,8.198546
1771535425,2026-02-19 21:10:25,5.000887,BARREL,45,1,102,61,12.197836
1771535425,2026-02-19 21:10:25,5.000887,BARREL,45,2,103,39,7.798617
1771535425,2026-02-19 21:10:25,5.000887,BARREL,77,1,-1,0,0.000000
1771535425,2026-02-19 21:10:25,5.000887,BARREL,77,2,-1,0,0.000000
1771535425,2026-02-19 21:10:25,5.000887,BOTTOM,11,1,2,46,9.198368
1771535425,2026-02-19 21:10:25,5.000887,BOTTOM,11,2,3,96,19.196595
1771535425,2026-02-19 21:10:25,5.000887,BOTTOM,38,1,4,150,29.994680
1771535425,2026-02-19 21:10:25,5.000887,BOTTOM,38,2,5,179,35.793651
1771535425,2026-02-19 21:10:25,5.000887,BOTTOM,96,1,6,204,40.792765
1771535425,2026-02-19 21:10:25,5.000887,BOTTOM,96,2,7,1302,260.353821
1771535425,2026-02-19 21:10:25,5.000887,BOTTOM,307,1,8,156,31.194467
1771535425,2026-02-19 21:10:25,5.000887,BOTTOM,307,2,9,587,117.379181
1771535425,2026-02-19 21:10:25,5.000887,BOTTOM,52,1,10,100,19.996453
1771535425,2026-02-19 21:10:25,5.000887,BOTTOM,52,2,11,187,37.393368
1771535425,2026-02-19 21:10:25,5.000887,BOTTOM,102,1,12,124,24.795602
1771535425,2026-02-19 21:10:25,5.000887,BOTTOM,102,2,13,345,68.987764
1771535425,2026-02-19 21:10:25,5.000887,BOTTOM,124,2,14,26,5.199078
1771535425,2026-02-19 21:10:25,5.000887,BOTTOM,124,1,15,126,25.195531
1771535425,2026-02-19 21:10:25,5.000887,BOTTOM,48,2,16,241,48.191452
1771535425,2026-02-19 21:10:25,5.000887,BOTTOM,48,1,17,141,28.194999
1771535425,2026-02-19 21:10:25,5.000887,BOTTOM,75,2,18,0,0.000000
1771535425,2026-02-19 21:10:25,5.000887,BOTTOM,75,1,19,12,2.399574
1771535425,2026-02-19 21:10:25,5.000887,BOTTOM,109,2,20,155,30.994503
1771535425,2026-02-19 21:10:25,5.000887,BOTTOM,109,1,21,186,37.193403
1771535425,2026-02-19 21:10:25,5.000887,BOTTOM,123,2,22,48,9.598298
1771535425,2026-02-19 21:10:25,5.000887,BOTTOM,123,1,23,12,2.399574
1771535430,2026-02-19 21:10:30,5.000888,TOP,103,1,63,0,0.000000
1771535430,2026-02-19 21:10:30,5.000888,TOP,103,2,62,0,0.000000
1771535430,2026-02-19 21:10:30,5.000888,TOP,300,1,58,0,0.000000
1771535430,2026-02-19 21:10:30,5.000888,TOP,300,2,59,0,0.000000
1771535430,2026-02-19 21:10:30,5.000888,TOP,80,1,60,202,40.392826
1771535430,2026-02-19 21:10:30,5.000888,TOP,80,2,61,225,44.992009
1771535430,2026-02-19 21:10:30,5.000888,TOP,303,1,50,206,41.192684
1771535430,2026-02-19 21:10:30,5.000888,TOP,303,2,57,110,21.996093
1771535430,2026-02-19 21:10:30,5.000888,TOP,88,1,56,35,6.998757
1771535430,2026-02-19 21:10:30,5.000888,TOP,88,2,54,3,0.599893
1771535430,2026-02-19 21:10:30,5.000888,TOP,30,1,127,0,0.000000
1771535430,2026-02-19 21:10:30,5.000888,TOP,30,2,126,195,38.993075
1771535430,2026-02-19 21:10:30,5.000888,TOP,34,1,106,0,0.000000
1771535430,2026-02-19 21:10:30,5.000888,TOP,34,2,107,0,0.000000
1771535430,2026-02-19 21:10:30,5.000888,TOP,74,1,108,96,19.196591
1771535430,2026-02-19 21:10:30,5.000888,TOP,74,2,110,199,39.792933
1771535430,2026-02-19 21:10:30,5.000888,TOP,47,1,112,18,3.599361
1771535430,2026-02-19 21:10:30,5.000888,TOP,47,2,114,226,45.191974
1771535430,2026-02-19 21:10:30,5.000888,TOP,115,1,116,37,7.398686
1771535430,2026-02-19 21:10:30,5.000888,TOP,115,2,118,231,46.191796
1771535430,2026-02-19 21:10:30,5.000888,TOP,46,1,119,0,0.000000
1771535430,2026-02-19 21:10:30,5.000888,TOP,46,2,117,9,1.799680
1771535430,2026-02-19 21:10:30,5.000888,TOP,167,1,115,122,24.395667
1771535430,2026-02-19 21:10:30,5.000888,TOP,167,2,113,76,15.197301
1771535430,2026-02-19 21:10:30,5.000888,TOP,90,1,111,198,39.592968
1771535430,2026-02-19 21:10:30,5.000888,TOP,90,2,109,8,1.599716
1771535430,2026-02-19 21:10:30,5.000888,TOP,302,1,120,0,0.000000
1771535430,2026-02-19 21:10:30,5.000888,TOP,302,2,121,0,0.000000
1771535430,2026-02-19 21:10:30,5.000888,TOP,62,1,122,0,0.000000
1771535430,2026-02-19 21:10:30,5.000888,TOP,62,2,123,0,0.000000
1771535430,2026-02-19 21:10:30,5.000888,TOP,44,1,124,0,0.000000
1771535430,2026-02-19 21:10:30,5.000888,TOP,44,2,125,0,0.000000
1771535430,2026-02-19 21:10:30,5.000888,TOP,61,1,55,171,34.193927
1771535430,2026-02-19 21:10:30,5.000888,TOP,61,2,51,1,0.199964
1771535430,2026-02-19 21:10:30,5.000888,BARREL,26,1,24,63,12.597763
1771535430,2026-02-19 21:10:30,5.000888,BARREL,26,2,25,54,10.798082
1771535430,2026-02-19 21:10:30,5.000888,BARREL,66,1,26,43,8.598473
1771535430,2026-02-19 21:10:30,5.000888,BARREL,66,2,27,36,7.198721
1771535430,2026-02-19 21:10:30,5.000888,BARREL,10,1,28,71,14.197478
1771535430,2026-02-19 21:10:30,5.000888,BARREL,10,2,29,47,9.398331
1771535430,2026-02-19 21:10:30,5.000888,BARREL,58,1,30,0,0.000000
1771535430,2026-02-19 21:10:30,5.000888,BARREL,58,2,31,0,0.000000
1771535430,2026-02-19 21:10:30,5.000888,BARREL,306,1,32,45,8.998402
1771535430,2026-02-19 21:10:30,5.000888,BARREL,306,2,33,31,6.198899
1771535430,2026-02-19 21:10:30,5.000888,BARREL,9,1,34,37,7.398686
1771535430,2026-02-19 21:10:30,5.000888,BARREL,9,2,35,0,0.000000
1771535430,2026-02-19 21:10:30,5.000888,BARREL,57,1,36,54,10.798082
1771535430,2026-02-19 21:10:30,5.000888,BARREL,57,2,37,17,3.399396
1771535430,2026-02-19 21:10:30,5.000888,BARREL,79,1,38,42,8.398508
1771535430,2026-02-19 21:10:30,5.000888,BARREL,79,2,39,65,12.997692
1771535430,2026-02-19 21:10:30,5.000888,BARREL,116,1,40,0,0.000000
1771535430,2026-02-19 21:10:30,5.000888,BARREL,116,2,41,55,10.998047
1771535430,2026-02-19 21:10:30,5.000888,BARREL,13,1,42,0,0.000000
1771535430,2026-02-19 21:10:30,5.000888,BARREL,13,2,43,0,0.000000
1771535430,2026-02-19 21:10:30,5.000888,BARREL,76,1,44,54,10.798082
1771535430,2026-02-19 21:10:30,5.000888,BARREL,76,2,45,39,7.798615
1771535430,2026-02-19 21:10:30,5.000888,BARREL,17,1,46,33,6.598828
1771535430,2026-02-19 21:10:30,5.000888,BARREL,17,2,47,48,9.598295
1771535430,2026-02-19 21:10:30,5.000888,BARREL,125,1,48,67,13.397621
1771535430,2026-02-19 21:10:30,5.000888,BARREL,125,2,49,20,3.999290
1771535430,2026-02-19 21:10:30,5.000888,BARREL,104,1,52,0,0.000000
1771535430,2026-02-19 21:10:30,5.000888,BARREL,104,2,53,461,92.183628
1771535430,2026-02-19 21:10:30,5.000888,BARREL,37,1,64,0,0.000000
1771535430,2026-02-19 21:10:30,5.000888,BARREL,37,2,65,0,0.000000
1771535430,2026-02-19 21:10:30,5.000888,BARREL,70,1,66,60,11.997869
1771535430,2026-02-19 21:10:30,5.000888,BARREL,70,2,67,0,0.000000
1771535430,2026-02-19 21:10:30,5.000888,BARREL,28,1,68,57,11.397976
1771535430,2026-02-19 21:10:30,5.000888,BARREL,28,2,69,57,11.397976
1771535430,2026-02-19 21:10:30,5.000888,BARREL,54,1,70,55,10.998047
1771535430,2026-02-19 21:10:30,5.000888,BARREL,54,2,71,0,0.000000
1771535430,2026-02-19 21:10:30,5.000888,BARREL,25,1,72,64,12.797727
1771535430,2026-02-19 21:10:30,5.000888,BARREL,25,2,73,0,0.000000
1771535430,2026-02-19 21:10:30,5.000888,BARREL,301,1,74,37,7.398686
1771535430,2026-02-19 21:10:30,5.000888,BARREL,301,2,75,62,12.397798
1771535430,2026-02-19 21:10:30,5.000888,BARREL,304,1,76,54,10.798082
1771535430,2026-02-19 21:10:30,5.000888,BARREL,304,2,77,58,11.597940
1771535430,2026-02-19 21:10:30,5.000888,BARREL,22,1,78,1454,290.748363
1771535430,2026-02-19 21:10:30,5.000888,BARREL,22,2,79,47,9.398331
1771535430,2026-02-19 21:10:30,5.000888,BARREL,4,1,80,56,11.198011
1771535430,2026-02-19 21:10:30,5.000888,BARREL,4,2,81,49,9.798260
1771535430,2026-02-19 21:10:30,5.000888,BARREL,12,1,82,61,12.197834
1771535430,2026-02-19 21:10:30,5.000888,BARREL,12,2,83,45,8.998402
1771535430,2026-02-19 21:10:30,5.000888,BARREL,99,1,84,58,11.597940
1771535430,2026-02-19 21:10:30,5.000888,BARREL,99,2,85,0,0.000000
1771535430,2026-02-19 21:10:30,5.000888,BARREL,56,1,86,56,11.198011
1771535430,2026-02-19 21:10:30,5.000888,BARREL,56,2,87,87,17.396910
1771535430,2026-02-19 21:10:30,5.000888,BARREL,122,1,88,39,7.798615
1771535430,2026-02-19 21:10:30,5.000888,BARREL,122,2,89,48,9.598295
1771535430,2026-02-19 21:10:30,5.000888,BARREL,55,1,90,54,10.798082
1771535430,2026-02-19 21:10:30,5.000888,BARREL,55,2,91,5,0.999822
1771535430,2026-02-19 21:10:30,5.000888,BARREL,83,1,92,22,4.399219
1771535430,2026-02-19 21:10:30,5.000888,BARREL,83,2,93,0,0.000000
1771535430,2026-02-19 21:10:30,5.000888,BARREL,97,1,94,13,2.599538
1771535430,2026-02-19 21:10:30,5.000888,BARREL,97,2,95,50,9.998224
1771535430,2026-02-19 21:10:30,5.000888,BARREL,84,1,96,63,12.597763
1771535430,2026-02-19 21:10:30,5.000888,BARREL,84,2,97,42,8.398508
1771535430,2026-02-19 21:10:30,5.000888,BARREL,305,1,98,64,12.797727
1771535430,2026-02-19 21:10:30,5.000888,BARREL,305,2,99,47,9.398331
1771535430,2026-02-19 21:10:30,5.000888,BARREL,2,1,100,35,6.998757
1771535430,2026-02-19 21:10:30,5.000888,BARREL,2,2,101,45,8.998402
1771535430,2026-02-19 21:10:30,5.000888,BARREL,45,1,102,49,9.798260
1771535430,2026-02-19 21:10:30,5.000888,BARREL,45,2,103,41,8.198544
1771535430,2026-02-19 21:10:30,5.000888,BARREL,77,1,-1,0,0.000000
1771535430,2026-02-19 21:10:30,5.000888,BARREL,77,2,-1,0,0.000000
1771535430,2026-02-19 21:10:30,5.000888,BOTTOM,11,1,2,33,6.598828
1771535430,2026-02-19 21:10:30,5.000888,BOTTOM,11,2,3,123,24.595632
1771535430,2026-02-19 21:10:30,5.000888,BOTTOM,38,1,4,175,34.993785
1771535430,2026-02-19 21:10:30,5.000888,BOTTOM,38,2,5,177,35.393714
1771535430,2026-02-19 21:10:30,5.000888,BOTTOM,96,1,6,222,44.392116
1771535430,2026-02-19 21:10:30,5.000888,BOTTOM,96,2,7,1327,265.352873
1771535430,2026-02-19 21:10:30,5.000888,BOTTOM,307,1,8,153,30.594566
1771535430,2026-02-19 21:10:30,5.000888,BOTTOM,307,2,9,604,120.778549
1771535430,2026-02-19 21:10:30,5.000888,BOTTOM,52,1,10,98,19.596520
1771535430,2026-02-19 21:10:30,5.000888,BOTTOM,52,2,11,190,37.993252
1771535430,2026-02-19 21:10:30,5.000888,BOTTOM,102,1,12,143,28.594921
1771535430,2026-02-19 21:10:30,5.000888,BOTTOM,102,2,13,342,68.387854
1771535430,2026-02-19 21:10:30,5.000888,BOTTOM,124,2,14,20,3.999290
1771535430,2026-02-19 21:10:30,5.000888,BOTTOM,124,1,15,84,16.797017
1771535430,2026-02-19 21:10:30,5.000888,BOTTOM,48,2,16,275,54.990234
1771535430,2026-02-19 21:10:30,5.000888,BOTTOM,48,1,17,115,22.995916
1771535430,2026-02-19 21:10:30,5.000888,BOTTOM,75,2,18,0,0.000000
1771535430,2026-02-19 21:10:30,5.000888,BOTTOM,75,1,19,2,0.399929
1771535430,2026-02-19 21:10:30,5.000888,BOTTOM,109,2,20,184,36.793465
1771535430,2026-02-19 21:10:30,5.000888,BOTTOM,109,1,21,215,42.992364
1771535430,2026-02-19 21:10:30,5.000888,BOTTOM,123,2,22,43,8.598473
1771535430,2026-02-19 21:10:30,5.000888,BOTTOM,123,1,23,14,2.799503
1771535435,2026-02-19 21:10:35,5.000884,TOP,103,1,63,0,0.000000
1771535435,2026-02-19 21:10:35,5.000884,TOP,103,2,62,0,0.000000
1771535435,2026-02-19 21:10:35,5.000884,TOP,300,1,58,0,0.000000
1771535435,2026-02-19 21:10:35,5.000884,TOP,300,2,59,0,0.000000
1771535435,2026-02-19 21:10:35,5.000884,TOP,80,1,60,200,39.992933
1771535435,2026-02-19 21:10:35,5.000884,TOP,80,2,61,207,41.392685
1771535435,2026-02-19 21:10:35,5.000884,TOP,303,1,50,200,39.992933
1771535435,2026-02-19 21:10:35,5.000884,TOP,303,2,57,91,18.196784
1771535435,2026-02-19 21:10:35,5.000884,TOP,88,1,56,38,7.598657
1771535435,2026-02-19 21:10:35,5.000884,TOP,88,2,54,2,0.399929
1771535435,2026-02-19 21:10:35,5.000884,TOP,30,1,127,0,0.000000
1771535435,2026-02-19 21:10:35,5.000884,TOP,30,2,126,176,35.193781
1771535435,2026-02-19 21:10:35,5.000884,TOP,34,1,106,0,0.000000
1771535435,2026-02-19 21:10:35,5.000884,TOP,34,2,107,0,0.000000
1771535435,2026-02-19 21:10:35,5.000884,TOP,74,1,108,77,15.397279
1771535435,2026-02-19 21:10:35,5.000884,TOP,74,2,110,224,44.792085
1771535435,2026-02-19 21:10:35,5.000884,TOP,47,1,112,14,2.799505
1771535435,2026-02-19 21:10:35,5.000884,TOP,47,2,114,220,43.992226
1771535435,2026-02-19 21:10:35,5.000884,TOP,115,1,116,44,8.798445
1771535435,2026-02-19 21:10:35,5.000884,TOP,115,2,118,248,49.591236
1771535435,2026-02-19 21:10:35,5.000884,TOP,46,1,119,0,0.000000
1771535435,2026-02-19 21:10:35,5.000884,TOP,46,2,117,15,2.999470
1771535435,2026-02-19 21:10:35,5.000884,TOP,167,1,115,120,23.995760
1771535435,2026-02-19 21:10:35,5.000884,TOP,167,2,113,87,17.396926
1771535435,2026-02-19 21:10:35,5.000884,TOP,90,1,111,208,41.592650
1771535435,2026-02-19 21:10:35,5.000884,TOP,90,2,109,9,1.799682
1771535435,2026-02-19 21:10:35,5.000884,TOP,302,1,120,0,0.000000
1771535435,2026-02-19 21:10:35,5.000884,TOP,302,2,121,0,0.000000
1771535435,2026-02-19 21:10:35,5.000884,TOP,62,1,122,0,0.000000
1771535435,2026-02-19 21:10:35,5.000884,TOP,62,2,123,0,0.000000
1771535435,2026-02-19 21:10:35,5.000884,TOP,44,1,124,0,0.000000
1771535435,2026-02-19 21:10:35,5.000884,TOP,44,2,125,0,0.000000
1771535435,2026-02-19 21:10:35,5.000884,TOP,61,1,55,177,35.393745
1771535435,2026-02-19 21:10:35,5.000884,TOP,61,2,51,0,0.000000
1771535435,2026-02-19 21:10:35,5.000884,BARREL,26,1,24,64,12.797738
1771535435,2026-02-19 21:10:35,5.000884,BARREL,26,2,25,57,11.397986
1771535435,2026-02-19 21:10:35,5.000884,BARREL,66,1,26,55,10.998056
1771535435,2026-02-19 21:10:35,5.000884,BARREL,66,2,27,25,4.999117
1771535435,2026-02-19 21:10:35,5.000884,BARREL,10,1,28,54,10.798092
1771535435,2026-02-19 21:10:35,5.000884,BARREL,10,2,29,42,8.398516
1771535435,2026-02-19 21:10:35,5.000884,BARREL,58,1,30,0,0.000000
1771535435,2026-02-19 21:10:35,5.000884,BARREL,58,2,31,0,0.000000
1771535435,2026-02-19 21:10:35,5.000884,BARREL,306,1,32,47,9.398339
1771535435,2026-02-19 21:10:35,5.000884,BARREL,306,2,33,28,5.599011
1771535435,2026-02-19 21:10:35,5.000884,BARREL,9,1,34,45,8.998410
1771535435,2026-02-19 21:10:35,5.000884,BARREL,9,2,35,0,0.000000
1771535435,2026-02-19 21:10:35,5.000884,BARREL,57,1,36,51,10.198198
1771535435,2026-02-19 21:10:35,5.000884,BARREL,57,2,37,23,4.599187
1771535435,2026-02-19 21:10:35,5.000884,BARREL,79,1,38,55,10.998056
1771535435,2026-02-19 21:10:35,5.000884,BARREL,79,2,39,59,11.797915
1771535435,2026-02-19 21:10:35,5.000884,BARREL,116,1,40,0,0.000000
1771535435,2026-02-19 21:10:35,5.000884,BARREL,116,2,41,63,12.597774
1771535435,2026-02-19 21:10:35,5.000884,BARREL,13,1,42,0,0.000000
1771535435,2026-02-19 21:10:35,5.000884,BARREL,13,2,43,0,0.000000
1771535435,2026-02-19 21:10:35,5.000884,BARREL,76,1,44,54,10.798092
1771535435,2026-02-19 21:10:35,5.000884,BARREL,76,2,45,54,10.798092
1771535435,2026-02-19 21:10:35,5.000884,BARREL,17,1,46,24,4.799152
1771535435,2026-02-19 21:10:35,5.000884,BARREL,17,2,47,49,9.798268
1771535435,2026-02-19 21:10:35,5.000884,BARREL,125,1,48,74,14.797385
1771535435,2026-02-19 21:10:35,5.000884,BARREL,125,2,49,23,4.599187
1771535435,2026-02-19 21:10:35,5.000884,BARREL,104,1,52,0,0.000000
1771535435,2026-02-19 21:10:35,5.000884,BARREL,104,2,53,491,98.182650
1771535435,2026-02-19 21:10:35,5.000884,BARREL,37,1,64,0,0.000000
1771535435,2026-02-19 21:10:35,5.000884,BARREL,37,2,65,0,0.000000
1771535435,2026-02-19 21:10:35,5.000884,BARREL,70,1,66,57,11.397986
1771535435,2026-02-19 21:10:35,5.000884,BARREL,70,2,67,0,0.000000
1771535435,2026-02-19 21:10:35,5.000884,BARREL,28,1,68,52,10.398162
1771535435,2026-02-19 21:10:35,5.000884,BARREL,28,2,69,59,11.797915
1771535435,2026-02-19 21:10:35,5.000884,BARREL,54,1,70,54,10.798092
1771535435,2026-02-19 21:10:35,5.000884,BARREL,54,2,71,0,0.000000
1771535435,2026-02-19 21:10:35,5.000884,BARREL,25,1,72,47,9.398339
1771535435,2026-02-19 21:10:35,5.000884,BARREL,25,2,73,0,0.000000
1771535435,2026-02-19 21:10:35,5.000884,BARREL,301,1,74,42,8.398516
1771535435,2026-02-19 21:10:35,5.000884,BARREL,301,2,75,55,10.998056
1771535435,2026-02-19 21:10:35,5.000884,BARREL,304,1,76,66,13.197668
1771535435,2026-02-19 21:10:35,5.000884,BARREL,304,2,77,52,10.398162
1771535435,2026-02-19 21:10:35,5.000884,BARREL,22,1,78,1921,384.132118
1771535435,2026-02-19 21:10:35,5.000884,BARREL,22,2,79,62,12.397809
1771535435,2026-02-19 21:10:35,5.000884,BARREL,4,1,80,58,11.597950
1771535435,2026-02-19 21:10:35,5.000884,BARREL,4,2,81,71,14.197491
1771535435,2026-02-19 21:10:35,5.000884,BARREL,12,1,82,52,10.398162
1771535435,2026-02-19 21:10:35,5.000884,BARREL,12,2,83,40,7.998587
1771535435,2026-02-19 21:10:35,5.000884,BARREL,99,1,84,61,12.197844
1771535435,2026-02-19 21:10:35,5.000884,BARREL,99,2,85,0,0.000000
1771535435,2026-02-19 21:10:35,5.000884,BARREL,56,1,86,54,10.798092
1771535435,2026-02-19 21:10:35,5.000884,BARREL,56,2,87,61,12.197844
1771535435,2026-02-19 21:10:35,5.000884,BARREL,122,1,88,31,6.198905
1771535435,2026-02-19 21:10:35,5.000884,BARREL,122,2,89,50,9.998233
1771535435,2026-02-19 21:10:35,5.000884,BARREL,55,1,90,45,8.998410
1771535435,2026-02-19 21:10:35,5.000884,BARREL,55,2,91,10,1.999647
1771535435,2026-02-19 21:10:35,5.000884,BARREL,83,1,92,15,2.999470
1771535435,2026-02-19 21:10:35,5.000884,BARREL,83,2,93,0,0.000000
1771535435,2026-02-19 21:10:35,5.000884,BARREL,97,1,94,10,1.999647
1771535435,2026-02-19 21:10:35,5.000884,BARREL,97,2,95,56,11.198021
1771535435,2026-02-19 21:10:35,5.000884,BARREL,84,1,96,45,8.998410
1771535435,2026-02-19 21:10:35,5.000884,BARREL,84,2,97,49,9.798268
1771535435,2026-02-19 21:10:35,5.000884,BARREL,305,1,98,76,15.197314
1771535435,2026-02-19 21:10:35,5.000884,BARREL,305,2,99,61,12.197844
1771535435,2026-02-19 21:10:35,5.000884,BARREL,2,1,100,45,8.998410
1771535435,2026-02-19 21:10:35,5.000884,BARREL,2,2,101,56,11.198021
1771535435,2026-02-19 21:10:35,5.000884,BARREL,45,1,102,65,12.997703
1771535435,2026-02-19 21:10:35,5.000884,BARREL,45,2,103,36,7.198728
1771535435,2026-02-19 21:10:35,5.000884,BARREL,77,1,-1,0,0.000000
1771535435,2026-02-19 21:10:35,5.000884,BARREL,77,2,-1,0,0.000000
1771535435,2026-02-19 21:10:35,5.000884,BOTTOM,11,1,2,39,7.798622
1771535435,2026-02-19 21:10:35,5.000884,BOTTOM,11,2,3,175,34.993816
1771535435,2026-02-19 21:10:35,5.000884,BOTTOM,38,1,4,137,27.395159
1771535435,2026-02-19 21:10:35,5.000884,BOTTOM,38,2,5,161,32.194311
1771535435,2026-02-19 21:10:35,5.000884,BOTTOM,96,1,6,227,45.391979
1771535435,2026-02-19 21:10:35,5.000884,BOTTOM,96,2,7,1312,262.353638
1771535435,2026-02-19 21:10:35,5.000884,BOTTOM,307,1,8,143,28.594947
1771535435,2026-02-19 21:10:35,5.000884,BOTTOM,307,2,9,682,136.375900
1771535435,2026-02-19 21:10:35,5.000884,BOTTOM,52,1,10,113,22.596007
1771535435,2026-02-19 21:10:35,5.000884,BOTTOM,52,2,11,226,45.192014
1771535435,2026-02-19 21:10:35,5.000884,BOTTOM,102,1,12,119,23.795795
1771535435,2026-02-19 21:10:35,5.000884,BOTTOM,102,2,13,345,68.987809
1771535435,2026-02-19 21:10:35,5.000884,BOTTOM,124,2,14,21,4.199258
1771535435,2026-02-19 21:10:35,5.000884,BOTTOM,124,1,15,125,24.995583
1771535435,2026-02-19 21:10:35,5.000884,BOTTOM,48,2,16,283,56.590000
1771535435,2026-02-19 21:10:35,5.000884,BOTTOM,48,1,17,115,22.995936
1771535435,2026-02-19 21:10:35,5.000884,BOTTOM,75,2,18,0,0.000000
1771535435,2026-02-19 21:10:35,5.000884,BOTTOM,75,1,19,8,1.599717
1771535435,2026-02-19 21:10:35,5.000884,BOTTOM,109,2,20,180,35.993639
1771535435,2026-02-19 21:10:35,5.000884,BOTTOM,109,1,21,201,40.192897
1771535435,2026-02-19 21:10:35,5.000884,BOTTOM,123,2,22,52,10.398162
1771535435,2026-02-19 21:10:35,5.000884,BOTTOM,123,1,23,20,3.999293
1771535440,2026-02-19 21:10:40,5.000898,TOP,103,1,63,0,0.000000
1771535440,2026-02-19 21:10:40,5.000898,TOP,103,2,62,0,0.000000
1771535440,2026-02-19 21:10:40,5.000898,TOP,300,1,58,0,0.000000
1771535440,2026-02-19 21:10:40,5.000898,TOP,300,2,59,0,0.000000
1771535440,2026-02-19 21:10:40,5.000898,TOP,80,1,60,218,43.592172
1771535440,2026-02-19 21:10:40,5.000898,TOP,80,2,61,206,41.192603
1771535440,2026-02-19 21:10:40,5.000898,TOP,303,1,50,224,44.791957
1771535440,2026-02-19 21:10:40,5.000898,TOP,303,2,57,117,23.395799
1771535440,2026-02-19 21:10:40,5.000898,TOP,88,1,56,45,8.998384
1771535440,2026-02-19 21:10:40,5.000898,TOP,88,2,54,4,0.799856
1771535440,2026-02-19 21:10:40,5.000898,TOP,30,1,127,0,0.000000
1771535440,2026-02-19 21:10:40,5.000898,TOP,30,2,126,170,33.993896
1771535440,2026-02-19 21:10:40,5.000898,TOP,34,1,106,0,0.000000
1771535440,2026-02-19 21:10:40,5.000898,TOP,34,2,107,0,0.000000
1771535440,2026-02-19 21:10:40,5.000898,TOP,74,1,108,89,17.796804
1771535440,2026-02-19 21:10:40,5.000898,TOP,74,2,110,214,42.792316
1771535440,2026-02-19 21:10:40,5.000898,TOP,47,1,112,17,3.399390
1771535440,2026-02-19 21:10:40,5.000898,TOP,47,2,114,233,46.591633
1771535440,2026-02-19 21:10:40,5.000898,TOP,115,1,116,39,7.798600
1771535440,2026-02-19 21:10:40,5.000898,TOP,115,2,118,203,40.592711
1771535440,2026-02-19 21:10:40,5.000898,TOP,46,1,119,0,0.000000
1771535440,2026-02-19 21:10:40,5.000898,TOP,46,2,117,16,3.199425
1771535440,2026-02-19 21:10:40,5.000898,TOP,167,1,115,97,19.396517
1771535440,2026-02-19 21:10:40,5.000898,TOP,167,2,113,78,15.597199
1771535440,2026-02-19 21:10:40,5.000898,TOP,90,1,111,207,41.392567
1771535440,2026-02-19 21:10:40,5.000898,TOP,90,2,109,10,1.999641
1771535440,2026-02-19 21:10:40,5.000898,TOP,302,1,120,1,0.199964
1771535440,2026-02-19 21:10:40,5.000898,TOP,302,2,121,0,0.000000
1771535440,2026-02-19 21:10:40,5.000898,TOP,62,1,122,0,0.000000
1771535440,2026-02-19 21:10:40,5.000898,TOP,62,2,123,0,0.000000
1771535440,2026-02-19 21:10:40,5.000898,TOP,44,1,124,0,0.000000
1771535440,2026-02-19 21:10:40,5.000898,TOP,44,2,125,0,0.000000
1771535440,2026-02-19 21:10:40,5.000898,TOP,61,1,55,132,26.395260
1771535440,2026-02-19 21:10:40,5.000898,TOP,61,2,51,0,0.000000
1771535440,2026-02-19 21:10:40,5.000898,BARREL,26,1,24,58,11.597917
1771535440,2026-02-19 21:10:40,5.000898,BARREL,26,2,25,31,6.198887
1771535440,2026-02-19 21:10:40,5.000898,BARREL,66,1,26,86,17.196912
1771535440,2026-02-19 21:10:40,5.000898,BARREL,66,2,27,24,4.799138
1771535440,2026-02-19 21:10:40,5.000898,BARREL,10,1,28,58,11.597917
1771535440,2026-02-19 21:10:40,5.000898,BARREL,10,2,29,40,7.998564
1771535440,2026-02-19 21:10:40,5.000898,BARREL,58,1,30,0,0.000000
1771535440,2026-02-19 21:10:40,5.000898,BARREL,58,2,31,0,0.000000
1771535440,2026-02-19 21:10:40,5.000898,BARREL,306,1,32,45,8.998384
1771535440,2026-02-19 21:10:40,5.000898,BARREL,306,2,33,45,8.998384
1771535440,2026-02-19 21:10:40,5.000898,BARREL,9,1,34,35,6.998743
1771535440,2026-02-19 21:10:40,5.000898,BARREL,9,2,35,0,0.000000
1771535440,2026-02-19 21:10:40,5.000898,BARREL,57,1,36,57,11.397953
1771535440,2026-02-19 21:10:40,5.000898,BARREL,57,2,37,24,4.799138
1771535440,2026-02-19 21:10:40,5.000898,BARREL,79,1,38,49,9.798240
1771535440,2026-02-19 21:10:40,5.000898,BARREL,79,2,39,68,13.597558
1771535440,2026-02-19 21:10:40,5.000898,BARREL,116,1,40,0,0.000000
1771535440,2026-02-19 21:10:40,5.000898,BARREL,116,2,41,41,8.198528
1771535440,2026-02-19 21:10:40,5.000898,BARREL,13,1,42,0,0.000000
1771535440,2026-02-19 21:10:40,5.000898,BARREL,13,2,43,0,0.000000
1771535440,2026-02-19 21:10:40,5.000898,BARREL,76,1,44,61,12.197810
1771535440,2026-02-19 21:10:40,5.000898,BARREL,76,2,45,38,7.598635
1771535440,2026-02-19 21:10:40,5.000898,BARREL,17,1,46,18,3.599354
1771535440,2026-02-19 21:10:40,5.000898,BARREL,17,2,47,51,10.198169
1771535440,2026-02-19 21:10:40,5.000898,BARREL,125,1,48,62,12.397774
1771535440,2026-02-19 21:10:40,5.000898,BARREL,125,2,49,9,1.799677
1771535440,2026-02-19 21:10:40,5.000898,BARREL,104,1,52,0,0.000000
1771535440,2026-02-19 21:10:40,5.000898,BARREL,104,2,53,359,71.787109
1771535440,2026-02-19 21:10:40,5.000898,BARREL,37,1,64,0,0.000000
1771535440,2026-02-19 21:10:40,5.000898,BARREL,37,2,65,0,0.000000
1771535440,2026-02-19 21:10:40,5.000898,BARREL,70,1,66,48,9.598276
1771535440,2026-02-19 21:10:40,5.000898,BARREL,70,2,67,0,0.000000
1771535440,2026-02-19 21:10:40,5.000898,BARREL,28,1,68,52,10.398133
1771535440,2026-02-19 21:10:40,5.000898,BARREL,28,2,69,80,15.997127
1771535440,2026-02-19 21:10:40,5.000898,BARREL,54,1,70,35,6.998743
1771535440,2026-02-19 21:10:40,5.000898,BARREL,54,2,71,0,0.000000
1771535440,2026-02-19 21:10:40,5.000898,BARREL,25,1,72,61,12.197810
1771535440,2026-02-19 21:10:40,5.000898,BARREL,25,2,73,0,0.000000
1771535440,2026-02-19 21:10:40,5.000898,BARREL,301,1,74,48,9.598276
1771535440,2026-02-19 21:10:40,5.000898,BARREL,301,2,75,66,13.197630
1771535440,2026-02-19 21:10:40,5.000898,BARREL,304,1,76,58,11.597917
1771535440,2026-02-19 21:10:40,5.000898,BARREL,304,2,77,63,12.597738
1771535440,2026-02-19 21:10:40,5.000898,BARREL,22,1,78,1450,289.947933
1771535440,2026-02-19 21:10:40,5.000898,BARREL,22,2,79,47,9.398312
1771535440,2026-02-19 21:10:40,5.000898,BARREL,4,1,80,43,8.598456
1771535440,2026-02-19 21:10:40,5.000898,BARREL,4,2,81,49,9.798240
1771535440,2026-02-19 21:10:40,5.000898,BARREL,12,1,82,69,13.797522
1771535440,2026-02-19 21:10:40,5.000898,BARREL,12,2,83,52,10.398133
1771535440,2026-02-19 21:10:40,5.000898,BARREL,99,1,84,70,13.997486
1771535440,2026-02-19 21:10:40,5.000898,BARREL,99,2,85,0,0.000000
1771535440,2026-02-19 21:10:40,5.000898,BARREL,56,1,86,61,12.197810
1771535440,2026-02-19 21:10:40,5.000898,BARREL,56,2,87,87,17.396876
1771535440,2026-02-19 21:10:40,5.000898,BARREL,122,1,88,29,5.798959
1771535440,2026-02-19 21:10:40,5.000898,BARREL,122,2,89,58,11.597917
1771535440,2026-02-19 21:10:40,5.000898,BARREL,55,1,90,32,6.398851
1771535440,2026-02-19 21:10:40,5.000898,BARREL,55,2,91,13,2.599533
1771535440,2026-02-19 21:10:40,5.000898,BARREL,83,1,92,18,3.599354
1771535440,2026-02-19 21:10:40,5.000898,BARREL,83,2,93,0,0.000000
1771535440,2026-02-19 21:10:40,5.000898,BARREL,97,1,94,9,1.799677
1771535440,2026-02-19 21:10:40,5.000898,BARREL,97,2,95,40,7.998564
1771535440,2026-02-19 21:10:40,5.000898,BARREL,84,1,96,50,9.998205
1771535440,2026-02-19 21:10:40,5.000898,BARREL,84,2,97,34,6.798779
1771535440,2026-02-19 21:10:40,5.000898,BARREL,305,1,98,65,12.997666
1771535440,2026-02-19 21:10:40,5.000898,BARREL,305,2,99,51,10.198169
1771535440,2026-02-19 21:10:40,5.000898,BARREL,2,1,100,29,5.798959
1771535440,2026-02-19 21:10:40,5.000898,BARREL,2,2,101,52,10.398133
1771535440,2026-02-19 21:10:40,5.000898,BARREL,45,1,102,67,13.397594
1771535440,2026-02-19 21:10:40,5.000898,BARREL,45,2,103,32,6.398851
1771535440,2026-02-19 21:10:40,5.000898,BARREL,77,1,-1,0,0.000000
1771535440,2026-02-19 21:10:40,5.000898,BARREL,77,2,-1,0,0.000000
1771535440,2026-02-19 21:10:40,5.000898,BOTTOM,11,1,2,49,9.798240
1771535440,2026-02-19 21:10:40,5.000898,BOTTOM,11,2,3,95,18.996589
1771535440,2026-02-19 21:10:40,5.000898,BOTTOM,38,1,4,177,35.393644
1771535440,2026-02-19 21:10:40,5.000898,BOTTOM,38,2,5,189,37.793213
1771535440,2026-02-19 21:10:40,5.000898,BOTTOM,96,1,6,222,44.392028
1771535440,2026-02-19 21:10:40,5.000898,BOTTOM,96,2,7,1338,267.551954
1771535440,2026-02-19 21:10:40,5.000898,BOTTOM,307,1,8,139,27.795009
1771535440,2026-02-19 21:10:40,5.000898,BOTTOM,307,2,9,614,122.777952
1771535440,2026-02-19 21:10:40,5.000898,BOTTOM,52,1,10,111,22.196014
1771535440,2026-02-19 21:10:40,5.000898,BOTTOM,52,2,11,188,37.593249
1771535440,2026-02-19 21:10:40,5.000898,BOTTOM,102,1,12,123,24.595583
1771535440,2026-02-19 21:10:40,5.000898,BOTTOM,102,2,13,345,68.987612
1771535440,2026-02-19 21:10:40,5.000898,BOTTOM,124,2,14,27,5.399030
1771535440,2026-02-19 21:10:40,5.000898,BOTTOM,124,1,15,96,19.196553
1771535440,2026-02-19 21:10:40,5.000898,BOTTOM,48,2,16,279,55.789982
1771535440,2026-02-19 21:10:40,5.000898,BOTTOM,48,1,17,123,24.595583
1771535440,2026-02-19 21:10:40,5.000898,BOTTOM,75,2,18,0,0.000000
1771535440,2026-02-19 21:10:40,5.000898,BOTTOM,75,1,19,7,1.399749
1771535440,2026-02-19 21:10:40,5.000898,BOTTOM,109,2,20,189,37.793213
1771535440,2026-02-19 21:10:40,5.000898,BOTTOM,109,1,21,195,38.992998
1771535440,2026-02-19 21:10:40,5.000898,BOTTOM,123,2,22,36,7.198707
1771535440,2026-02-19 21:10:40,5.000898,BOTTOM,123,1,23,17,3.399390
1771535445,2026-02-19 21:10:45,5.000958,TOP,103,1,63,0,0.000000
1771535445,2026-02-19 21:10:45,5.000958,TOP,103,2,62,0,0.000000
1771535445,2026-02-19 21:10:45,5.000958,TOP,300,1,58,0,0.000000
1771535445,2026-02-19 21:10:45,5.000958,TOP,300,2,59,0,0.000000
1771535445,2026-02-19 21:10:45,5.000958,TOP,80,1,60,184,36.792952
1771535445,2026-02-19 21:10:45,5.000958,TOP,80,2,61,191,38.192684
1771535445,2026-02-19 21:10:45,5.000958,TOP,303,1,50,188,37.592799
1771535445,2026-02-19 21:10:45,5.000958,TOP,303,2,57,138,27.594714
1771535445,2026-02-19 21:10:45,5.000958,TOP,88,1,56,42,8.398391
1771535445,2026-02-19 21:10:45,5.000958,TOP,88,2,54,5,0.999808
1771535445,2026-02-19 21:10:45,5.000958,TOP,30,1,127,0,0.000000
1771535445,2026-02-19 21:10:45,5.000958,TOP,30,2,126,182,36.393029
1771535445,2026-02-19 21:10:45,5.000958,TOP,34,1,106,0,0.000000
1771535445,2026-02-19 21:10:45,5.000958,TOP,34,2,107,0,0.000000
1771535445,2026-02-19 21:10:45,5.000958,TOP,74,1,108,93,18.596438
1771535445,2026-02-19 21:10:45,5.000958,TOP,74,2,110,203,40.592225
1771535445,2026-02-19 21:10:45,5.000958,TOP,47,1,112,18,3.599311
1771535445,2026-02-19 21:10:45,5.000958,TOP,47,2,114,229,45.791229
1771535445,2026-02-19 21:10:45,5.000958,TOP,115,1,116,54,10.797932
1771535445,2026-02-19 21:10:45,5.000958,TOP,115,2,118,223,44.591459
1771535445,2026-02-19 21:10:45,5.000958,TOP,46,1,119,0,0.000000
1771535445,2026-02-19 21:10:45,5.000958,TOP,46,2,117,10,1.999617
1771535445,2026-02-19 21:10:45,5.000958,TOP,167,1,115,121,24.195365
1771535445,2026-02-19 21:10:45,5.000958,TOP,167,2,113,94,18.796400
1771535445,2026-02-19 21:10:45,5.000958,TOP,90,1,111,202,40.392263
1771535445,2026-02-19 21:10:45,5.000958,TOP,90,2,109,12,2.399540
1771535445,2026-02-19 21:10:45,5.000958,TOP,302,1,120,0,0.000000
1771535445,2026-02-19 21:10:45,5.000958,TOP,302,2,121,0,0.000000
1771535445,2026-02-19 21:10:45,5.000958,TOP,62,1,122,0,0.000000
1771535445,2026-02-19 21:10:45,5.000958,TOP,62,2,123,0,0.000000
1771535445,2026-02-19 21:10:45,5.000958,TOP,44,1,124,0,0.000000
1771535445,2026-02-19 21:10:45,5.000958,TOP,44,2,125,0,0.000000
1771535445,2026-02-19 21:10:45,5.000958,TOP,61,1,55,180,35.993106
1771535445,2026-02-19 21:10:45,5.000958,TOP,61,2,51,1,0.199962
1771535445,2026-02-19 21:10:45,5.000958,BARREL,26,1,24,43,8.598353
1771535445,2026-02-19 21:10:45,5.000958,BARREL,26,2,25,42,8.398391
1771535445,2026-02-19 21:10:45,5.000958,BARREL,66,1,26,60,11.997702
1771535445,2026-02-19 21:10:45,5.000958,BARREL,66,2,27,34,6.798698
1771535445,2026-02-19 21:10:45,5.000958,BARREL,10,1,28,47,9.398200
1771535445,2026-02-19 21:10:45,5.000958,BARREL,10,2,29,43,8.598353
1771535445,2026-02-19 21:10:45,5.000958,BARREL,58,1,30,0,0.000000
1771535445,2026-02-19 21:10:45,5.000958,BARREL,58,2,31,0,0.000000
1771535445,2026-02-19 21:10:45,5.000958,BARREL,306,1,32,44,8.798315
1771535445,2026-02-19 21:10:45,5.000958,BARREL,306,2,33,25,4.999042
1771535445,2026-02-19 21:10:45,5.000958,BARREL,9,1,34,40,7.998468
1771535445,2026-02-19 21:10:45,5.000958,BARREL,9,2,35,0,0.000000
1771535445,2026-02-19 21:10:45,5.000958,BARREL,57,1,36,47,9.398200
1771535445,2026-02-19 21:10:45,5.000958,BARREL,57,2,37,13,2.599502
1771535445,2026-02-19 21:10:45,5.000958,BARREL,79,1,38,44,8.798315
1771535445,2026-02-19 21:10:45,5.000958,BARREL,79,2,39,52,10.398008
1771535445,2026-02-19 21:10:45,5.000958,BARREL,116,1,40,0,0.000000
1771535445,2026-02-19 21:10:45,5.000958,BARREL,116,2,41,70,13.997319
1771535445,2026-02-19 21:10:45,5.000958,BARREL,13,1,42,0,0.000000
1771535445,2026-02-19 21:10:45,5.000958,BARREL,13,2,43,0,0.000000
1771535445,2026-02-19 21:10:45,5.000958,BARREL,76,1,44,53,10.597970
1771535445,2026-02-19 21:10:45,5.000958,BARREL,76,2,45,26,5.199004
1771535445,2026-02-19 21:10:45,5.000958,BARREL,17,1,46,18,3.599311
1771535445,2026-02-19 21:10:45,5.000958,BARREL,17,2,47,65,12.997510
1771535445,2026-02-19 21:10:45,5.000958,BARREL,125,1,48,49,9.798123
1771535445,2026-02-19 21:10:45,5.000958,BARREL,125,2,49,31,6.198813
1771535445,2026-02-19 21:10:45,5.000958,BARREL,104,1,52,0,0.000000
1771535445,2026-02-19 21:10:45,5.000958,BARREL,104,2,53,523,104.579968
1771535445,2026-02-19 21:10:45,5.000958,BARREL,37,1,64,0,0.000000
1771535445,2026-02-19 21:10:45,5.000958,BARREL,37,2,65,0,0.000000
1771535445,2026-02-19 21:10:45,5.000958,BARREL,70,1,66,47,9.398200
1771535445,2026-02-19 21:10:45,5.000958,BARREL,70,2,67,0,0.000000
1771535445,2026-02-19 21:10:45,5.000958,BARREL,28,1,68,55,10.997893
1771535445,2026-02-19 21:10:45,5.000958,BARREL,28,2,69,65,12.997510
1771535445,2026-02-19 21:10:45,5.000958,BARREL,54,1,70,56,11.197855
1771535445,2026-02-19 21:10:45,5.000958,BARREL,54,2,71,0,0.000000
1771535445,2026-02-19 21:10:45,5.000958,BARREL,25,1,72,51,10.198047
1771535445,2026-02-19 21:10:45,5.000958,BARREL,25,2,73,0,0.000000
1771535445,2026-02-19 21:10:45,5.000958,BARREL,301,1,74,53,10.597970
1771535445,2026-02-19 21:10:45,5.000958,BARREL,301,2,75,67,13.397434
1771535445,2026-02-19 21:10:45,5.000958,BARREL,304,1,76,38,7.598545
1771535445,2026-02-19 21:10:45,5.000958,BARREL,304,2,77,47,9.398200
1771535445,2026-02-19 21:10:45,5.000958,BARREL,22,1,78,1765,352.932398
1771535445,2026-02-19 21:10:45,5.000958,BARREL,22,2,79,57,11.397817
1771535445,2026-02-19 21:10:45,5.000958,BARREL,4,1,80,49,9.798123
1771535445,2026-02-19 21:10:45,5.000958,BARREL,4,2,81,60,11.997702
1771535445,2026-02-19 21:10:45,5.000958,BARREL,12,1,82,63,12.597587
1771535445,2026-02-19 21:10:45,5.000958,BARREL,12,2,83,54,10.797932
1771535445,2026-02-19 21:10:45,5.000958,BARREL,99,1,84,65,12.997510
1771535445,2026-02-19 21:10:45,5.000958,BARREL,99,2,85,0,0.000000
1771535445,2026-02-19 21:10:45,5.000958,BARREL,56,1,86,65,12.997510
1771535445,2026-02-19 21:10:45,5.000958,BARREL,56,2,87,64,12.797549
1771535445,2026-02-19 21:10:45,5.000958,BARREL,122,1,88,35,6.998659
1771535445,2026-02-19 21:10:45,5.000958,BARREL,122,2,89,54,10.797932
1771535445,2026-02-19 21:10:45,5.000958,BARREL,55,1,90,42,8.398391
1771535445,2026-02-19 21:10:45,5.000958,BARREL,55,2,91,10,1.999617
1771535445,2026-02-19 21:10:45,5.000958,BARREL,83,1,92,17,3.399349
1771535445,2026-02-19 21:10:45,5.000958,BARREL,83,2,93,0,0.000000
1771535445,2026-02-19 21:10:45,5.000958,BARREL,97,1,94,9,1.799655
1771535445,2026-02-19 21:10:45,5.000958,BARREL,97,2,95,42,8.398391
1771535445,2026-02-19 21:10:45,5.000958,BARREL,84,1,96,53,10.597970
1771535445,2026-02-19 21:10:45,5.000958,BARREL,84,2,97,42,8.398391
1771535445,2026-02-19 21:10:45,5.000958,BARREL,305,1,98,63,12.597587
1771535445,2026-02-19 21:10:45,5.000958,BARREL,305,2,99,57,11.397817
1771535445,2026-02-19 21:10:45,5.000958,BARREL,2,1,100,25,4.999042
1771535445,2026-02-19 21:10:45,5.000958,BARREL,2,2,101,58,11.597779
1771535445,2026-02-19 21:10:45,5.000958,BARREL,45,1,102,59,11.797740
1771535445,2026-02-19 21:10:45,5.000958,BARREL,45,2,103,36,7.198621
1771535445,2026-02-19 21:10:45,5.000958,BARREL,77,1,-1,0,0.000000
1771535445,2026-02-19 21:10:45,5.000958,BARREL,77,2,-1,0,0.000000
1771535445,2026-02-19 21:10:45,5.000958,BOTTOM,11,1,2,33,6.598736
1771535445,2026-02-19 21:10:45,5.000958,BOTTOM,11,2,3,95,18.996361
1771535445,2026-02-19 21:10:45,5.000958,BOTTOM,38,1,4,173,34.593374
1771535445,2026-02-19 21:10:45,5.000958,BOTTOM,38,2,5,187,37.392838
1771535445,2026-02-19 21:10:45,5.000958,BOTTOM,96,1,6,224,44.791420
1771535445,2026-02-19 21:10:45,5.000958,BOTTOM,96,2,7,1280,255.950974
1771535445,2026-02-19 21:10:45,5.000958,BOTTOM,307,1,8,139,27.794676
1771535445,2026-02-19 21:10:45,5.000958,BOTTOM,307,2,9,593,118.577287
1771535445,2026-02-19 21:10:45,5.000958,BOTTOM,52,1,10,101,20.196132
1771535445,2026-02-19 21:10:45,5.000958,BOTTOM,52,2,11,199,39.792378
1771535445,2026-02-19 21:10:45,5.000958,BOTTOM,102,1,12,135,26.994829
1771535445,2026-02-19 21:10:45,5.000958,BOTTOM,102,2,13,304,60.788356
1771535445,2026-02-19 21:10:45,5.000958,BOTTOM,124,2,14,21,4.199196
1771535445,2026-02-19 21:10:45,5.000958,BOTTOM,124,1,15,114,22.795634
1771535445,2026-02-19 21:10:45,5.000958,BOTTOM,48,2,16,291,58.188854
1771535445,2026-02-19 21:10:45,5.000958,BOTTOM,48,1,17,142,28.394561
1771535445,2026-02-19 21:10:45,5.000958,BOTTOM,75,2,18,0,0.000000
1771535445,2026-02-19 21:10:45,5.000958,BOTTOM,75,1,19,5,0.999808
1771535445,2026-02-19 21:10:45,5.000958,BOTTOM,109,2,20,184,36.792952
1771535445,2026-02-19 21:10:45,5.000958,BOTTOM,109,1,21,183,36.592991
1771535445,2026-02-19 21:10:45,5.000958,BOTTOM,123,2,22,40,7.998468
1771535445,2026-02-19 21:10:45,5.000958,BOTTOM,123,1,23,15,2.999425
1771535450,2026-02-19 21:10:50,5.000891,TOP,103,1,63,0,0.000000
1771535450,2026-02-19 21:10:50,5.000891,TOP,103,2,62,0,0.000000
1771535450,2026-02-19 21:10:50,5.000891,TOP,300,1,58,0,0.000000
1771535450,2026-02-19 21:10:50,5.000891,TOP,300,2,59,0,0.000000
1771535450,2026-02-19 21:10:50,5.000891,TOP,80,1,60,231,46.191765
1771535450,2026-02-19 21:10:50,5.000891,TOP,80,2,61,206,41.192656
1771535450,2026-02-19 21:10:50,5.000891,TOP,303,1,50,212,42.392442
1771535450,2026-02-19 21:10:50,5.000891,TOP,303,2,57,95,18.996613
1771535450,2026-02-19 21:10:50,5.000891,TOP,88,1,56,36,7.198717
1771535450,2026-02-19 21:10:50,5.000891,TOP,88,2,54,0,0.000000
1771535450,2026-02-19 21:10:50,5.000891,TOP,30,1,127,0,0.000000
1771535450,2026-02-19 21:10:50,5.000891,TOP,30,2,126,188,37.593298
1771535450,2026-02-19 21:10:50,5.000891,TOP,34,1,106,0,0.000000
1771535450,2026-02-19 21:10:50,5.000891,TOP,34,2,107,0,0.000000
1771535450,2026-02-19 21:10:50,5.000891,TOP,74,1,108,98,19.596506
1771535450,2026-02-19 21:10:50,5.000891,TOP,74,2,110,196,39.193013
1771535450,2026-02-19 21:10:50,5.000891,TOP,47,1,112,10,1.999644
1771535450,2026-02-19 21:10:50,5.000891,TOP,47,2,114,236,47.191587
1771535450,2026-02-19 21:10:50,5.000891,TOP,115,1,116,50,9.998218
1771535450,2026-02-19 21:10:50,5.000891,TOP,115,2,118,186,37.193369
1771535450,2026-02-19 21:10:50,5.000891,TOP,46,1,119,0,0.000000
1771535450,2026-02-19 21:10:50,5.000891,TOP,46,2,117,5,0.999822
1771535450,2026-02-19 21:10:50,5.000891,TOP,167,1,115,132,26.395294
1771535450,2026-02-19 21:10:50,5.000891,TOP,167,2,113,84,16.797005
1771535450,2026-02-19 21:10:50,5.000891,TOP,90,1,111,184,36.793440
1771535450,2026-02-19 21:10:50,5.000891,TOP,90,2,109,10,1.999644
1771535450,2026-02-19 21:10:50,5.000891,TOP,302,1,120,0,0.000000
1771535450,2026-02-19 21:10:50,5.000891,TOP,302,2,121,0,0.000000
1771535450,2026-02-19 21:10:50,5.000891,TOP,62,1,122,0,0.000000
1771535450,2026-02-19 21:10:50,5.000891,TOP,62,2,123,0,0.000000
1771535450,2026-02-19 21:10:50,5.000891,TOP,44,1,124,0,0.000000
1771535450,2026-02-19 21:10:50,5.000891,TOP,44,2,125,0,0.000000
1771535450,2026-02-19 21:10:50,5.000891,TOP,61,1,55,161,32.194260
1771535450,2026-02-19 21:10:50,5.000891,TOP,61,2,51,1,0.199964
1771535450,2026-02-19 21:10:50,5.000891,BARREL,26,1,24,60,11.997861
1771535450,2026-02-19 21:10:50,5.000891,BARREL,26,2,25,43,8.598467
1771535450,2026-02-19 21:10:50,5.000891,BARREL,66,1,26,59,11.797897
1771535450,2026-02-19 21:10:50,5.000891,BARREL,66,2,27,30,5.998931
1771535450,2026-02-19 21:10:50,5.000891,BARREL,10,1,28,45,8.998396
1771535450,2026-02-19 21:10:50,5.000891,BARREL,10,2,29,57,11.397968
1771535450,2026-02-19 21:10:50,5.000891,BARREL,58,1,30,0,0.000000
1771535450,2026-02-19 21:10:50,5.000891,BARREL,58,2,31,0,0.000000
1771535450,2026-02-19 21:10:50,5.000891,BARREL,306,1,32,42,8.398503
1771535450,2026-02-19 21:10:50,5.000891,BARREL,306,2,33,32,6.398859
1771535450,2026-02-19 21:10:50,5.000891,BARREL,9,1,34,37,7.398681
1771535450,2026-02-19 21:10:50,5.000891,BARREL,9,2,35,0,0.000000
1771535450,2026-02-19 21:10:50,5.000891,BARREL,57,1,36,45,8.998396
1771535450,2026-02-19 21:10:50,5.000891,BARREL,57,2,37,12,2.399572
1771535450,2026-02-19 21:10:50,5.000891,BARREL,79,1,38,56,11.198004
1771535450,2026-02-19 21:10:50,5.000891,BARREL,79,2,39,59,11.797897
1771535450,2026-02-19 21:10:50,5.000891,BARREL,116,1,40,0,0.000000
1771535450,2026-02-19 21:10:50,5.000891,BARREL,116,2,41,66,13.197647
1771535450,2026-02-19 21:10:50,5.000891,BARREL,13,1,42,0,0.000000
1771535450,2026-02-19 21:10:50,5.000891,BARREL,13,2,43,0,0.000000
1771535450,2026-02-19 21:10:50,5.000891,BARREL,76,1,44,58,11.597932
1771535450,2026-02-19 21:10:50,5.000891,BARREL,76,2,45,42,8.398503
1771535450,2026-02-19 21:10:50,5.000891,BARREL,17,1,46,24,4.799144
1771535450,2026-02-19 21:10:50,5.000891,BARREL,17,2,47,43,8.598467
1771535450,2026-02-19 21:10:50,5.000891,BARREL,125,1,48,65,12.997683
1771535450,2026-02-19 21:10:50,5.000891,BARREL,125,2,49,30,5.998931
1771535450,2026-02-19 21:10:50,5.000891,BARREL,104,1,52,0,0.000000
1771535450,2026-02-19 21:10:50,5.000891,BARREL,104,2,53,459,91.783637
1771535450,2026-02-19 21:10:50,5.000891,BARREL,37,1,64,0,0.000000
1771535450,2026-02-19 21:10:50,5.000891,BARREL,37,2,65,0,0.000000
1771535450,2026-02-19 21:10:50,5.000891,BARREL,70,1,66,48,9.598289
1771535450,2026-02-19 21:10:50,5.000891,BARREL,70,2,67,0,0.000000
1771535450,2026-02-19 21:10:50,5.000891,BARREL,28,1,68,34,6.798788
1771535450,2026-02-19 21:10:50,5.000891,BARREL,28,2,69,64,12.797718
1771535450,2026-02-19 21:10:50,5.000891,BARREL,54,1,70,38,7.598645
1771535450,2026-02-19 21:10:50,5.000891,BARREL,54,2,71,0,0.000000
1771535450,2026-02-19 21:10:50,5.000891,BARREL,25,1,72,57,11.397968
1771535450,2026-02-19 21:10:50,5.000891,BARREL,25,2,73,0,0.000000
1771535450,2026-02-19 21:10:50,5.000891,BARREL,301,1,74,51,10.198182
1771535450,2026-02-19 21:10:50,5.000891,BARREL,301,2,75,70,13.997505
1771535450,2026-02-19 21:10:50,5.000891,BARREL,304,1,76,56,11.198004
1771535450,2026-02-19 21:10:50,5.000891,BARREL,304,2,77,39,7.798610
1771535450,2026-02-19 21:10:50,5.000891,BARREL,22,1,78,1792,358.336116
1771535450,2026-02-19 21:10:50,5.000891,BARREL,22,2,79,58,11.597932
1771535450,2026-02-19 21:10:50,5.000891,BARREL,4,1,80,38,7.598645
1771535450,2026-02-19 21:10:50,5.000891,BARREL,4,2,81,52,10.398146
1771535450,2026-02-19 21:10:50,5.000891,BARREL,12,1,82,49,9.798253
1771535450,2026-02-19 21:10:50,5.000891,BARREL,12,2,83,56,11.198004
1771535450,2026-02-19 21:10:50,5.000891,BARREL,99,1,84,58,11.597932
1771535450,2026-02-19 21:10:50,5.000891,BARREL,99,2,85,0,0.000000
1771535450,2026-02-19 21:10:50,5.000891,BARREL,56,1,86,40,7.998574
1771535450,2026-02-19 21:10:50,5.000891,BARREL,56,2,87,71,14.197469
1771535450,2026-02-19 21:10:50,5.000891,BARREL,122,1,88,35,6.998752
1771535450,2026-02-19 21:10:50,5.000891,BARREL,122,2,89,61,12.197825
1771535450,2026-02-19 21:10:50,5.000891,BARREL,55,1,90,42,8.398503
1771535450,2026-02-19 21:10:50,5.000891,BARREL,55,2,91,11,2.199608
1771535450,2026-02-19 21:10:50,5.000891,BARREL,83,1,92,16,3.199430
1771535450,2026-02-19 21:10:50,5.000891,BARREL,83,2,93,0,0.000000
1771535450,2026-02-19 21:10:50,5.000891,BARREL,97,1,94,12,2.399572
1771535450,2026-02-19 21:10:50,5.000891,BARREL,97,2,95,49,9.798253
1771535450,2026-02-19 21:10:50,5.000891,BARREL,84,1,96,50,9.998218
1771535450,2026-02-19 21:10:50,5.000891,BARREL,84,2,97,36,7.198717
1771535450,2026-02-19 21:10:50,5.000891,BARREL,305,1,98,61,12.197825
1771535450,2026-02-19 21:10:50,5.000891,BARREL,305,2,99,70,13.997505
1771535450,2026-02-19 21:10:50,5.000891,BARREL,2,1,100,23,4.599180
1771535450,2026-02-19 21:10:50,5.000891,BARREL,2,2,101,50,9.998218
1771535450,2026-02-19 21:10:50,5.000891,BARREL,45,1,102,62,12.397790
1771535450,2026-02-19 21:10:50,5.000891,BARREL,45,2,103,32,6.398859
1771535450,2026-02-19 21:10:50,5.000891,BARREL,77,1,-1,0,0.000000
1771535450,2026-02-19 21:10:50,5.000891,BARREL,77,2,-1,0,0.000000
1771535450,2026-02-19 21:10:50,5.000891,BOTTOM,11,1,2,39,7.798610
1771535450,2026-02-19 21:10:50,5.000891,BOTTOM,11,2,3,102,20.396364
1771535450,2026-02-19 21:10:50,5.000891,BOTTOM,38,1,4,159,31.794332
1771535450,2026-02-19 21:10:50,5.000891,BOTTOM,38,2,5,185,36.993405
1771535450,2026-02-19 21:10:50,5.000891,BOTTOM,96,1,6,200,39.992870
1771535450,2026-02-19 21:10:50,5.000891,BOTTOM,96,2,7,1329,265.752621
1771535450,2026-02-19 21:10:50,5.000891,BOTTOM,307,1,8,153,30.594546
1771535450,2026-02-19 21:10:50,5.000891,BOTTOM,307,2,9,598,119.578681
1771535450,2026-02-19 21:10:50,5.000891,BOTTOM,52,1,10,84,16.797005
1771535450,2026-02-19 21:10:50,5.000891,BOTTOM,52,2,11,173,34.593833
1771535450,2026-02-19 21:10:50,5.000891,BOTTOM,102,1,12,143,28.594902
1771535450,2026-02-19 21:10:50,5.000891,BOTTOM,102,2,13,341,68.187843
1771535450,2026-02-19 21:10:50,5.000891,BOTTOM,124,2,14,12,2.399572
1771535450,2026-02-19 21:10:50,5.000891,BOTTOM,124,1,15,101,20.196399
1771535450,2026-02-19 21:10:50,5.000891,BOTTOM,48,2,16,272,54.390303
1771535450,2026-02-19 21:10:50,5.000891,BOTTOM,48,1,17,138,27.595080
1771535450,2026-02-19 21:10:50,5.000891,BOTTOM,75,2,18,0,0.000000
1771535450,2026-02-19 21:10:50,5.000891,BOTTOM,75,1,19,10,1.999644
1771535450,2026-02-19 21:10:50,5.000891,BOTTOM,109,2,20,203,40.592763
1771535450,2026-02-19 21:10:50,5.000891,BOTTOM,109,1,21,211,42.192478
1771535450,2026-02-19 21:10:50,5.000891,BOTTOM,123,2,22,52,10.398146
1771535450,2026-02-19 21:10:50,5.000891,BOTTOM,123,1,23,13,2.599537
1771535455,2026-02-19 21:10:55,5.000917,TOP,103,1,63,0,0.000000
1771535455,2026-02-19 21:10:55,5.000917,TOP,103,2,62,0,0.000000
1771535455,2026-02-19 21:10:55,5.000917,TOP,300,1,58,0,0.000000
1771535455,2026-02-19 21:10:55,5.000917,TOP,300,2,59,0,0.000000
1771535455,2026-02-19 21:10:55,5.000917,TOP,80,1,60,204,40.792517
1771535455,2026-02-19 21:10:55,5.000917,TOP,80,2,61,186,37.193177
1771535455,2026-02-19 21:10:55,5.000917,TOP,303,1,50,196,39.192810
1771535455,2026-02-19 21:10:55,5.000917,TOP,303,2,57,106,21.196112
1771535455,2026-02-19 21:10:55,5.000917,TOP,88,1,56,38,7.598606
1771535455,2026-02-19 21:10:55,5.000917,TOP,88,2,54,4,0.799853
1771535455,2026-02-19 21:10:55,5.000917,TOP,30,1,127,0,0.000000
1771535455,2026-02-19 21:10:55,5.000917,TOP,30,2,126,176,35.193544
1771535455,2026-02-19 21:10:55,5.000917,TOP,34,1,106,0,0.000000
1771535455,2026-02-19 21:10:55,5.000917,TOP,34,2,107,0,0.000000
1771535455,2026-02-19 21:10:55,5.000917,TOP,74,1,108,93,18.596589
1771535455,2026-02-19 21:10:55,5.000917,TOP,74,2,110,192,38.392957
1771535455,2026-02-19 21:10:55,5.000917,TOP,47,1,112,10,1.999633
1771535455,2026-02-19 21:10:55,5.000917,TOP,47,2,114,231,46.191526
1771535455,2026-02-19 21:10:55,5.000917,TOP,115,1,116,45,8.998349
1771535455,2026-02-19 21:10:55,5.000917,TOP,115,2,118,233,46.591453
1771535455,2026-02-19 21:10:55,5.000917,TOP,46,1,119,0,0.000000
1771535455,2026-02-19 21:10:55,5.000917,TOP,46,2,117,16,3.199413
1771535455,2026-02-19 21:10:55,5.000917,TOP,167,1,115,117,23.395708
1771535455,2026-02-19 21:10:55,5.000917,TOP,167,2,113,88,17.596772
1771535455,2026-02-19 21:10:55,5.000917,TOP,90,1,111,192,38.392957
1771535455,2026-02-19 21:10:55,5.000917,TOP,90,2,109,10,1.999633
1771535455,2026-02-19 21:10:55,5.000917,TOP,302,1,120,0,0.000000
1771535455,2026-02-19 21:10:55,5.000917,TOP,302,2,121,0,0.000000
1771535455,2026-02-19 21:10:55,5.000917,TOP,62,1,122,0,0.000000
1771535455,2026-02-19 21:10:55,5.000917,TOP,62,2,123,0,0.000000
1771535455,2026-02-19 21:10:55,5.000917,TOP,44,1,124,0,0.000000
1771535455,2026-02-19 21:10:55,5.000917,TOP,44,2,125,0,0.000000
1771535455,2026-02-19 21:10:55,5.000917,TOP,61,1,55,157,31.394241
1771535455,2026-02-19 21:10:55,5.000917,TOP,61,2,51,0,0.000000
1771535455,2026-02-19 21:10:55,5.000917,BARREL,26,1,24,66,13.197579
1771535455,2026-02-19 21:10:55,5.000917,BARREL,26,2,25,44,8.798386
1771535455,2026-02-19 21:10:55,5.000917,BARREL,66,1,26,61,12.197762
1771535455,2026-02-19 21:10:55,5.000917,BARREL,66,2,27,30,5.998900
1771535455,2026-02-19 21:10:55,5.000917,BARREL,10,1,28,44,8.798386
1771535455,2026-02-19 21:10:55,5.000917,BARREL,10,2,29,46,9.198313
1771535455,2026-02-19 21:10:55,5.000917,BARREL,58,1,30,0,0.000000
1771535455,2026-02-19 21:10:55,5.000917,BARREL,58,2,31,0,0.000000
1771535455,2026-02-19 21:10:55,5.000917,BARREL,306,1,32,48,9.598239
1771535455,2026-02-19 21:10:55,5.000917,BARREL,306,2,33,26,5.199046
1771535455,2026-02-19 21:10:55,5.000917,BARREL,9,1,34,34,6.798753
1771535455,2026-02-19 21:10:55,5.000917,BARREL,9,2,35,0,0.000000
1771535455,2026-02-19 21:10:55,5.000917,BARREL,57,1,36,60,11.997799
1771535455,2026-02-19 21:10:55,5.000917,BARREL,57,2,37,18,3.599340
1771535455,2026-02-19 21:10:55,5.000917,BARREL,79,1,38,50,9.998166
1771535455,2026-02-19 21:10:55,5.000917,BARREL,79,2,39,73,14.597322
1771535455,2026-02-19 21:10:55,5.000917,BARREL,116,1,40,0,0.000000
1771535455,2026-02-19 21:10:55,5.000917,BARREL,116,2,41,60,11.997799
1771535455,2026-02-19 21:10:55,5.000917,BARREL,13,1,42,0,0.000000
1771535455,2026-02-19 21:10:55,5.000917,BARREL,13,2,43,0,0.000000
1771535455,2026-02-19 21:10:55,5.000917,BARREL,76,1,44,68,13.597506
1771535455,2026-02-19 21:10:55,5.000917,BARREL,76,2,45,20,3.999266
1771535455,2026-02-19 21:10:55,5.000917,BARREL,17,1,46,28,5.598973
1771535455,2026-02-19 21:10:55,5.000917,BARREL,17,2,47,57,11.397909
1771535455,2026-02-19 21:10:55,5.000917,BARREL,125,1,48,50,9.998166
1771535455,2026-02-19 21:10:55,5.000917,BARREL,125,2,49,25,4.999083
1771535455,2026-02-19 21:10:55,5.000917,BARREL,104,1,52,0,0.000000
1771535455,2026-02-19 21:10:55,5.000917,BARREL,104,2,53,440,87.983860
1771535455,2026-02-19 21:10:55,5.000917,BARREL,37,1,64,0,0.000000
1771535455,2026-02-19 21:10:55,5.000917,BARREL,37,2,65,0,0.000000
1771535455,2026-02-19 21:10:55,5.000917,BARREL,70,1,66,43,8.598423
1771535455,2026-02-19 21:10:55,5.000917,BARREL,70,2,67,0,0.000000
1771535455,2026-02-19 21:10:55,5.000917,BARREL,28,1,68,47,9.398276
1771535455,2026-02-19 21:10:55,5.000917,BARREL,28,2,69,64,12.797652
1771535455,2026-02-19 21:10:55,5.000917,BARREL,54,1,70,39,7.798569
1771535455,2026-02-19 21:10:55,5.000917,BARREL,54,2,71,0,0.000000
1771535455,2026-02-19 21:10:55,5.000917,BARREL,25,1,72,53,10.598056
1771535455,2026-02-19 21:10:55,5.000917,BARREL,25,2,73,0,0.000000
1771535455,2026-02-19 21:10:55,5.000917,BARREL,301,1,74,43,8.598423
1771535455,2026-02-19 21:10:55,5.000917,BARREL,301,2,75,64,12.797652
1771535455,2026-02-19 21:10:55,5.000917,BARREL,304,1,76,56,11.197946
1771535455,2026-02-19 21:10:55,5.000917,BARREL,304,2,77,42,8.398459
1771535455,2026-02-19 21:10:55,5.000917,BARREL,22,1,78,1640,327.939841
1771535455,2026-02-19 21:10:55,5.000917,BARREL,22,2,79,53,10.598056
1771535455,2026-02-19 21:10:55,5.000917,BARREL,4,1,80,58,11.597872
1771535455,2026-02-19 21:10:55,5.000917,BARREL,4,2,81,63,12.597689
1771535455,2026-02-19 21:10:55,5.000917,BARREL,12,1,82,73,14.597322
1771535455,2026-02-19 21:10:55,5.000917,BARREL,12,2,83,41,8.198496
1771535455,2026-02-19 21:10:55,5.000917,BARREL,99,1,84,53,10.598056
1771535455,2026-02-19 21:10:55,5.000917,BARREL,99,2,85,0,0.000000
1771535455,2026-02-19 21:10:55,5.000917,BARREL,56,1,86,47,9.398276
1771535455,2026-02-19 21:10:55,5.000917,BARREL,56,2,87,62,12.397726
1771535455,2026-02-19 21:10:55,5.000917,BARREL,122,1,88,29,5.798936
1771535455,2026-02-19 21:10:55,5.000917,BARREL,122,2,89,37,7.398643
1771535455,2026-02-19 21:10:55,5.000917,BARREL,55,1,90,42,8.398459
1771535455,2026-02-19 21:10:55,5.000917,BARREL,55,2,91,12,2.399560
1771535455,2026-02-19 21:10:55,5.000917,BARREL,83,1,92,18,3.599340
1771535455,2026-02-19 21:10:55,5.000917,BARREL,83,2,93,0,0.000000
1771535455,2026-02-19 21:10:55,5.000917,BARREL,97,1,94,6,1.199780
1771535455,2026-02-19 21:10:55,5.000917,BARREL,97,2,95,49,9.798203
1771535455,2026-02-19 21:10:55,5.000917,BARREL,84,1,96,45,8.998349
1771535455,2026-02-19 21:10:55,5.000917,BARREL,84,2,97,38,7.598606
1771535455,2026-02-19 21:10:55,5.000917,BARREL,305,1,98,60,11.997799
1771535455,2026-02-19 21:10:55,5.000917,BARREL,305,2,99,54,10.798019
1771535455,2026-02-19 21:10:55,5.000917,BARREL,2,1,100,26,5.199046
1771535455,2026-02-19 21:10:55,5.000917,BARREL,2,2,101,52,10.398093
1771535455,2026-02-19 21:10:55,5.000917,BARREL,45,1,102,69,13.797469
1771535455,2026-02-19 21:10:55,5.000917,BARREL,45,2,103,45,8.998349
1771535455,2026-02-19 21:10:55,5.000917,BARREL,77,1,-1,0,0.000000
1771535455,2026-02-19 21:10:55,5.000917,BARREL,77,2,-1,0,0.000000
1771535455,2026-02-19 21:10:55,5.000917,BOTTOM,11,1,2,41,8.198496
1771535455,2026-02-19 21:10:55,5.000917,BOTTOM,11,2,3,115,22.995782
1771535455,2026-02-19 21:10:55,5.000917,BOTTOM,38,1,4,162,32.394057
1771535455,2026-02-19 21:10:55,5.000917,BOTTOM,38,2,5,188,37.593104
1771535455,2026-02-19 21:10:55,5.000917,BOTTOM,96,1,6,231,46.191526
1771535455,2026-02-19 21:10:55,5.000917,BOTTOM,96,2,7,1213,242.555504
1771535455,2026-02-19 21:10:55,5.000917,BOTTOM,307,1,8,146,29.194644
1771535455,2026-02-19 21:10:55,5.000917,BOTTOM,307,2,9,614,122.777477
1771535455,2026-02-19 21:10:55,5.000917,BOTTOM,52,1,10,104,20.796185
1771535455,2026-02-19 21:10:55,5.000917,BOTTOM,52,2,11,209,41.792333
1771535455,2026-02-19 21:10:55,5.000917,BOTTOM,102,1,12,118,23.595671
1771535455,2026-02-19 21:10:55,5.000917,BOTTOM,102,2,13,330,65.987895
1771535455,2026-02-19 21:10:55,5.000917,BOTTOM,124,2,14,18,3.599340
1771535455,2026-02-19 21:10:55,5.000917,BOTTOM,124,1,15,113,22.595855
1771535455,2026-02-19 21:10:55,5.000917,BOTTOM,48,2,16,273,54.589986
1771535455,2026-02-19 21:10:55,5.000917,BOTTOM,48,1,17,133,26.595121
1771535455,2026-02-19 21:10:55,5.000917,BOTTOM,75,2,18,0,0.000000
1771535455,2026-02-19 21:10:55,5.000917,BOTTOM,75,1,19,9,1.799670
1771535455,2026-02-19 21:10:55,5.000917,BOTTOM,109,2,20,182,36.393324
1771535455,2026-02-19 21:10:55,5.000917,BOTTOM,109,1,21,184,36.793250
1771535455,2026-02-19 21:10:55,5.000917,BOTTOM,123,2,22,35,6.998716
1771535455,2026-02-19 21:10:55,5.000917,BOTTOM,123,1,23,18,3.599340
1771535460,2026-02-19 21:11:00,5.000899,TOP,103,1,63,0,0.000000
1771535460,2026-02-19 21:11:00,5.000899,TOP,103,2,62,0,0.000000
1771535460,2026-02-19 21:11:00,5.000899,TOP,300,1,58,0,0.000000
1771535460,2026-02-19 21:11:00,5.000899,TOP,300,2,59,0,0.000000
1771535460,2026-02-19 21:11:00,5.000899,TOP,80,1,60,190,37.993172
1771535460,2026-02-19 21:11:00,5.000899,TOP,80,2,61,204,40.792668
1771535460,2026-02-19 21:11:00,5.000899,TOP,303,1,50,214,42.792309
1771535460,2026-02-19 21:11:00,5.000899,TOP,303,2,57,129,25.795364
1771535460,2026-02-19 21:11:00,5.000899,TOP,88,1,56,35,6.998742
1771535460,2026-02-19 21:11:00,5.000899,TOP,88,2,54,5,0.999820
1771535460,2026-02-19 21:11:00,5.000899,TOP,30,1,127,0,0.000000
1771535460,2026-02-19 21:11:00,5.000899,TOP,30,2,126,159,31.794286
1771535460,2026-02-19 21:11:00,5.000899,TOP,34,1,106,0,0.000000
1771535460,2026-02-19 21:11:00,5.000899,TOP,34,2,107,0,0.000000
1771535460,2026-02-19 21:11:00,5.000899,TOP,74,1,108,83,16.597017
1771535460,2026-02-19 21:11:00,5.000899,TOP,74,2,110,218,43.592165
1771535460,2026-02-19 21:11:00,5.000899,TOP,47,1,112,21,4.199245
1771535460,2026-02-19 21:11:00,5.000899,TOP,47,2,114,235,46.991554
1771535460,2026-02-19 21:11:00,5.000899,TOP,115,1,116,49,9.798239
1771535460,2026-02-19 21:11:00,5.000899,TOP,115,2,118,209,41.792489
1771535460,2026-02-19 21:11:00,5.000899,TOP,46,1,119,0,0.000000
1771535460,2026-02-19 21:11:00,5.000899,TOP,46,2,117,13,2.599533
1771535460,2026-02-19 21:11:00,5.000899,TOP,167,1,115,118,23.595759
1771535460,2026-02-19 21:11:00,5.000899,TOP,167,2,113,82,16.397053
1771535460,2026-02-19 21:11:00,5.000899,TOP,90,1,111,200,39.992812
1771535460,2026-02-19 21:11:00,5.000899,TOP,90,2,109,10,1.999641
1771535460,2026-02-19 21:11:00,5.000899,TOP,302,1,120,0,0.000000
1771535460,2026-02-19 21:11:00,5.000899,TOP,302,2,121,0,0.000000
1771535460,2026-02-19 21:11:00,5.000899,TOP,62,1,122,0,0.000000
1771535460,2026-02-19 21:11:00,5.000899,TOP,62,2,123,0,0.000000
1771535460,2026-02-19 21:11:00,5.000899,TOP,44,1,124,0,0.000000
1771535460,2026-02-19 21:11:00,5.000899,TOP,44,2,125,0,0.000000
1771535460,2026-02-19 21:11:00,5.000899,TOP,61,1,55,169,33.793926
1771535460,2026-02-19 21:11:00,5.000899,TOP,61,2,51,0,0.000000
1771535460,2026-02-19 21:11:00,5.000899,BARREL,26,1,24,57,11.397951
1771535460,2026-02-19 21:11:00,5.000899,BARREL,26,2,25,51,10.198167
1771535460,2026-02-19 21:11:00,5.000899,BARREL,66,1,26,65,12.997664
1771535460,2026-02-19 21:11:00,5.000899,BARREL,66,2,27,36,7.198706
1771535460,2026-02-19 21:11:00,5.000899,BARREL,10,1,28,67,13.397592
1771535460,2026-02-19 21:11:00,5.000899,BARREL,10,2,29,47,9.398311
1771535460,2026-02-19 21:11:00,5.000899,BARREL,58,1,30,0,0.000000
1771535460,2026-02-19 21:11:00,5.000899,BARREL,58,2,31,0,0.000000
1771535460,2026-02-19 21:11:00,5.000899,BARREL,306,1,32,52,10.398131
1771535460,2026-02-19 21:11:00,5.000899,BARREL,306,2,33,37,7.398670
1771535460,2026-02-19 21:11:00,5.000899,BARREL,9,1,34,33,6.598814
1771535460,2026-02-19 21:11:00,5.000899,BARREL,9,2,35,0,0.000000
1771535460,2026-02-19 21:11:00,5.000899,BARREL,57,1,36,63,12.597736
1771535460,2026-02-19 21:11:00,5.000899,BARREL,57,2,37,19,3.799317
1771535460,2026-02-19 21:11:00,5.000899,BARREL,79,1,38,36,7.198706
1771535460,2026-02-19 21:11:00,5.000899,BARREL,79,2,39,60,11.997844
1771535460,2026-02-19 21:11:00,5.000899,BARREL,116,1,40,0,0.000000
1771535460,2026-02-19 21:11:00,5.000899,BARREL,116,2,41,71,14.197448
1771535460,2026-02-19 21:11:00,5.000899,BARREL,13,1,42,0,0.000000
1771535460,2026-02-19 21:11:00,5.000899,BARREL,13,2,43,0,0.000000
1771535460,2026-02-19 21:11:00,5.000899,BARREL,76,1,44,57,11.397951
1771535460,2026-02-19 21:11:00,5.000899,BARREL,76,2,45,47,9.398311
1771535460,2026-02-19 21:11:00,5.000899,BARREL,17,1,46,20,3.999281
1771535460,2026-02-19 21:11:00,5.000899,BARREL,17,2,47,47,9.398311
1771535460,2026-02-19 21:11:00,5.000899,BARREL,125,1,48,51,10.198167
1771535460,2026-02-19 21:11:00,5.000899,BARREL,125,2,49,19,3.799317
1771535460,2026-02-19 21:11:00,5.000899,BARREL,104,1,52,0,0.000000
1771535460,2026-02-19 21:11:00,5.000899,BARREL,104,2,53,456,91.183612
1771535460,2026-02-19 21:11:00,5.000899,BARREL,37,1,64,0,0.000000
1771535460,2026-02-19 21:11:00,5.000899,BARREL,37,2,65,0,0.000000
1771535460,2026-02-19 21:11:00,5.000899,BARREL,70,1,66,50,9.998203
1771535460,2026-02-19 21:11:00,5.000899,BARREL,70,2,67,0,0.000000
1771535460,2026-02-19 21:11:00,5.000899,BARREL,28,1,68,64,12.797700
1771535460,2026-02-19 21:11:00,5.000899,BARREL,28,2,69,74,14.797341
1771535460,2026-02-19 21:11:00,5.000899,BARREL,54,1,70,45,8.998383
1771535460,2026-02-19 21:11:00,5.000899,BARREL,54,2,71,0,0.000000
1771535460,2026-02-19 21:11:00,5.000899,BARREL,25,1,72,49,9.798239
1771535460,2026-02-19 21:11:00,5.000899,BARREL,25,2,73,0,0.000000
1771535460,2026-02-19 21:11:00,5.000899,BARREL,301,1,74,52,10.398131
1771535460,2026-02-19 21:11:00,5.000899,BARREL,301,2,75,60,11.997844
1771535460,2026-02-19 21:11:00,5.000899,BARREL,304,1,76,48,9.598275
1771535460,2026-02-19 21:11:00,5.000899,BARREL,304,2,77,49,9.798239
1771535460,2026-02-19 21:11:00,5.000899,BARREL,22,1,78,1146,229.158814
1771535460,2026-02-19 21:11:00,5.000899,BARREL,22,2,79,37,7.398670
1771535460,2026-02-19 21:11:00,5.000899,BARREL,4,1,80,49,9.798239
1771535460,2026-02-19 21:11:00,5.000899,BARREL,4,2,81,71,14.197448
1771535460,2026-02-19 21:11:00,5.000899,BARREL,12,1,82,52,10.398131
1771535460,2026-02-19 21:11:00,5.000899,BARREL,12,2,83,60,11.997844
1771535460,2026-02-19 21:11:00,5.000899,BARREL,99,1,84,55,10.998023
1771535460,2026-02-19 21:11:00,5.000899,BARREL,99,2,85,0,0.000000
1771535460,2026-02-19 21:11:00,5.000899,BARREL,56,1,86,53,10.598095
1771535460,2026-02-19 21:11:00,5.000899,BARREL,56,2,87,66,13.197628
1771535460,2026-02-19 21:11:00,5.000899,BARREL,122,1,88,25,4.999102
1771535460,2026-02-19 21:11:00,5.000899,BARREL,122,2,89,46,9.198347
1771535460,2026-02-19 21:11:00,5.000899,BARREL,55,1,90,43,8.598455
1771535460,2026-02-19 21:11:00,5.000899,BARREL,55,2,91,14,2.799497
1771535460,2026-02-19 21:11:00,5.000899,BARREL,83,1,92,18,3.599353
1771535460,2026-02-19 21:11:00,5.000899,BARREL,83,2,93,0,0.000000
1771535460,2026-02-19 21:11:00,5.000899,BARREL,97,1,94,6,1.199784
1771535460,2026-02-19 21:11:00,5.000899,BARREL,97,2,95,56,11.197987
1771535460,2026-02-19 21:11:00,5.000899,BARREL,84,1,96,55,10.998023
1771535460,2026-02-19 21:11:00,5.000899,BARREL,84,2,97,37,7.398670
1771535460,2026-02-19 21:11:00,5.000899,BARREL,305,1,98,53,10.598095
1771535460,2026-02-19 21:11:00,5.000899,BARREL,305,2,99,40,7.998562
1771535460,2026-02-19 21:11:00,5.000899,BARREL,2,1,100,37,7.398670
1771535460,2026-02-19 21:11:00,5.000899,BARREL,2,2,101,49,9.798239
1771535460,2026-02-19 21:11:00,5.000899,BARREL,45,1,102,70,13.997484
1771535460,2026-02-19 21:11:00,5.000899,BARREL,45,2,103,42,8.398491
1771535460,2026-02-19 21:11:00,5.000899,BARREL,77,1,-1,0,0.000000
1771535460,2026-02-19 21:11:00,5.000899,BARREL,77,2,-1,0,0.000000
1771535460,2026-02-19 21:11:00,5.000899,BOTTOM,11,1,2,43,8.598455
1771535460,2026-02-19 21:11:00,5.000899,BOTTOM,11,2,3,125,24.995508
1771535460,2026-02-19 21:11:00,5.000899,BOTTOM,38,1,4,165,32.994070
1771535460,2026-02-19 21:11:00,5.000899,BOTTOM,38,2,5,205,40.992633
1771535460,2026-02-19 21:11:00,5.000899,BOTTOM,96,1,6,228,45.591806
1771535460,2026-02-19 21:11:00,5.000899,BOTTOM,96,2,7,1301,260.153244
1771535460,2026-02-19 21:11:00,5.000899,BOTTOM,307,1,8,170,33.993890
1771535460,2026-02-19 21:11:00,5.000899,BOTTOM,307,2,9,613,122.577970
1771535460,2026-02-19 21:11:00,5.000899,BOTTOM,52,1,10,89,17.796801
1771535460,2026-02-19 21:11:00,5.000899,BOTTOM,52,2,11,199,39.792848
1771535460,2026-02-19 21:11:00,5.000899,BOTTOM,102,1,12,141,28.194933
1771535460,2026-02-19 21:11:00,5.000899,BOTTOM,102,2,13,331,66.188104
1771535460,2026-02-19 21:11:00,5.000899,BOTTOM,124,2,14,16,3.199425
1771535460,2026-02-19 21:11:00,5.000899,BOTTOM,124,1,15,83,16.597017
1771535460,2026-02-19 21:11:00,5.000899,BOTTOM,48,2,16,273,54.590189
1771535460,2026-02-19 21:11:00,5.000899,BOTTOM,48,1,17,116,23.195831
1771535460,2026-02-19 21:11:00,5.000899,BOTTOM,75,2,18,0,0.000000
1771535460,2026-02-19 21:11:00,5.000899,BOTTOM,75,1,19,3,0.599892
1771535460,2026-02-19 21:11:00,5.000899,BOTTOM,109,2,20,168,33.593962
1771535460,2026-02-19 21:11:00,5.000899,BOTTOM,109,1,21,194,38.793028
1771535460,2026-02-19 21:11:00,5.000899,BOTTOM,123,2,22,36,7.198706
1771535460,2026-02-19 21:11:00,5.000899,BOTTOM,123,1,23,8,1.599712
1771535465,2026-02-19 21:11:05,5.000944,TOP,103,1,63,0,0.000000
1771535465,2026-02-19 21:11:05,5.000944,TOP,103,2,62,0,0.000000
1771535465,2026-02-19 21:11:05,5.000944,TOP,300,1,58,0,0.000000
1771535465,2026-02-19 21:11:05,5.000944,TOP,300,2,59,0,0.000000
1771535465,2026-02-19 21:11:05,5.000944,TOP,80,1,60,194,38.792672
1771535465,2026-02-19 21:11:05,5.000944,TOP,80,2,61,202,40.392370
1771535465,2026-02-19 21:11:05,5.000944,TOP,303,1,50,226,45.191464
1771535465,2026-02-19 21:11:05,5.000944,TOP,303,2,57,109,21.795883
1771535465,2026-02-19 21:11:05,5.000944,TOP,88,1,56,34,6.798716
1771535465,2026-02-19 21:11:05,5.000944,TOP,88,2,54,5,0.999811
1771535465,2026-02-19 21:11:05,5.000944,TOP,30,1,127,0,0.000000
1771535465,2026-02-19 21:11:05,5.000944,TOP,30,2,126,178,35.593277
1771535465,2026-02-19 21:11:05,5.000944,TOP,34,1,106,0,0.000000
1771535465,2026-02-19 21:11:05,5.000944,TOP,34,2,107,0,0.000000
1771535465,2026-02-19 21:11:05,5.000944,TOP,74,1,108,83,16.596865
1771535465,2026-02-19 21:11:05,5.000944,TOP,74,2,110,197,39.392559
1771535465,2026-02-19 21:11:05,5.000944,TOP,47,1,112,17,3.399358
1771535465,2026-02-19 21:11:05,5.000944,TOP,47,2,114,237,47.391048
1771535465,2026-02-19 21:11:05,5.000944,TOP,115,1,116,54,10.797960
1771535465,2026-02-19 21:11:05,5.000944,TOP,115,2,118,218,43.591766
1771535465,2026-02-19 21:11:05,5.000944,TOP,46,1,119,0,0.000000
1771535465,2026-02-19 21:11:05,5.000944,TOP,46,2,117,13,2.599509
1771535465,2026-02-19 21:11:05,5.000944,TOP,167,1,115,123,24.595354
1771535465,2026-02-19 21:11:05,5.000944,TOP,167,2,113,83,16.596865
1771535465,2026-02-19 21:11:05,5.000944,TOP,90,1,111,176,35.193352
1771535465,2026-02-19 21:11:05,5.000944,TOP,90,2,109,12,2.399547
1771535465,2026-02-19 21:11:05,5.000944,TOP,302,1,120,0,0.000000
1771535465,2026-02-19 21:11:05,5.000944,TOP,302,2,121,0,0.000000
1771535465,2026-02-19 21:11:05,5.000944,TOP,62,1,122,0,0.000000
1771535465,2026-02-19 21:11:05,5.000944,TOP,62,2,123,0,0.000000
1771535465,2026-02-19 21:11:05,5.000944,TOP,44,1,124,0,0.000000
1771535465,2026-02-19 21:11:05,5.000944,TOP,44,2,125,0,0.000000
1771535465,2026-02-19 21:11:05,5.000944,TOP,61,1,55,159,31.793994
1771535465,2026-02-19 21:11:05,5.000944,TOP,61,2,51,0,0.000000
1771535465,2026-02-19 21:11:05,5.000944,BARREL,26,1,24,62,12.397658
1771535465,2026-02-19 21:11:05,5.000944,BARREL,26,2,25,47,9.398225
1771535465,2026-02-19 21:11:05,5.000944,BARREL,66,1,26,41,8.198451
1771535465,2026-02-19 21:11:05,5.000944,BARREL,66,2,27,24,4.799093
1771535465,2026-02-19 21:11:05,5.000944,BARREL,10,1,28,60,11.997734
1771535465,2026-02-19 21:11:05,5.000944,BARREL,10,2,29,45,8.998300
1771535465,2026-02-19 21:11:05,5.000944,BARREL,58,1,30,0,0.000000
1771535465,2026-02-19 21:11:05,5.000944,BARREL,58,2,31,0,0.000000
1771535465,2026-02-19 21:11:05,5.000944,BARREL,306,1,32,48,9.598187
1771535465,2026-02-19 21:11:05,5.000944,BARREL,306,2,33,41,8.198451
1771535465,2026-02-19 21:11:05,5.000944,BARREL,9,1,34,31,6.198829
1771535465,2026-02-19 21:11:05,5.000944,BARREL,9,2,35,0,0.000000
1771535465,2026-02-19 21:11:05,5.000944,BARREL,57,1,36,49,9.798149
1771535465,2026-02-19 21:11:05,5.000944,BARREL,57,2,37,20,3.999245
1771535465,2026-02-19 21:11:05,5.000944,BARREL,79,1,38,56,11.197885
1771535465,2026-02-19 21:11:05,5.000944,BARREL,79,2,39,58,11.597809
1771535465,2026-02-19 21:11:05,5.000944,BARREL,116,1,40,0,0.000000
1771535465,2026-02-19 21:11:05,5.000944,BARREL,116,2,41,59,11.797772
1771535465,2026-02-19 21:11:05,5.000944,BARREL,13,1,42,0,0.000000
1771535465,2026-02-19 21:11:05,5.000944,BARREL,13,2,43,0,0.000000
1771535465,2026-02-19 21:11:05,5.000944,BARREL,76,1,44,53,10.597998
1771535465,2026-02-19 21:11:05,5.000944,BARREL,76,2,45,40,7.998489
1771535465,2026-02-19 21:11:05,5.000944,BARREL,17,1,46,36,7.198640
1771535465,2026-02-19 21:11:05,5.000944,BARREL,17,2,47,43,8.598376
1771535465,2026-02-19 21:11:05,5.000944,BARREL,125,1,48,59,11.797772
1771535465,2026-02-19 21:11:05,5.000944,BARREL,125,2,49,15,2.999433
1771535465,2026-02-19 21:11:05,5.000944,BARREL,104,1,52,0,0.000000
1771535465,2026-02-19 21:11:05,5.000944,BARREL,104,2,53,447,89.383116
1771535465,2026-02-19 21:11:05,5.000944,BARREL,37,1,64,0,0.000000
1771535465,2026-02-19 21:11:05,5.000944,BARREL,37,2,65,0,0.000000
1771535465,2026-02-19 21:11:05,5.000944,BARREL,70,1,66,50,9.998111
1771535465,2026-02-19 21:11:05,5.000944,BARREL,70,2,67,0,0.000000
1771535465,2026-02-19 21:11:05,5.000944,BARREL,28,1,68,44,8.798338
1771535465,2026-02-19 21:11:05,5.000944,BARREL,28,2,69,70,13.997356
1771535465,2026-02-19 21:11:05,5.000944,BARREL,54,1,70,45,8.998300
1771535465,2026-02-19 21:11:05,5.000944,BARREL,54,2,71,0,0.000000
1771535465,2026-02-19 21:11:05,5.000944,BARREL,25,1,72,67,13.397469
1771535465,2026-02-19 21:11:05,5.000944,BARREL,25,2,73,0,0.000000
1771535465,2026-02-19 21:11:05,5.000944,BARREL,301,1,74,40,7.998489
1771535465,2026-02-19 21:11:05,5.000944,BARREL,301,2,75,56,11.197885
1771535465,2026-02-19 21:11:05,5.000944,BARREL,304,1,76,59,11.797772
1771535465,2026-02-19 21:11:05,5.000944,BARREL,304,2,77,53,10.597998
1771535465,2026-02-19 21:11:05,5.000944,BARREL,22,1,78,1484,296.743948
1771535465,2026-02-19 21:11:05,5.000944,BARREL,22,2,79,48,9.598187
1771535465,2026-02-19 21:11:05,5.000944,BARREL,4,1,80,47,9.398225
1771535465,2026-02-19 21:11:05,5.000944,BARREL,4,2,81,51,10.198074
1771535465,2026-02-19 21:11:05,5.000944,BARREL,12,1,82,42,8.398414
1771535465,2026-02-19 21:11:05,5.000944,BARREL,12,2,83,49,9.798149
1771535465,2026-02-19 21:11:05,5.000944,BARREL,99,1,84,72,14.397280
1771535465,2026-02-19 21:11:05,5.000944,BARREL,99,2,85,0,0.000000
1771535465,2026-02-19 21:11:05,5.000944,BARREL,56,1,86,44,8.798338
1771535465,2026-02-19 21:11:05,5.000944,BARREL,56,2,87,62,12.397658
1771535465,2026-02-19 21:11:05,5.000944,BARREL,122,1,88,40,7.998489
1771535465,2026-02-19 21:11:05,5.000944,BARREL,122,2,89,44,8.798338
1771535465,2026-02-19 21:11:05,5.000944,BARREL,55,1,90,41,8.198451
1771535465,2026-02-19 21:11:05,5.000944,BARREL,55,2,91,9,1.799660
1771535465,2026-02-19 21:11:05,5.000944,BARREL,83,1,92,15,2.999433
1771535465,2026-02-19 21:11:05,5.000944,BARREL,83,2,93,0,0.000000
1771535465,2026-02-19 21:11:05,5.000944,BARREL,97,1,94,13,2.599509
1771535465,2026-02-19 21:11:05,5.000944,BARREL,97,2,95,47,9.398225
1771535465,2026-02-19 21:11:05,5.000944,BARREL,84,1,96,62,12.397658
1771535465,2026-02-19 21:11:05,5.000944,BARREL,84,2,97,43,8.598376
1771535465,2026-02-19 21:11:05,5.000944,BARREL,305,1,98,54,10.797960
1771535465,2026-02-19 21:11:05,5.000944,BARREL,305,2,99,57,11.397847
1771535465,2026-02-19 21:11:05,5.000944,BARREL,2,1,100,35,6.998678
1771535465,2026-02-19 21:11:05,5.000944,BARREL,2,2,101,48,9.598187
1771535465,2026-02-19 21:11:05,5.000944,BARREL,45,1,102,59,11.797772
1771535465,2026-02-19 21:11:05,5.000944,BARREL,45,2,103,32,6.398791
1771535465,2026-02-19 21:11:05,5.000944,BARREL,77,1,-1,0,0.000000
1771535465,2026-02-19 21:11:05,5.000944,BARREL,77,2,-1,0,0.000000
1771535465,2026-02-19 21:11:05,5.000944,BOTTOM,11,1,2,40,7.998489
1771535465,2026-02-19 21:11:05,5.000944,BOTTOM,11,2,3,91,18.196563
1771535465,2026-02-19 21:11:05,5.000944,BOTTOM,38,1,4,161,32.193919
1771535465,2026-02-19 21:11:05,5.000944,BOTTOM,38,2,5,186,37.192975
1771535465,2026-02-19 21:11:05,5.000944,BOTTOM,96,1,6,249,49.790595
1771535465,2026-02-19 21:11:05,5.000944,BOTTOM,96,2,7,1054,210.760189
1771535465,2026-02-19 21:11:05,5.000944,BOTTOM,307,1,8,154,30.794183
1771535465,2026-02-19 21:11:05,5.000944,BOTTOM,307,2,9,657,131.375184
1771535465,2026-02-19 21:11:05,5.000944,BOTTOM,52,1,10,108,21.595921
1771535465,2026-02-19 21:11:05,5.000944,BOTTOM,52,2,11,194,38.792672
1771535465,2026-02-19 21:11:05,5.000944,BOTTOM,102,1,12,137,27.394825
1771535465,2026-02-19 21:11:05,5.000944,BOTTOM,102,2,13,325,64.987724
1771535465,2026-02-19 21:11:05,5.000944,BOTTOM,124,2,14,15,2.999433
1771535465,2026-02-19 21:11:05,5.000944,BOTTOM,124,1,15,107,21.395958
1771535465,2026-02-19 21:11:05,5.000944,BOTTOM,48,2,16,297,59.388782
1771535465,2026-02-19 21:11:05,5.000944,BOTTOM,48,1,17,114,22.795694
1771535465,2026-02-19 21:11:05,5.000944,BOTTOM,75,2,18,0,0.000000
1771535465,2026-02-19 21:11:05,5.000944,BOTTOM,75,1,19,8,1.599698
1771535465,2026-02-19 21:11:05,5.000944,BOTTOM,109,2,20,184,36.793050
1771535465,2026-02-19 21:11:05,5.000944,BOTTOM,109,1,21,184,36.793050
1771535465,2026-02-19 21:11:05,5.000944,BOTTOM,123,2,22,55,10.997923
1771535465,2026-02-19 21:11:05,5.000944,BOTTOM,123,1,23,17,3.399358
1771535470,2026-02-19 21:11:10,5.000886,TOP,103,1,63,0,0.000000
1771535470,2026-02-19 21:11:10,5.000886,TOP,103,2,62,0,0.000000
1771535470,2026-02-19 21:11:10,5.000886,TOP,300,1,58,0,0.000000
1771535470,2026-02-19 21:11:10,5.000886,TOP,300,2,59,0,0.000000
1771535470,2026-02-19 21:11:10,5.000886,TOP,80,1,60,209,41.792591
1771535470,2026-02-19 21:11:10,5.000886,TOP,80,2,61,212,42.392484
1771535470,2026-02-19 21:11:10,5.000886,TOP,303,1,50,223,44.592094
1771535470,2026-02-19 21:11:10,5.000886,TOP,303,2,57,126,25.195533
1771535470,2026-02-19 21:11:10,5.000886,TOP,88,1,56,28,5.599007
1771535470,2026-02-19 21:11:10,5.000886,TOP,88,2,54,4,0.799858
1771535470,2026-02-19 21:11:10,5.000886,TOP,30,1,127,0,0.000000
1771535470,2026-02-19 21:11:10,5.000886,TOP,30,2,126,179,35.793654
1771535470,2026-02-19 21:11:10,5.000886,TOP,34,1,106,0,0.000000
1771535470,2026-02-19 21:11:10,5.000886,TOP,34,2,107,0,0.000000
1771535470,2026-02-19 21:11:10,5.000886,TOP,74,1,108,95,18.996632
1771535470,2026-02-19 21:11:10,5.000886,TOP,74,2,110,213,42.592449
1771535470,2026-02-19 21:11:10,5.000886,TOP,47,1,112,21,4.199256
1771535470,2026-02-19 21:11:10,5.000886,TOP,47,2,114,197,39.393016
1771535470,2026-02-19 21:11:10,5.000886,TOP,115,1,116,46,9.198369
1771535470,2026-02-19 21:11:10,5.000886,TOP,115,2,118,227,45.391953
1771535470,2026-02-19 21:11:10,5.000886,TOP,46,1,119,0,0.000000
1771535470,2026-02-19 21:11:10,5.000886,TOP,46,2,117,12,2.399575
1771535470,2026-02-19 21:11:10,5.000886,TOP,167,1,115,117,23.395852
1771535470,2026-02-19 21:11:10,5.000886,TOP,167,2,113,95,18.996632
1771535470,2026-02-19 21:11:10,5.000886,TOP,90,1,111,214,42.792414
1771535470,2026-02-19 21:11:10,5.000886,TOP,90,2,109,7,1.399752
1771535470,2026-02-19 21:11:10,5.000886,TOP,302,1,120,0,0.000000
1771535470,2026-02-19 21:11:10,5.000886,TOP,302,2,121,0,0.000000
1771535470,2026-02-19 21:11:10,5.000886,TOP,62,1,122,0,0.000000
1771535470,2026-02-19 21:11:10,5.000886,TOP,62,2,123,0,0.000000
1771535470,2026-02-19 21:11:10,5.000886,TOP,44,1,124,0,0.000000
1771535470,2026-02-19 21:11:10,5.000886,TOP,44,2,125,0,0.000000
1771535470,2026-02-19 21:11:10,5.000886,TOP,61,1,55,167,33.394080
1771535470,2026-02-19 21:11:10,5.000886,TOP,61,2,51,3,0.599894
1771535470,2026-02-19 21:11:10,5.000886,BARREL,26,1,24,54,10.798086
1771535470,2026-02-19 21:11:10,5.000886,BARREL,26,2,25,42,8.398511
1771535470,2026-02-19 21:11:10,5.000886,BARREL,66,1,26,66,13.197660
1771535470,2026-02-19 21:11:10,5.000886,BARREL,66,2,27,33,6.598830
1771535470,2026-02-19 21:11:10,5.000886,BARREL,10,1,28,73,14.597412
1771535470,2026-02-19 21:11:10,5.000886,BARREL,10,2,29,57,11.397979
1771535470,2026-02-19 21:11:10,5.000886,BARREL,58,1,30,0,0.000000
1771535470,2026-02-19 21:11:10,5.000886,BARREL,58,2,31,0,0.000000
1771535470,2026-02-19 21:11:10,5.000886,BARREL,306,1,32,48,9.598298
1771535470,2026-02-19 21:11:10,5.000886,BARREL,306,2,33,41,8.198547
1771535470,2026-02-19 21:11:10,5.000886,BARREL,9,1,34,36,7.198724
1771535470,2026-02-19 21:11:10,5.000886,BARREL,9,2,35,0,0.000000
1771535470,2026-02-19 21:11:10,5.000886,BARREL,57,1,36,54,10.798086
1771535470,2026-02-19 21:11:10,5.000886,BARREL,57,2,37,21,4.199256
1771535470,2026-02-19 21:11:10,5.000886,BARREL,79,1,38,42,8.398511
1771535470,2026-02-19 21:11:10,5.000886,BARREL,79,2,39,57,11.397979
1771535470,2026-02-19 21:11:10,5.000886,BARREL,116,1,40,0,0.000000
1771535470,2026-02-19 21:11:10,5.000886,BARREL,116,2,41,66,13.197660
1771535470,2026-02-19 21:11:10,5.000886,BARREL,13,1,42,0,0.000000
1771535470,2026-02-19 21:11:10,5.000886,BARREL,13,2,43,0,0.000000
1771535470,2026-02-19 21:11:10,5.000886,BARREL,76,1,44,73,14.597412
1771535470,2026-02-19 21:11:10,5.000886,BARREL,76,2,45,41,8.198547
1771535470,2026-02-19 21:11:10,5.000886,BARREL,17,1,46,22,4.399220
1771535470,2026-02-19 21:11:10,5.000886,BARREL,17,2,47,48,9.598298
1771535470,2026-02-19 21:11:10,5.000886,BARREL,125,1,48,64,12.797731
1771535470,2026-02-19 21:11:10,5.000886,BARREL,125,2,49,28,5.599007
1771535470,2026-02-19 21:11:10,5.000886,BARREL,104,1,52,0,0.000000
1771535470,2026-02-19 21:11:10,5.000886,BARREL,104,2,53,471,94.183303
1771535470,2026-02-19 21:11:10,5.000886,BARREL,37,1,64,0,0.000000
1771535470,2026-02-19 21:11:10,5.000886,BARREL,37,2,65,0,0.000000
1771535470,2026-02-19 21:11:10,5.000886,BARREL,70,1,66,50,9.998227
1771535470,2026-02-19 21:11:10,5.000886,BARREL,70,2,67,0,0.000000
1771535470,2026-02-19 21:11:10,5.000886,BARREL,28,1,68,70,13.997518
1771535470,2026-02-19 21:11:10,5.000886,BARREL,28,2,69,69,13.797554
1771535470,2026-02-19 21:11:10,5.000886,BARREL,54,1,70,52,10.398157
1771535470,2026-02-19 21:11:10,5.000886,BARREL,54,2,71,0,0.000000
1771535470,2026-02-19 21:11:10,5.000886,BARREL,25,1,72,69,13.797554
1771535470,2026-02-19 21:11:10,5.000886,BARREL,25,2,73,0,0.000000
1771535470,2026-02-19 21:11:10,5.000886,BARREL,301,1,74,57,11.397979
1771535470,2026-02-19 21:11:10,5.000886,BARREL,301,2,75,60,11.997873
1771535470,2026-02-19 21:11:10,5.000886,BARREL,304,1,76,51,10.198192
1771535470,2026-02-19 21:11:10,5.000886,BARREL,304,2,77,71,14.197483
1771535470,2026-02-19 21:11:10,5.000886,BARREL,22,1,78,1517,303.346221
1771535470,2026-02-19 21:11:10,5.000886,BARREL,22,2,79,49,9.798263
1771535470,2026-02-19 21:11:10,5.000886,BARREL,4,1,80,47,9.398334
1771535470,2026-02-19 21:11:10,5.000886,BARREL,4,2,81,56,11.198015
1771535470,2026-02-19 21:11:10,5.000886,BARREL,12,1,82,63,12.597767
1771535470,2026-02-19 21:11:10,5.000886,BARREL,12,2,83,50,9.998227
1771535470,2026-02-19 21:11:10,5.000886,BARREL,99,1,84,61,12.197838
1771535470,2026-02-19 21:11:10,5.000886,BARREL,99,2,85,0,0.000000
1771535470,2026-02-19 21:11:10,5.000886,BARREL,56,1,86,62,12.397802
1771535470,2026-02-19 21:11:10,5.000886,BARREL,56,2,87,62,12.397802
1771535470,2026-02-19 21:11:10,5.000886,BARREL,122,1,88,37,7.398688
1771535470,2026-02-19 21:11:10,5.000886,BARREL,122,2,89,41,8.198547
1771535470,2026-02-19 21:11:10,5.000886,BARREL,55,1,90,48,9.598298
1771535470,2026-02-19 21:11:10,5.000886,BARREL,55,2,91,14,2.799504
1771535470,2026-02-19 21:11:10,5.000886,BARREL,83,1,92,18,3.599362
1771535470,2026-02-19 21:11:10,5.000886,BARREL,83,2,93,0,0.000000
1771535470,2026-02-19 21:11:10,5.000886,BARREL,97,1,94,5,0.999823
1771535470,2026-02-19 21:11:10,5.000886,BARREL,97,2,95,45,8.998405
1771535470,2026-02-19 21:11:10,5.000886,BARREL,84,1,96,57,11.397979
1771535470,2026-02-19 21:11:10,5.000886,BARREL,84,2,97,24,4.799149
1771535470,2026-02-19 21:11:10,5.000886,BARREL,305,1,98,57,11.397979
1771535470,2026-02-19 21:11:10,5.000886,BARREL,305,2,99,70,13.997518
1771535470,2026-02-19 21:11:10,5.000886,BARREL,2,1,100,26,5.199078
1771535470,2026-02-19 21:11:10,5.000886,BARREL,2,2,101,53,10.598121
1771535470,2026-02-19 21:11:10,5.000886,BARREL,45,1,102,57,11.397979
1771535470,2026-02-19 21:11:10,5.000886,BARREL,45,2,103,27,5.399043
1771535470,2026-02-19 21:11:10,5.000886,BARREL,77,1,-1,0,0.000000
1771535470,2026-02-19 21:11:10,5.000886,BARREL,77,2,-1,0,0.000000
1771535470,2026-02-19 21:11:10,5.000886,BOTTOM,11,1,2,47,9.398334
1771535470,2026-02-19 21:11:10,5.000886,BOTTOM,11,2,3,73,14.597412
1771535470,2026-02-19 21:11:10,5.000886,BOTTOM,38,1,4,161,32.194292
1771535470,2026-02-19 21:11:10,5.000886,BOTTOM,38,2,5,182,36.393548
1771535470,2026-02-19 21:11:10,5.000886,BOTTOM,96,1,6,232,46.391775
1771535470,2026-02-19 21:11:10,5.000886,BOTTOM,96,2,7,962,192.365896
1771535470,2026-02-19 21:11:10,5.000886,BOTTOM,307,1,8,152,30.394611
1771535470,2026-02-19 21:11:10,5.000886,BOTTOM,307,2,9,658,131.576673
1771535470,2026-02-19 21:11:10,5.000886,BOTTOM,52,1,10,111,22.196065
1771535470,2026-02-19 21:11:10,5.000886,BOTTOM,52,2,11,202,40.392839
1771535470,2026-02-19 21:11:10,5.000886,BOTTOM,102,1,12,138,27.595108
1771535470,2026-02-19 21:11:10,5.000886,BOTTOM,102,2,13,352,70.387521
1771535470,2026-02-19 21:11:10,5.000886,BOTTOM,124,2,14,16,3.199433
1771535470,2026-02-19 21:11:10,5.000886,BOTTOM,124,1,15,119,23.795781
1771535470,2026-02-19 21:11:10,5.000886,BOTTOM,48,2,16,272,54.390357
1771535470,2026-02-19 21:11:10,5.000886,BOTTOM,48,1,17,124,24.795604
1771535470,2026-02-19 21:11:10,5.000886,BOTTOM,75,2,18,0,0.000000
1771535470,2026-02-19 21:11:10,5.000886,BOTTOM,75,1,19,3,0.599894
1771535470,2026-02-19 21:11:10,5.000886,BOTTOM,109,2,20,169,33.794009
1771535470,2026-02-19 21:11:10,5.000886,BOTTOM,109,1,21,215,42.992378
1771535470,2026-02-19 21:11:10,5.000886,BOTTOM,123,2,22,34,6.798795
1771535470,2026-02-19 21:11:10,5.000886,BOTTOM,123,1,23,9,1.799681
1771535475,2026-02-19 21:11:15,5.000926,TOP,103,1,63,0,0.000000
1771535475,2026-02-19 21:11:15,5.000926,TOP,103,2,62,0,0.000000
1771535475,2026-02-19 21:11:15,5.000926,TOP,300,1,58,0,0.000000
1771535475,2026-02-19 21:11:15,5.000926,TOP,300,2,59,0,0.000000
1771535475,2026-02-19 21:11:15,5.000926,TOP,80,1,60,205,40.992410
1771535475,2026-02-19 21:11:15,5.000926,TOP,80,2,61,196,39.192743
1771535475,2026-02-19 21:11:15,5.000926,TOP,303,1,50,225,44.991670
1771535475,2026-02-19 21:11:15,5.000926,TOP,303,2,57,117,23.395668
1771535475,2026-02-19 21:11:15,5.000926,TOP,88,1,56,30,5.998889
1771535475,2026-02-19 21:11:15,5.000926,TOP,88,2,54,5,0.999815
1771535475,2026-02-19 21:11:15,5.000926,TOP,30,1,127,0,0.000000
1771535475,2026-02-19 21:11:15,5.000926,TOP,30,2,126,185,36.993151
1771535475,2026-02-19 21:11:15,5.000926,TOP,34,1,106,0,0.000000
1771535475,2026-02-19 21:11:15,5.000926,TOP,34,2,107,0,0.000000
1771535475,2026-02-19 21:11:15,5.000926,TOP,74,1,108,89,17.796705
1771535475,2026-02-19 21:11:15,5.000926,TOP,74,2,110,199,39.792632
1771535475,2026-02-19 21:11:15,5.000926,TOP,47,1,112,8,1.599704
1771535475,2026-02-19 21:11:15,5.000926,TOP,47,2,114,196,39.192743
1771535475,2026-02-19 21:11:15,5.000926,TOP,115,1,116,39,7.798556
1771535475,2026-02-19 21:11:15,5.000926,TOP,115,2,118,226,45.191633
1771535475,2026-02-19 21:11:15,5.000926,TOP,46,1,119,0,0.000000
1771535475,2026-02-19 21:11:15,5.000926,TOP,46,2,117,16,3.199408
1771535475,2026-02-19 21:11:15,5.000926,TOP,167,1,115,116,23.195705
1771535475,2026-02-19 21:11:15,5.000926,TOP,167,2,113,92,18.396594
1771535475,2026-02-19 21:11:15,5.000926,TOP,90,1,111,199,39.792632
1771535475,2026-02-19 21:11:15,5.000926,TOP,90,2,109,13,2.599519
1771535475,2026-02-19 21:11:15,5.000926,TOP,302,1,120,0,0.000000
1771535475,2026-02-19 21:11:15,5.000926,TOP,302,2,121,0,0.000000
1771535475,2026-02-19 21:11:15,5.000926,TOP,62,1,122,0,0.000000
1771535475,2026-02-19 21:11:15,5.000926,TOP,62,2,123,0,0.000000
1771535475,2026-02-19 21:11:15,5.000926,TOP,44,1,124,0,0.000000
1771535475,2026-02-19 21:11:15,5.000926,TOP,44,2,125,0,0.000000
1771535475,2026-02-19 21:11:15,5.000926,TOP,61,1,55,170,33.993706
1771535475,2026-02-19 21:11:15,5.000926,TOP,61,2,51,1,0.199963
1771535475,2026-02-19 21:11:15,5.000926,BARREL,26,1,24,54,10.798001
1771535475,2026-02-19 21:11:15,5.000926,BARREL,26,2,25,34,6.798741
1771535475,2026-02-19 21:11:15,5.000926,BARREL,66,1,26,69,13.797445
1771535475,2026-02-19 21:11:15,5.000926,BARREL,66,2,27,34,6.798741
1771535475,2026-02-19 21:11:15,5.000926,BARREL,10,1,28,53,10.598038
1771535475,2026-02-19 21:11:15,5.000926,BARREL,10,2,29,48,9.598223
1771535475,2026-02-19 21:11:15,5.000926,BARREL,58,1,30,0,0.000000
1771535475,2026-02-19 21:11:15,5.000926,BARREL,58,2,31,0,0.000000
1771535475,2026-02-19 21:11:15,5.000926,BARREL,306,1,32,45,8.998334
1771535475,2026-02-19 21:11:15,5.000926,BARREL,306,2,33,35,6.998704
1771535475,2026-02-19 21:11:15,5.000926,BARREL,9,1,34,33,6.598778
1771535475,2026-02-19 21:11:15,5.000926,BARREL,9,2,35,0,0.000000
1771535475,2026-02-19 21:11:15,5.000926,BARREL,57,1,36,52,10.398075
1771535475,2026-02-19 21:11:15,5.000926,BARREL,57,2,37,21,4.199223
1771535475,2026-02-19 21:11:15,5.000926,BARREL,79,1,38,44,8.798371
1771535475,2026-02-19 21:11:15,5.000926,BARREL,79,2,39,61,12.197742
1771535475,2026-02-19 21:11:15,5.000926,BARREL,116,1,40,0,0.000000
1771535475,2026-02-19 21:11:15,5.000926,BARREL,116,2,41,64,12.797630
1771535475,2026-02-19 21:11:15,5.000926,BARREL,13,1,42,0,0.000000
1771535475,2026-02-19 21:11:15,5.000926,BARREL,13,2,43,0,0.000000
1771535475,2026-02-19 21:11:15,5.000926,BARREL,76,1,44,73,14.597297
1771535475,2026-02-19 21:11:15,5.000926,BARREL,76,2,45,32,6.398815
1771535475,2026-02-19 21:11:15,5.000926,BARREL,17,1,46,16,3.199408
1771535475,2026-02-19 21:11:15,5.000926,BARREL,17,2,47,43,8.598408
1771535475,2026-02-19 21:11:15,5.000926,BARREL,125,1,48,44,8.798371
1771535475,2026-02-19 21:11:15,5.000926,BARREL,125,2,49,21,4.199223
1771535475,2026-02-19 21:11:15,5.000926,BARREL,104,1,52,0,0.000000
1771535475,2026-02-19 21:11:15,5.000926,BARREL,104,2,53,472,94.382525
1771535475,2026-02-19 21:11:15,5.000926,BARREL,37,1,64,0,0.000000
1771535475,2026-02-19 21:11:15,5.000926,BARREL,37,2,65,0,0.000000
1771535475,2026-02-19 21:11:15,5.000926,BARREL,70,1,66,48,9.598223
1771535475,2026-02-19 21:11:15,5.000926,BARREL,70,2,67,0,0.000000
1771535475,2026-02-19 21:11:15,5.000926,BARREL,28,1,68,61,12.197742
1771535475,2026-02-19 21:11:15,5.000926,BARREL,28,2,69,72,14.397334
1771535475,2026-02-19 21:11:15,5.000926,BARREL,54,1,70,52,10.398075
1771535475,2026-02-19 21:11:15,5.000926,BARREL,54,2,71,0,0.000000
1771535475,2026-02-19 21:11:15,5.000926,BARREL,25,1,72,70,13.997408
1771535475,2026-02-19 21:11:15,5.000926,BARREL,25,2,73,0,0.000000
1771535475,2026-02-19 21:11:15,5.000926,BARREL,301,1,74,52,10.398075
1771535475,2026-02-19 21:11:15,5.000926,BARREL,301,2,75,50,9.998149
1771535475,2026-02-19 21:11:15,5.000926,BARREL,304,1,76,54,10.798001
1771535475,2026-02-19 21:11:15,5.000926,BARREL,304,2,77,50,9.998149
1771535475,2026-02-19 21:11:15,5.000926,BARREL,22,1,78,1704,340.736912
1771535475,2026-02-19 21:11:15,5.000926,BARREL,22,2,79,55,10.997964
1771535475,2026-02-19 21:11:15,5.000926,BARREL,4,1,80,55,10.997964
1771535475,2026-02-19 21:11:15,5.000926,BARREL,4,2,81,60,11.997779
1771535475,2026-02-19 21:11:15,5.000926,BARREL,12,1,82,64,12.797630
1771535475,2026-02-19 21:11:15,5.000926,BARREL,12,2,83,56,11.197927
1771535475,2026-02-19 21:11:15,5.000926,BARREL,99,1,84,58,11.597853
1771535475,2026-02-19 21:11:15,5.000926,BARREL,99,2,85,0,0.000000
1771535475,2026-02-19 21:11:15,5.000926,BARREL,56,1,86,56,11.197927
1771535475,2026-02-19 21:11:15,5.000926,BARREL,56,2,87,70,13.997408
1771535475,2026-02-19 21:11:15,5.000926,BARREL,122,1,88,36,7.198667
1771535475,2026-02-19 21:11:15,5.000926,BARREL,122,2,89,50,9.998149
1771535475,2026-02-19 21:11:15,5.000926,BARREL,55,1,90,41,8.198482
1771535475,2026-02-19 21:11:15,5.000926,BARREL,55,2,91,21,4.199223
1771535475,2026-02-19 21:11:15,5.000926,BARREL,83,1,92,16,3.199408
1771535475,2026-02-19 21:11:15,5.000926,BARREL,83,2,93,0,0.000000
1771535475,2026-02-19 21:11:15,5.000926,BARREL,97,1,94,10,1.999630
1771535475,2026-02-19 21:11:15,5.000926,BARREL,97,2,95,45,8.998334
1771535475,2026-02-19 21:11:15,5.000926,BARREL,84,1,96,40,7.998519
1771535475,2026-02-19 21:11:15,5.000926,BARREL,84,2,97,37,7.398630
1771535475,2026-02-19 21:11:15,5.000926,BARREL,305,1,98,56,11.197927
1771535475,2026-02-19 21:11:15,5.000926,BARREL,305,2,99,59,11.797816
1771535475,2026-02-19 21:11:15,5.000926,BARREL,2,1,100,37,7.398630
1771535475,2026-02-19 21:11:15,5.000926,BARREL,2,2,101,50,9.998149
1771535475,2026-02-19 21:11:15,5.000926,BARREL,45,1,102,52,10.398075
1771535475,2026-02-19 21:11:15,5.000926,BARREL,45,2,103,37,7.398630
1771535475,2026-02-19 21:11:15,5.000926,BARREL,77,1,-1,0,0.000000
1771535475,2026-02-19 21:11:15,5.000926,BARREL,77,2,-1,0,0.000000
1771535475,2026-02-19 21:11:15,5.000926,BOTTOM,11,1,2,32,6.398815
1771535475,2026-02-19 21:11:15,5.000926,BOTTOM,11,2,3,71,14.197371
1771535475,2026-02-19 21:11:15,5.000926,BOTTOM,38,1,4,176,35.193484
1771535475,2026-02-19 21:11:15,5.000926,BOTTOM,38,2,5,205,40.992410
1771535475,2026-02-19 21:11:15,5.000926,BOTTOM,96,1,6,273,54.589893
1771535475,2026-02-19 21:11:15,5.000926,BOTTOM,96,2,7,750,149.972232
1771535475,2026-02-19 21:11:15,5.000926,BOTTOM,307,1,8,142,28.394743
1771535475,2026-02-19 21:11:15,5.000926,BOTTOM,307,2,9,659,131.775601
1771535475,2026-02-19 21:11:15,5.000926,BOTTOM,52,1,10,135,26.995002
1771535475,2026-02-19 21:11:15,5.000926,BOTTOM,52,2,11,170,33.993706
1771535475,2026-02-19 21:11:15,5.000926,BOTTOM,102,1,12,134,26.795039
1771535475,2026-02-19 21:11:15,5.000926,BOTTOM,102,2,13,348,69.587116
1771535475,2026-02-19 21:11:15,5.000926,BOTTOM,124,2,14,23,4.599148
1771535475,2026-02-19 21:11:15,5.000926,BOTTOM,124,1,15,112,22.395853
1771535475,2026-02-19 21:11:15,5.000926,BOTTOM,48,2,16,281,56.189596
1771535475,2026-02-19 21:11:15,5.000926,BOTTOM,48,1,17,121,24.195520
1771535475,2026-02-19 21:11:15,5.000926,BOTTOM,75,2,18,0,0.000000
1771535475,2026-02-19 21:11:15,5.000926,BOTTOM,75,1,19,3,0.599889
1771535475,2026-02-19 21:11:15,5.000926,BOTTOM,109,2,20,142,28.394743
1771535475,2026-02-19 21:11:15,5.000926,BOTTOM,109,1,21,233,46.591374
1771535475,2026-02-19 21:11:15,5.000926,BOTTOM,123,2,22,35,6.998704
1771535475,2026-02-19 21:11:15,5.000926,BOTTOM,123,1,23,13,2.599519
1771535480,2026-02-19 21:11:20,5.000902,TOP,103,1,63,0,0.000000
1771535480,2026-02-19 21:11:20,5.000902,TOP,103,2,62,0,0.000000
1771535480,2026-02-19 21:11:20,5.000902,TOP,300,1,58,0,0.000000
1771535480,2026-02-19 21:11:20,5.000902,TOP,300,2,59,0,0.000000
1771535480,2026-02-19 21:11:20,5.000902,TOP,80,1,60,189,37.793183
1771535480,2026-02-19 21:11:20,5.000902,TOP,80,2,61,224,44.791921
1771535480,2026-02-19 21:11:20,5.000902,TOP,303,1,50,227,45.391812
1771535480,2026-02-19 21:11:20,5.000902,TOP,303,2,57,105,20.996213
1771535480,2026-02-19 21:11:20,5.000902,TOP,88,1,56,26,5.199062
1771535480,2026-02-19 21:11:20,5.000902,TOP,88,2,54,4,0.799856
1771535480,2026-02-19 21:11:20,5.000902,TOP,30,1,127,0,0.000000
1771535480,2026-02-19 21:11:20,5.000902,TOP,30,2,126,186,37.193291
1771535480,2026-02-19 21:11:20,5.000902,TOP,34,1,106,0,0.000000
1771535480,2026-02-19 21:11:20,5.000902,TOP,34,2,107,0,0.000000
1771535480,2026-02-19 21:11:20,5.000902,TOP,74,1,108,89,17.796790
1771535480,2026-02-19 21:11:20,5.000902,TOP,74,2,110,214,42.792281
1771535480,2026-02-19 21:11:20,5.000902,TOP,47,1,112,18,3.599351
1771535480,2026-02-19 21:11:20,5.000902,TOP,47,2,114,211,42.192389
1771535480,2026-02-19 21:11:20,5.000902,TOP,115,1,116,53,10.598088
1771535480,2026-02-19 21:11:20,5.000902,TOP,115,2,118,228,45.591776
1771535480,2026-02-19 21:11:20,5.000902,TOP,46,1,119,0,0.000000
1771535480,2026-02-19 21:11:20,5.000902,TOP,46,2,117,17,3.399387
1771535480,2026-02-19 21:11:20,5.000902,TOP,167,1,115,126,25.195455
1771535480,2026-02-19 21:11:20,5.000902,TOP,167,2,113,88,17.596826
1771535480,2026-02-19 21:11:20,5.000902,TOP,90,1,111,192,38.393075
1771535480,2026-02-19 21:11:20,5.000902,TOP,90,2,109,8,1.599711
1771535480,2026-02-19 21:11:20,5.000902,TOP,302,1,120,0,0.000000
1771535480,2026-02-19 21:11:20,5.000902,TOP,302,2,121,0,0.000000
1771535480,2026-02-19 21:11:20,5.000902,TOP,62,1,122,0,0.000000
1771535480,2026-02-19 21:11:20,5.000902,TOP,62,2,123,0,0.000000
1771535480,2026-02-19 21:11:20,5.000902,TOP,44,1,124,0,0.000000
1771535480,2026-02-19 21:11:20,5.000902,TOP,44,2,125,0,0.000000
1771535480,2026-02-19 21:11:20,5.000902,TOP,61,1,55,167,33.393976
1771535480,2026-02-19 21:11:20,5.000902,TOP,61,2,51,0,0.000000
1771535480,2026-02-19 21:11:20,5.000902,BARREL,26,1,24,58,11.597908
1771535480,2026-02-19 21:11:20,5.000902,BARREL,26,2,25,41,8.198521
1771535480,2026-02-19 21:11:20,5.000902,BARREL,66,1,26,78,15.597187
1771535480,2026-02-19 21:11:20,5.000902,BARREL,66,2,27,32,6.398846
1771535480,2026-02-19 21:11:20,5.000902,BARREL,10,1,28,57,11.397944
1771535480,2026-02-19 21:11:20,5.000902,BARREL,10,2,29,54,10.798052
1771535480,2026-02-19 21:11:20,5.000902,BARREL,58,1,30,0,0.000000
1771535480,2026-02-19 21:11:20,5.000902,BARREL,58,2,31,0,0.000000
1771535480,2026-02-19 21:11:20,5.000902,BARREL,306,1,32,50,9.998197
1771535480,2026-02-19 21:11:20,5.000902,BARREL,306,2,33,40,7.998557
1771535480,2026-02-19 21:11:20,5.000902,BARREL,9,1,34,38,7.598629
1771535480,2026-02-19 21:11:20,5.000902,BARREL,9,2,35,0,0.000000
1771535480,2026-02-19 21:11:20,5.000902,BARREL,57,1,36,53,10.598088
1771535480,2026-02-19 21:11:20,5.000902,BARREL,57,2,37,19,3.799315
1771535480,2026-02-19 21:11:20,5.000902,BARREL,79,1,38,56,11.197980
1771535480,2026-02-19 21:11:20,5.000902,BARREL,79,2,39,67,13.397583
1771535480,2026-02-19 21:11:20,5.000902,BARREL,116,1,40,0,0.000000
1771535480,2026-02-19 21:11:20,5.000902,BARREL,116,2,41,76,15.197259
1771535480,2026-02-19 21:11:20,5.000902,BARREL,13,1,42,0,0.000000
1771535480,2026-02-19 21:11:20,5.000902,BARREL,13,2,43,0,0.000000
1771535480,2026-02-19 21:11:20,5.000902,BARREL,76,1,44,49,9.798233
1771535480,2026-02-19 21:11:20,5.000902,BARREL,76,2,45,33,6.598810
1771535480,2026-02-19 21:11:20,5.000902,BARREL,17,1,46,28,5.598990
1771535480,2026-02-19 21:11:20,5.000902,BARREL,17,2,47,44,8.798413
1771535480,2026-02-19 21:11:20,5.000902,BARREL,125,1,48,58,11.597908
1771535480,2026-02-19 21:11:20,5.000902,BARREL,125,2,49,19,3.799315
1771535480,2026-02-19 21:11:20,5.000902,BARREL,104,1,52,0,0.000000
1771535480,2026-02-19 21:11:20,5.000902,BARREL,104,2,53,455,90.983589
1771535480,2026-02-19 21:11:20,5.000902,BARREL,37,1,64,0,0.000000
1771535480,2026-02-19 21:11:20,5.000902,BARREL,37,2,65,0,0.000000
1771535480,2026-02-19 21:11:20,5.000902,BARREL,70,1,66,50,9.998197
1771535480,2026-02-19 21:11:20,5.000902,BARREL,70,2,67,0,0.000000
1771535480,2026-02-19 21:11:20,5.000902,BARREL,28,1,68,45,8.998377
1771535480,2026-02-19 21:11:20,5.000902,BARREL,28,2,69,78,15.597187
1771535480,2026-02-19 21:11:20,5.000902,BARREL,54,1,70,48,9.598269
1771535480,2026-02-19 21:11:20,5.000902,BARREL,54,2,71,0,0.000000
1771535480,2026-02-19 21:11:20,5.000902,BARREL,25,1,72,57,11.397944
1771535480,2026-02-19 21:11:20,5.000902,BARREL,25,2,73,0,0.000000
1771535480,2026-02-19 21:11:20,5.000902,BARREL,301,1,74,49,9.798233
1771535480,2026-02-19 21:11:20,5.000902,BARREL,301,2,75,54,10.798052
1771535480,2026-02-19 21:11:20,5.000902,BARREL,304,1,76,49,9.798233
1771535480,2026-02-19 21:11:20,5.000902,BARREL,304,2,77,65,12.997656
1771535480,2026-02-19 21:11:20,5.000902,BARREL,22,1,78,1920,383.930747
1771535480,2026-02-19 21:11:20,5.000902,BARREL,22,2,79,62,12.397764
1771535480,2026-02-19 21:11:20,5.000902,BARREL,4,1,80,46,9.198341
1771535480,2026-02-19 21:11:20,5.000902,BARREL,4,2,81,72,14.397403
1771535480,2026-02-19 21:11:20,5.000902,BARREL,12,1,82,44,8.798413
1771535480,2026-02-19 21:11:20,5.000902,BARREL,12,2,83,50,9.998197
1771535480,2026-02-19 21:11:20,5.000902,BARREL,99,1,84,59,11.797872
1771535480,2026-02-19 21:11:20,5.000902,BARREL,99,2,85,0,0.000000
1771535480,2026-02-19 21:11:20,5.000902,BARREL,56,1,86,46,9.198341
1771535480,2026-02-19 21:11:20,5.000902,BARREL,56,2,87,56,11.197980
1771535480,2026-02-19 21:11:20,5.000902,BARREL,122,1,88,32,6.398846
1771535480,2026-02-19 21:11:20,5.000902,BARREL,122,2,89,66,13.197619
1771535480,2026-02-19 21:11:20,5.000902,BARREL,55,1,90,48,9.598269
1771535480,2026-02-19 21:11:20,5.000902,BARREL,55,2,91,12,2.399567
1771535480,2026-02-19 21:11:20,5.000902,BARREL,83,1,92,12,2.399567
1771535480,2026-02-19 21:11:20,5.000902,BARREL,83,2,93,0,0.000000
1771535480,2026-02-19 21:11:20,5.000902,BARREL,97,1,94,9,1.799675
1771535480,2026-02-19 21:11:20,5.000902,BARREL,97,2,95,53,10.598088
1771535480,2026-02-19 21:11:20,5.000902,BARREL,84,1,96,54,10.798052
1771535480,2026-02-19 21:11:20,5.000902,BARREL,84,2,97,28,5.598990
1771535480,2026-02-19 21:11:20,5.000902,BARREL,305,1,98,59,11.797872
1771535480,2026-02-19 21:11:20,5.000902,BARREL,305,2,99,64,12.797692
1771535480,2026-02-19 21:11:20,5.000902,BARREL,2,1,100,34,6.798774
1771535480,2026-02-19 21:11:20,5.000902,BARREL,2,2,101,53,10.598088
1771535480,2026-02-19 21:11:20,5.000902,BARREL,45,1,102,55,10.998016
1771535480,2026-02-19 21:11:20,5.000902,BARREL,45,2,103,35,6.998738
1771535480,2026-02-19 21:11:20,5.000902,BARREL,77,1,-1,0,0.000000
1771535480,2026-02-19 21:11:20,5.000902,BARREL,77,2,-1,0,0.000000
1771535480,2026-02-19 21:11:20,5.000902,BOTTOM,11,1,2,47,9.398305
1771535480,2026-02-19 21:11:20,5.000902,BOTTOM,11,2,3,72,14.397403
1771535480,2026-02-19 21:11:20,5.000902,BOTTOM,38,1,4,184,36.793363
1771535480,2026-02-19 21:11:20,5.000902,BOTTOM,38,2,5,211,42.192389
1771535480,2026-02-19 21:11:20,5.000902,BOTTOM,96,1,6,235,46.991524
1771535480,2026-02-19 21:11:20,5.000902,BOTTOM,96,2,7,660,131.976194
1771535480,2026-02-19 21:11:20,5.000902,BOTTOM,307,1,8,152,30.394517
1771535480,2026-02-19 21:11:20,5.000902,BOTTOM,307,2,9,626,125.177421
1771535480,2026-02-19 21:11:20,5.000902,BOTTOM,52,1,10,108,21.596105
1771535480,2026-02-19 21:11:20,5.000902,BOTTOM,52,2,11,184,36.793363
1771535480,2026-02-19 21:11:20,5.000902,BOTTOM,102,1,12,140,27.994950
1771535480,2026-02-19 21:11:20,5.000902,BOTTOM,102,2,13,351,70.187340
1771535480,2026-02-19 21:11:20,5.000902,BOTTOM,124,2,14,18,3.599351
1771535480,2026-02-19 21:11:20,5.000902,BOTTOM,124,1,15,117,23.395780
1771535480,2026-02-19 21:11:20,5.000902,BOTTOM,48,2,16,277,55.390009
1771535480,2026-02-19 21:11:20,5.000902,BOTTOM,48,1,17,114,22.795888
1771535480,2026-02-19 21:11:20,5.000902,BOTTOM,75,2,18,0,0.000000
1771535480,2026-02-19 21:11:20,5.000902,BOTTOM,75,1,19,10,1.999639
1771535480,2026-02-19 21:11:20,5.000902,BOTTOM,109,2,20,172,34.393796
1771535480,2026-02-19 21:11:20,5.000902,BOTTOM,109,1,21,206,41.192570
1771535480,2026-02-19 21:11:20,5.000902,BOTTOM,123,2,22,43,8.598449
1771535480,2026-02-19 21:11:20,5.000902,BOTTOM,123,1,23,8,1.599711
1771535485,2026-02-19 21:11:25,5.000883,TOP,103,1,63,0,0.000000
1771535485,2026-02-19 21:11:25,5.000883,TOP,103,2,62,0,0.000000
1771535485,2026-02-19 21:11:25,5.000883,TOP,300,1,58,0,0.000000
1771535485,2026-02-19 21:11:25,5.000883,TOP,300,2,59,0,0.000000
1771535485,2026-02-19 21:11:25,5.000883,TOP,80,1,60,176,35.193787
1771535485,2026-02-19 21:11:25,5.000883,TOP,80,2,61,169,33.794034
1771535485,2026-02-19 21:11:25,5.000883,TOP,303,1,50,218,43.592304
1771535485,2026-02-19 21:11:25,5.000883,TOP,303,2,57,113,22.596011
1771535485,2026-02-19 21:11:25,5.000883,TOP,88,1,56,24,4.799153
1771535485,2026-02-19 21:11:25,5.000883,TOP,88,2,54,3,0.599894
1771535485,2026-02-19 21:11:25,5.000883,TOP,30,1,127,0,0.000000
1771535485,2026-02-19 21:11:25,5.000883,TOP,30,2,126,195,38.993116
1771535485,2026-02-19 21:11:25,5.000883,TOP,34,1,106,0,0.000000
1771535485,2026-02-19 21:11:25,5.000883,TOP,34,2,107,0,0.000000
1771535485,2026-02-19 21:11:25,5.000883,TOP,74,1,108,102,20.396399
1771535485,2026-02-19 21:11:25,5.000883,TOP,74,2,110,206,41.192728
1771535485,2026-02-19 21:11:25,5.000883,TOP,47,1,112,15,2.999470
1771535485,2026-02-19 21:11:25,5.000883,TOP,47,2,114,223,44.592128
1771535485,2026-02-19 21:11:25,5.000883,TOP,115,1,116,36,7.198729
1771535485,2026-02-19 21:11:25,5.000883,TOP,115,2,118,225,44.992057
1771535485,2026-02-19 21:11:25,5.000883,TOP,46,1,119,0,0.000000
1771535485,2026-02-19 21:11:25,5.000883,TOP,46,2,117,4,0.799859
1771535485,2026-02-19 21:11:25,5.000883,TOP,167,1,115,97,19.396576
1771535485,2026-02-19 21:11:25,5.000883,TOP,167,2,113,88,17.596893
1771535485,2026-02-19 21:11:25,5.000883,TOP,90,1,111,201,40.192904
1771535485,2026-02-19 21:11:25,5.000883,TOP,90,2,109,5,0.999823
1771535485,2026-02-19 21:11:25,5.000883,TOP,302,1,120,1,0.199965
1771535485,2026-02-19 21:11:25,5.000883,TOP,302,2,121,0,0.000000
1771535485,2026-02-19 21:11:25,5.000883,TOP,62,1,122,0,0.000000
1771535485,2026-02-19 21:11:25,5.000883,TOP,62,2,123,0,0.000000
1771535485,2026-02-19 21:11:25,5.000883,TOP,44,1,124,0,0.000000
1771535485,2026-02-19 21:11:25,5.000883,TOP,44,2,125,0,0.000000
1771535485,2026-02-19 21:11:25,5.000883,TOP,61,1,55,148,29.594775
1771535485,2026-02-19 21:11:25,5.000883,TOP,61,2,51,1,0.199965
1771535485,2026-02-19 21:11:25,5.000883,BARREL,26,1,24,54,10.798094
1771535485,2026-02-19 21:11:25,5.000883,BARREL,26,2,25,53,10.598129
1771535485,2026-02-19 21:11:25,5.000883,BARREL,66,1,26,52,10.398164
1771535485,2026-02-19 21:11:25,5.000883,BARREL,66,2,27,29,5.798976
1771535485,2026-02-19 21:11:25,5.000883,BARREL,10,1,28,55,10.998058
1771535485,2026-02-19 21:11:25,5.000883,BARREL,10,2,29,42,8.398517
1771535485,2026-02-19 21:11:25,5.000883,BARREL,58,1,30,0,0.000000
1771535485,2026-02-19 21:11:25,5.000883,BARREL,58,2,31,0,0.000000
1771535485,2026-02-19 21:11:25,5.000883,BARREL,306,1,32,47,9.398341
1771535485,2026-02-19 21:11:25,5.000883,BARREL,306,2,33,43,8.598482
1771535485,2026-02-19 21:11:25,5.000883,BARREL,9,1,34,45,8.998411
1771535485,2026-02-19 21:11:25,5.000883,BARREL,9,2,35,0,0.000000
1771535485,2026-02-19 21:11:25,5.000883,BARREL,57,1,36,58,11.597952
1771535485,2026-02-19 21:11:25,5.000883,BARREL,57,2,37,16,3.199435
1771535485,2026-02-19 21:11:25,5.000883,BARREL,79,1,38,59,11.797917
1771535485,2026-02-19 21:11:25,5.000883,BARREL,79,2,39,71,14.197494
1771535485,2026-02-19 21:11:25,5.000883,BARREL,116,1,40,0,0.000000
1771535485,2026-02-19 21:11:25,5.000883,BARREL,116,2,41,52,10.398164
1771535485,2026-02-19 21:11:25,5.000883,BARREL,13,1,42,0,0.000000
1771535485,2026-02-19 21:11:25,5.000883,BARREL,13,2,43,0,0.000000
1771535485,2026-02-19 21:11:25,5.000883,BARREL,76,1,44,63,12.597776
1771535485,2026-02-19 21:11:25,5.000883,BARREL,76,2,45,34,6.798800
1771535485,2026-02-19 21:11:25,5.000883,BARREL,17,1,46,18,3.599365
1771535485,2026-02-19 21:11:25,5.000883,BARREL,17,2,47,43,8.598482
1771535485,2026-02-19 21:11:25,5.000883,BARREL,125,1,48,68,13.597599
1771535485,2026-02-19 21:11:25,5.000883,BARREL,125,2,49,28,5.599012
1771535485,2026-02-19 21:11:25,5.000883,BARREL,104,1,52,0,0.000000
1771535485,2026-02-19 21:11:25,5.000883,BARREL,104,2,53,423,84.585067
1771535485,2026-02-19 21:11:25,5.000883,BARREL,37,1,64,0,0.000000
1771535485,2026-02-19 21:11:25,5.000883,BARREL,37,2,65,0,0.000000
1771535485,2026-02-19 21:11:25,5.000883,BARREL,70,1,66,48,9.598305
1771535485,2026-02-19 21:11:25,5.000883,BARREL,70,2,67,0,0.000000
1771535485,2026-02-19 21:11:25,5.000883,BARREL,28,1,68,55,10.998058
1771535485,2026-02-19 21:11:25,5.000883,BARREL,28,2,69,58,11.597952
1771535485,2026-02-19 21:11:25,5.000883,BARREL,54,1,70,33,6.598835
1771535485,2026-02-19 21:11:25,5.000883,BARREL,54,2,71,0,0.000000
1771535485,2026-02-19 21:11:25,5.000883,BARREL,25,1,72,66,13.197670
1771535485,2026-02-19 21:11:25,5.000883,BARREL,25,2,73,0,0.000000
1771535485,2026-02-19 21:11:25,5.000883,BARREL,301,1,74,51,10.198200
1771535485,2026-02-19 21:11:25,5.000883,BARREL,301,2,75,55,10.998058
1771535485,2026-02-19 21:11:25,5.000883,BARREL,304,1,76,49,9.798270
1771535485,2026-02-19 21:11:25,5.000883,BARREL,304,2,77,48,9.598305
1771535485,2026-02-19 21:11:25,5.000883,BARREL,22,1,78,1918,383.532290
1771535485,2026-02-19 21:11:25,5.000883,BARREL,22,2,79,62,12.397811
1771535485,2026-02-19 21:11:25,5.000883,BARREL,4,1,80,56,11.198023
1771535485,2026-02-19 21:11:25,5.000883,BARREL,4,2,81,64,12.797741
1771535485,2026-02-19 21:11:25,5.000883,BARREL,12,1,82,52,10.398164
1771535485,2026-02-19 21:11:25,5.000883,BARREL,12,2,83,45,8.998411
1771535485,2026-02-19 21:11:25,5.000883,BARREL,99,1,84,49,9.798270
1771535485,2026-02-19 21:11:25,5.000883,BARREL,99,2,85,0,0.000000
1771535485,2026-02-19 21:11:25,5.000883,BARREL,56,1,86,65,12.997705
1771535485,2026-02-19 21:11:25,5.000883,BARREL,56,2,87,57,11.397988
1771535485,2026-02-19 21:11:25,5.000883,BARREL,122,1,88,43,8.598482
1771535485,2026-02-19 21:11:25,5.000883,BARREL,122,2,89,55,10.998058
1771535485,2026-02-19 21:11:25,5.000883,BARREL,55,1,90,58,11.597952
1771535485,2026-02-19 21:11:25,5.000883,BARREL,55,2,91,10,1.999647
1771535485,2026-02-19 21:11:25,5.000883,BARREL,83,1,92,29,5.798976
1771535485,2026-02-19 21:11:25,5.000883,BARREL,83,2,93,0,0.000000
1771535485,2026-02-19 21:11:25,5.000883,BARREL,97,1,94,9,1.799682
1771535485,2026-02-19 21:11:25,5.000883,BARREL,97,2,95,51,10.198200
1771535485,2026-02-19 21:11:25,5.000883,BARREL,84,1,96,56,11.198023
1771535485,2026-02-19 21:11:25,5.000883,BARREL,84,2,97,28,5.599012
1771535485,2026-02-19 21:11:25,5.000883,BARREL,305,1,98,61,12.197847
1771535485,2026-02-19 21:11:25,5.000883,BARREL,305,2,99,47,9.398341
1771535485,2026-02-19 21:11:25,5.000883,BARREL,2,1,100,24,4.799153
1771535485,2026-02-19 21:11:25,5.000883,BARREL,2,2,101,54,10.798094
1771535485,2026-02-19 21:11:25,5.000883,BARREL,45,1,102,56,11.198023
1771535485,2026-02-19 21:11:25,5.000883,BARREL,45,2,103,51,10.198200
1771535485,2026-02-19 21:11:25,5.000883,BARREL,77,1,-1,0,0.000000
1771535485,2026-02-19 21:11:25,5.000883,BARREL,77,2,-1,0,0.000000
1771535485,2026-02-19 21:11:25,5.000883,BOTTOM,11,1,2,39,7.798623
1771535485,2026-02-19 21:11:25,5.000883,BOTTOM,11,2,3,67,13.397635
1771535485,2026-02-19 21:11:25,5.000883,BOTTOM,38,1,4,166,33.194140
1771535485,2026-02-19 21:11:25,5.000883,BOTTOM,38,2,5,227,45.391986
1771535485,2026-02-19 21:11:25,5.000883,BOTTOM,96,1,6,231,46.191845
1771535485,2026-02-19 21:11:25,5.000883,BOTTOM,96,2,7,808,161.571476
1771535485,2026-02-19 21:11:25,5.000883,BOTTOM,307,1,8,163,32.594246
1771535485,2026-02-19 21:11:25,5.000883,BOTTOM,307,2,9,640,127.977407
1771535485,2026-02-19 21:11:25,5.000883,BOTTOM,52,1,10,87,17.396929
1771535485,2026-02-19 21:11:25,5.000883,BOTTOM,52,2,11,210,41.992587
1771535485,2026-02-19 21:11:25,5.000883,BOTTOM,102,1,12,125,24.995587
1771535485,2026-02-19 21:11:25,5.000883,BOTTOM,102,2,13,351,70.187609
1771535485,2026-02-19 21:11:25,5.000883,BOTTOM,124,2,14,21,4.199259
1771535485,2026-02-19 21:11:25,5.000883,BOTTOM,124,1,15,111,22.196081
1771535485,2026-02-19 21:11:25,5.000883,BOTTOM,48,2,16,270,53.990468
1771535485,2026-02-19 21:11:25,5.000883,BOTTOM,48,1,17,153,30.594599
1771535485,2026-02-19 21:11:25,5.000883,BOTTOM,75,2,18,0,0.000000
1771535485,2026-02-19 21:11:25,5.000883,BOTTOM,75,1,19,6,1.199788
1771535485,2026-02-19 21:11:25,5.000883,BOTTOM,109,2,20,189,37.793328
1771535485,2026-02-19 21:11:25,5.000883,BOTTOM,109,1,21,215,42.992410
1771535485,2026-02-19 21:11:25,5.000883,BOTTOM,123,2,22,53,10.598129
1771535485,2026-02-19 21:11:25,5.000883,BOTTOM,123,1,23,20,3.999294
1771535490,2026-02-19 21:11:30,5.000919,TOP,103,1,63,0,0.000000
1771535490,2026-02-19 21:11:30,5.000919,TOP,103,2,62,0,0.000000
1771535490,2026-02-19 21:11:30,5.000919,TOP,300,1,58,0,0.000000
1771535490,2026-02-19 21:11:30,5.000919,TOP,300,2,59,0,0.000000
1771535490,2026-02-19 21:11:30,5.000919,TOP,80,1,60,189,37.793054
1771535490,2026-02-19 21:11:30,5.000919,TOP,80,2,61,218,43.591988
1771535490,2026-02-19 21:11:30,5.000919,TOP,303,1,50,232,46.391474
1771535490,2026-02-19 21:11:30,5.000919,TOP,303,2,57,112,22.395884
1771535490,2026-02-19 21:11:30,5.000919,TOP,88,1,56,40,7.998530
1771535490,2026-02-19 21:11:30,5.000919,TOP,88,2,54,4,0.799853
1771535490,2026-02-19 21:11:30,5.000919,TOP,30,1,127,0,0.000000
1771535490,2026-02-19 21:11:30,5.000919,TOP,30,2,126,156,31.194267
1771535490,2026-02-19 21:11:30,5.000919,TOP,34,1,106,0,0.000000
1771535490,2026-02-19 21:11:30,5.000919,TOP,34,2,107,0,0.000000
1771535490,2026-02-19 21:11:30,5.000919,TOP,74,1,108,91,18.196656
1771535490,2026-02-19 21:11:30,5.000919,TOP,74,2,110,204,40.792503
1771535490,2026-02-19 21:11:30,5.000919,TOP,47,1,112,18,3.599338
1771535490,2026-02-19 21:11:30,5.000919,TOP,47,2,114,226,45.191694
1771535490,2026-02-19 21:11:30,5.000919,TOP,115,1,116,48,9.598236
1771535490,2026-02-19 21:11:30,5.000919,TOP,115,2,118,230,45.991547
1771535490,2026-02-19 21:11:30,5.000919,TOP,46,1,119,0,0.000000
1771535490,2026-02-19 21:11:30,5.000919,TOP,46,2,117,13,2.599522
1771535490,2026-02-19 21:11:30,5.000919,TOP,167,1,115,146,29.194634
1771535490,2026-02-19 21:11:30,5.000919,TOP,167,2,113,83,16.596950
1771535490,2026-02-19 21:11:30,5.000919,TOP,90,1,111,204,40.792503
1771535490,2026-02-19 21:11:30,5.000919,TOP,90,2,109,5,0.999816
1771535490,2026-02-19 21:11:30,5.000919,TOP,302,1,120,0,0.000000
1771535490,2026-02-19 21:11:30,5.000919,TOP,302,2,121,0,0.000000
1771535490,2026-02-19 21:11:30,5.000919,TOP,62,1,122,0,0.000000
1771535490,2026-02-19 21:11:30,5.000919,TOP,62,2,123,0,0.000000
1771535490,2026-02-19 21:11:30,5.000919,TOP,44,1,124,0,0.000000
1771535490,2026-02-19 21:11:30,5.000919,TOP,44,2,125,0,0.000000
1771535490,2026-02-19 21:11:30,5.000919,TOP,61,1,55,159,31.794157
1771535490,2026-02-19 21:11:30,5.000919,TOP,61,2,51,1,0.199963
1771535490,2026-02-19 21:11:30,5.000919,BARREL,26,1,24,66,13.197574
1771535490,2026-02-19 21:11:30,5.000919,BARREL,26,2,25,46,9.198309
1771535490,2026-02-19 21:11:30,5.000919,BARREL,66,1,26,60,11.997795
1771535490,2026-02-19 21:11:30,5.000919,BARREL,66,2,27,42,8.398456
1771535490,2026-02-19 21:11:30,5.000919,BARREL,10,1,28,57,11.397905
1771535490,2026-02-19 21:11:30,5.000919,BARREL,10,2,29,57,11.397905
1771535490,2026-02-19 21:11:30,5.000919,BARREL,58,1,30,0,0.000000
1771535490,2026-02-19 21:11:30,5.000919,BARREL,58,2,31,0,0.000000
1771535490,2026-02-19 21:11:30,5.000919,BARREL,306,1,32,49,9.798199
1771535490,2026-02-19 21:11:30,5.000919,BARREL,306,2,33,31,6.198861
1771535490,2026-02-19 21:11:30,5.000919,BARREL,9,1,34,43,8.598420
1771535490,2026-02-19 21:11:30,5.000919,BARREL,9,2,35,0,0.000000
1771535490,2026-02-19 21:11:30,5.000919,BARREL,57,1,36,48,9.598236
1771535490,2026-02-19 21:11:30,5.000919,BARREL,57,2,37,20,3.999265
1771535490,2026-02-19 21:11:30,5.000919,BARREL,79,1,38,46,9.198309
1771535490,2026-02-19 21:11:30,5.000919,BARREL,79,2,39,69,13.797464
1771535490,2026-02-19 21:11:30,5.000919,BARREL,116,1,40,0,0.000000
1771535490,2026-02-19 21:11:30,5.000919,BARREL,116,2,41,68,13.597501
1771535490,2026-02-19 21:11:30,5.000919,BARREL,13,1,42,0,0.000000
1771535490,2026-02-19 21:11:30,5.000919,BARREL,13,2,43,0,0.000000
1771535490,2026-02-19 21:11:30,5.000919,BARREL,76,1,44,67,13.397538
1771535490,2026-02-19 21:11:30,5.000919,BARREL,76,2,45,48,9.598236
1771535490,2026-02-19 21:11:30,5.000919,BARREL,17,1,46,18,3.599338
1771535490,2026-02-19 21:11:30,5.000919,BARREL,17,2,47,50,9.998162
1771535490,2026-02-19 21:11:30,5.000919,BARREL,125,1,48,65,12.997611
1771535490,2026-02-19 21:11:30,5.000919,BARREL,125,2,49,17,3.399375
1771535490,2026-02-19 21:11:30,5.000919,BARREL,104,1,52,0,0.000000
1771535490,2026-02-19 21:11:30,5.000919,BARREL,104,2,53,446,89.183609
1771535490,2026-02-19 21:11:30,5.000919,BARREL,37,1,64,0,0.000000
1771535490,2026-02-19 21:11:30,5.000919,BARREL,37,2,65,0,0.000000
1771535490,2026-02-19 21:11:30,5.000919,BARREL,70,1,66,46,9.198309
1771535490,2026-02-19 21:11:30,5.000919,BARREL,70,2,67,0,0.000000
1771535490,2026-02-19 21:11:30,5.000919,BARREL,28,1,68,48,9.598236
1771535490,2026-02-19 21:11:30,5.000919,BARREL,28,2,69,74,14.797280
1771535490,2026-02-19 21:11:30,5.000919,BARREL,54,1,70,49,9.798199
1771535490,2026-02-19 21:11:30,5.000919,BARREL,54,2,71,0,0.000000
1771535490,2026-02-19 21:11:30,5.000919,BARREL,25,1,72,64,12.797648
1771535490,2026-02-19 21:11:30,5.000919,BARREL,25,2,73,0,0.000000
1771535490,2026-02-19 21:11:30,5.000919,BARREL,301,1,74,52,10.398089
1771535490,2026-02-19 21:11:30,5.000919,BARREL,301,2,75,54,10.798015
1771535490,2026-02-19 21:11:30,5.000919,BARREL,304,1,76,62,12.397721
1771535490,2026-02-19 21:11:30,5.000919,BARREL,304,2,77,61,12.197758
1771535490,2026-02-19 21:11:30,5.000919,BARREL,22,1,78,1425,284.947631
1771535490,2026-02-19 21:11:30,5.000919,BARREL,22,2,79,46,9.198309
1771535490,2026-02-19 21:11:30,5.000919,BARREL,4,1,80,51,10.198126
1771535490,2026-02-19 21:11:30,5.000919,BARREL,4,2,81,67,13.397538
1771535490,2026-02-19 21:11:30,5.000919,BARREL,12,1,82,53,10.598052
1771535490,2026-02-19 21:11:30,5.000919,BARREL,12,2,83,57,11.397905
1771535490,2026-02-19 21:11:30,5.000919,BARREL,99,1,84,79,15.797097
1771535490,2026-02-19 21:11:30,5.000919,BARREL,99,2,85,0,0.000000
1771535490,2026-02-19 21:11:30,5.000919,BARREL,56,1,86,55,10.997979
1771535490,2026-02-19 21:11:30,5.000919,BARREL,56,2,87,76,15.197207
1771535490,2026-02-19 21:11:30,5.000919,BARREL,122,1,88,38,7.598603
1771535490,2026-02-19 21:11:30,5.000919,BARREL,122,2,89,42,8.398456
1771535490,2026-02-19 21:11:30,5.000919,BARREL,55,1,90,51,10.198126
1771535490,2026-02-19 21:11:30,5.000919,BARREL,55,2,91,9,1.799669
1771535490,2026-02-19 21:11:30,5.000919,BARREL,83,1,92,16,3.199412
1771535490,2026-02-19 21:11:30,5.000919,BARREL,83,2,93,0,0.000000
1771535490,2026-02-19 21:11:30,5.000919,BARREL,97,1,94,10,1.999632
1771535490,2026-02-19 21:11:30,5.000919,BARREL,97,2,95,53,10.598052
1771535490,2026-02-19 21:11:30,5.000919,BARREL,84,1,96,58,11.597868
1771535490,2026-02-19 21:11:30,5.000919,BARREL,84,2,97,43,8.598420
1771535490,2026-02-19 21:11:30,5.000919,BARREL,305,1,98,78,15.597133
1771535490,2026-02-19 21:11:30,5.000919,BARREL,305,2,99,43,8.598420
1771535490,2026-02-19 21:11:30,5.000919,BARREL,2,1,100,34,6.798750
1771535490,2026-02-19 21:11:30,5.000919,BARREL,2,2,101,47,9.398273
1771535490,2026-02-19 21:11:30,5.000919,BARREL,45,1,102,42,8.398456
1771535490,2026-02-19 21:11:30,5.000919,BARREL,45,2,103,28,5.598971
1771535490,2026-02-19 21:11:30,5.000919,BARREL,77,1,-1,0,0.000000
1771535490,2026-02-19 21:11:30,5.000919,BARREL,77,2,-1,0,0.000000
1771535490,2026-02-19 21:11:30,5.000919,BOTTOM,11,1,2,37,7.398640
1771535490,2026-02-19 21:11:30,5.000919,BOTTOM,11,2,3,58,11.597868
1771535490,2026-02-19 21:11:30,5.000919,BOTTOM,38,1,4,143,28.594745
1771535490,2026-02-19 21:11:30,5.000919,BOTTOM,38,2,5,196,39.192797
1771535490,2026-02-19 21:11:30,5.000919,BOTTOM,96,1,6,218,43.591988
1771535490,2026-02-19 21:11:30,5.000919,BOTTOM,96,2,7,900,179.966925
1771535490,2026-02-19 21:11:30,5.000919,BOTTOM,307,1,8,171,34.193716
1771535490,2026-02-19 21:11:30,5.000919,BOTTOM,307,2,9,641,128.176443
1771535490,2026-02-19 21:11:30,5.000919,BOTTOM,52,1,10,108,21.596031
1771535490,2026-02-19 21:11:30,5.000919,BOTTOM,52,2,11,177,35.393495
1771535490,2026-02-19 21:11:30,5.000919,BOTTOM,102,1,12,159,31.794157
1771535490,2026-02-19 21:11:30,5.000919,BOTTOM,102,2,13,339,67.787542
1771535490,2026-02-19 21:11:30,5.000919,BOTTOM,124,2,14,17,3.399375
1771535490,2026-02-19 21:11:30,5.000919,BOTTOM,124,1,15,122,24.395516
1771535490,2026-02-19 21:11:30,5.000919,BOTTOM,48,2,16,291,58.189306
1771535490,2026-02-19 21:11:30,5.000919,BOTTOM,48,1,17,139,27.794892
1771535490,2026-02-19 21:11:30,5.000919,BOTTOM,75,2,18,0,0.000000
1771535490,2026-02-19 21:11:30,5.000919,BOTTOM,75,1,19,11,2.199596
1771535490,2026-02-19 21:11:30,5.000919,BOTTOM,109,2,20,155,30.994304
1771535490,2026-02-19 21:11:30,5.000919,BOTTOM,109,1,21,237,47.391290
1771535490,2026-02-19 21:11:30,5.000919,BOTTOM,123,2,22,33,6.598787
1771535490,2026-02-19 21:11:30,5.000919,BOTTOM,123,1,23,12,2.399559
1771535495,2026-02-19 21:11:35,5.000881,TOP,103,1,63,0,0.000000
1771535495,2026-02-19 21:11:35,5.000881,TOP,103,2,62,0,0.000000
1771535495,2026-02-19 21:11:35,5.000881,TOP,300,1,58,0,0.000000
1771535495,2026-02-19 21:11:35,5.000881,TOP,300,2,59,0,0.000000
1771535495,2026-02-19 21:11:35,5.000881,TOP,80,1,60,206,41.192740
1771535495,2026-02-19 21:11:35,5.000881,TOP,80,2,61,207,41.392705
1771535495,2026-02-19 21:11:35,5.000881,TOP,303,1,50,199,39.792987
1771535495,2026-02-19 21:11:35,5.000881,TOP,303,2,57,112,22.396053
1771535495,2026-02-19 21:11:35,5.000881,TOP,88,1,56,39,7.798626
1771535495,2026-02-19 21:11:35,5.000881,TOP,88,2,54,5,0.999824
1771535495,2026-02-19 21:11:35,5.000881,TOP,30,1,127,0,0.000000
1771535495,2026-02-19 21:11:35,5.000881,TOP,30,2,126,160,31.994361
1771535495,2026-02-19 21:11:35,5.000881,TOP,34,1,106,0,0.000000
1771535495,2026-02-19 21:11:35,5.000881,TOP,34,2,107,0,0.000000
1771535495,2026-02-19 21:11:35,5.000881,TOP,74,1,108,101,20.196441
1771535495,2026-02-19 21:11:35,5.000881,TOP,74,2,110,210,41.992599
1771535495,2026-02-19 21:11:35,5.000881,TOP,47,1,112,20,3.999295
1771535495,2026-02-19 21:11:35,5.000881,TOP,47,2,114,227,45.392000
1771535495,2026-02-19 21:11:35,5.000881,TOP,115,1,116,34,6.798802
1771535495,2026-02-19 21:11:35,5.000881,TOP,115,2,118,244,48.791401
1771535495,2026-02-19 21:11:35,5.000881,TOP,46,1,119,0,0.000000
1771535495,2026-02-19 21:11:35,5.000881,TOP,46,2,117,7,1.399753
1771535495,2026-02-19 21:11:35,5.000881,TOP,167,1,115,120,23.995771
1771535495,2026-02-19 21:11:35,5.000881,TOP,167,2,113,101,20.196441
1771535495,2026-02-19 21:11:35,5.000881,TOP,90,1,111,190,37.993304
1771535495,2026-02-19 21:11:35,5.000881,TOP,90,2,109,9,1.799683
1771535495,2026-02-19 21:11:35,5.000881,TOP,302,1,120,0,0.000000
1771535495,2026-02-19 21:11:35,5.000881,TOP,302,2,121,0,0.000000
1771535495,2026-02-19 21:11:35,5.000881,TOP,62,1,122,0,0.000000
1771535495,2026-02-19 21:11:35,5.000881,TOP,62,2,123,0,0.000000
1771535495,2026-02-19 21:11:35,5.000881,TOP,44,1,124,0,0.000000
1771535495,2026-02-19 21:11:35,5.000881,TOP,44,2,125,0,0.000000
1771535495,2026-02-19 21:11:35,5.000881,TOP,61,1,55,174,34.793868
1771535495,2026-02-19 21:11:35,5.000881,TOP,61,2,51,0,0.000000
1771535495,2026-02-19 21:11:35,5.000881,BARREL,26,1,24,67,13.397639
1771535495,2026-02-19 21:11:35,5.000881,BARREL,26,2,25,44,8.798449
1771535495,2026-02-19 21:11:35,5.000881,BARREL,66,1,26,64,12.797745
1771535495,2026-02-19 21:11:35,5.000881,BARREL,66,2,27,34,6.798802
1771535495,2026-02-19 21:11:35,5.000881,BARREL,10,1,28,54,10.798097
1771535495,2026-02-19 21:11:35,5.000881,BARREL,10,2,29,50,9.998238
1771535495,2026-02-19 21:11:35,5.000881,BARREL,58,1,30,0,0.000000
1771535495,2026-02-19 21:11:35,5.000881,BARREL,58,2,31,0,0.000000
1771535495,2026-02-19 21:11:35,5.000881,BARREL,306,1,32,50,9.998238
1771535495,2026-02-19 21:11:35,5.000881,BARREL,306,2,33,47,9.398344
1771535495,2026-02-19 21:11:35,5.000881,BARREL,9,1,34,31,6.198908
1771535495,2026-02-19 21:11:35,5.000881,BARREL,9,2,35,0,0.000000
1771535495,2026-02-19 21:11:35,5.000881,BARREL,57,1,36,65,12.997709
1771535495,2026-02-19 21:11:35,5.000881,BARREL,57,2,37,13,2.599542
1771535495,2026-02-19 21:11:35,5.000881,BARREL,79,1,38,40,7.998590
1771535495,2026-02-19 21:11:35,5.000881,BARREL,79,2,39,72,14.397463
1771535495,2026-02-19 21:11:35,5.000881,BARREL,116,1,40,0,0.000000
1771535495,2026-02-19 21:11:35,5.000881,BARREL,116,2,41,58,11.597956
1771535495,2026-02-19 21:11:35,5.000881,BARREL,13,1,42,0,0.000000
1771535495,2026-02-19 21:11:35,5.000881,BARREL,13,2,43,0,0.000000
1771535495,2026-02-19 21:11:35,5.000881,BARREL,76,1,44,51,10.198203
1771535495,2026-02-19 21:11:35,5.000881,BARREL,76,2,45,38,7.598661
1771535495,2026-02-19 21:11:35,5.000881,BARREL,17,1,46,18,3.599366
1771535495,2026-02-19 21:11:35,5.000881,BARREL,17,2,47,44,8.798449
1771535495,2026-02-19 21:11:35,5.000881,BARREL,125,1,48,47,9.398344
1771535495,2026-02-19 21:11:35,5.000881,BARREL,125,2,49,17,3.399401
1771535495,2026-02-19 21:11:35,5.000881,BARREL,104,1,52,0,0.000000
1771535495,2026-02-19 21:11:35,5.000881,BARREL,104,2,53,479,95.783119
1771535495,2026-02-19 21:11:35,5.000881,BARREL,37,1,64,0,0.000000
1771535495,2026-02-19 21:11:35,5.000881,BARREL,37,2,65,0,0.000000
1771535495,2026-02-19 21:11:35,5.000881,BARREL,70,1,66,54,10.798097
1771535495,2026-02-19 21:11:35,5.000881,BARREL,70,2,67,0,0.000000
1771535495,2026-02-19 21:11:35,5.000881,BARREL,28,1,68,48,9.598308
1771535495,2026-02-19 21:11:35,5.000881,BARREL,28,2,69,71,14.197498
1771535495,2026-02-19 21:11:35,5.000881,BARREL,54,1,70,52,10.398167
1771535495,2026-02-19 21:11:35,5.000881,BARREL,54,2,71,0,0.000000
1771535495,2026-02-19 21:11:35,5.000881,BARREL,25,1,72,54,10.798097
1771535495,2026-02-19 21:11:35,5.000881,BARREL,25,2,73,0,0.000000
1771535495,2026-02-19 21:11:35,5.000881,BARREL,301,1,74,53,10.598132
1771535495,2026-02-19 21:11:35,5.000881,BARREL,301,2,75,66,13.197674
1771535495,2026-02-19 21:11:35,5.000881,BARREL,304,1,76,51,10.198203
1771535495,2026-02-19 21:11:35,5.000881,BARREL,304,2,77,58,11.597956
1771535495,2026-02-19 21:11:35,5.000881,BARREL,22,1,78,2043,408.528002
1771535495,2026-02-19 21:11:35,5.000881,BARREL,22,2,79,66,13.197674
1771535495,2026-02-19 21:11:35,5.000881,BARREL,4,1,80,42,8.398520
1771535495,2026-02-19 21:11:35,5.000881,BARREL,4,2,81,62,12.397815
1771535495,2026-02-19 21:11:35,5.000881,BARREL,12,1,82,54,10.798097
1771535495,2026-02-19 21:11:35,5.000881,BARREL,12,2,83,56,11.198026
1771535495,2026-02-19 21:11:35,5.000881,BARREL,99,1,84,68,13.597604
1771535495,2026-02-19 21:11:35,5.000881,BARREL,99,2,85,0,0.000000
1771535495,2026-02-19 21:11:35,5.000881,BARREL,56,1,86,57,11.397991
1771535495,2026-02-19 21:11:35,5.000881,BARREL,56,2,87,66,13.197674
1771535495,2026-02-19 21:11:35,5.000881,BARREL,122,1,88,37,7.398696
1771535495,2026-02-19 21:11:35,5.000881,BARREL,122,2,89,50,9.998238
1771535495,2026-02-19 21:11:35,5.000881,BARREL,55,1,90,39,7.798626
1771535495,2026-02-19 21:11:35,5.000881,BARREL,55,2,91,6,1.199789
1771535495,2026-02-19 21:11:35,5.000881,BARREL,83,1,92,15,2.999471
1771535495,2026-02-19 21:11:35,5.000881,BARREL,83,2,93,0,0.000000
1771535495,2026-02-19 21:11:35,5.000881,BARREL,97,1,94,6,1.199789
1771535495,2026-02-19 21:11:35,5.000881,BARREL,97,2,95,49,9.798273
1771535495,2026-02-19 21:11:35,5.000881,BARREL,84,1,96,53,10.598132
1771535495,2026-02-19 21:11:35,5.000881,BARREL,84,2,97,26,5.199084
1771535495,2026-02-19 21:11:35,5.000881,BARREL,305,1,98,66,13.197674
1771535495,2026-02-19 21:11:35,5.000881,BARREL,305,2,99,48,9.598308
1771535495,2026-02-19 21:11:35,5.000881,BARREL,2,1,100,28,5.599013
1771535495,2026-02-19 21:11:35,5.000881,BARREL,2,2,101,46,9.198379
1771535495,2026-02-19 21:11:35,5.000881,BARREL,45,1,102,56,11.198026
1771535495,2026-02-19 21:11:35,5.000881,BARREL,45,2,103,36,7.198731
1771535495,2026-02-19 21:11:35,5.000881,BARREL,77,1,-1,0,0.000000
1771535495,2026-02-19 21:11:35,5.000881,BARREL,77,2,-1,0,0.000000
1771535495,2026-02-19 21:11:35,5.000881,BOTTOM,11,1,2,38,7.598661
1771535495,2026-02-19 21:11:35,5.000881,BOTTOM,11,2,3,69,13.797568
1771535495,2026-02-19 21:11:35,5.000881,BOTTOM,38,1,4,174,34.793868
1771535495,2026-02-19 21:11:35,5.000881,BOTTOM,38,2,5,229,45.791930
1771535495,2026-02-19 21:11:35,5.000881,BOTTOM,96,1,6,239,47.791577
1771535495,2026-02-19 21:11:35,5.000881,BOTTOM,96,2,7,919,183.767613
1771535495,2026-02-19 21:11:35,5.000881,BOTTOM,307,1,8,165,32.994185
1771535495,2026-02-19 21:11:35,5.000881,BOTTOM,307,2,9,637,127.377551
1771535495,2026-02-19 21:11:35,5.000881,BOTTOM,52,1,10,106,21.196264
1771535495,2026-02-19 21:11:35,5.000881,BOTTOM,52,2,11,156,31.194502
1771535495,2026-02-19 21:11:35,5.000881,BOTTOM,102,1,12,122,24.395701
1771535495,2026-02-19 21:11:35,5.000881,BOTTOM,102,2,13,313,62.588969
1771535495,2026-02-19 21:11:35,5.000881,BOTTOM,124,2,14,24,4.799154
1771535495,2026-02-19 21:11:35,5.000881,BOTTOM,124,1,15,115,22.995947
1771535495,2026-02-19 21:11:35,5.000881,BOTTOM,48,2,16,260,51.990837
1771535495,2026-02-19 21:11:35,5.000881,BOTTOM,48,1,17,110,21.996123
1771535495,2026-02-19 21:11:35,5.000881,BOTTOM,75,2,18,0,0.000000
1771535495,2026-02-19 21:11:35,5.000881,BOTTOM,75,1,19,6,1.199789
1771535495,2026-02-19 21:11:35,5.000881,BOTTOM,109,2,20,160,31.994361
1771535495,2026-02-19 21:11:35,5.000881,BOTTOM,109,1,21,195,38.993128
1771535495,2026-02-19 21:11:35,5.000881,BOTTOM,123,2,22,27,5.399048
1771535495,2026-02-19 21:11:35,5.000881,BOTTOM,123,1,23,16,3.199436
1771535500,2026-02-19 21:11:40,5.000903,TOP,103,1,63,0,0.000000
1771535500,2026-02-19 21:11:40,5.000903,TOP,103,2,62,0,0.000000
1771535500,2026-02-19 21:11:40,5.000903,TOP,300,1,58,0,0.000000
1771535500,2026-02-19 21:11:40,5.000903,TOP,300,2,59,0,0.000000
1771535500,2026-02-19 21:11:40,5.000903,TOP,80,1,60,195,38.992960
1771535500,2026-02-19 21:11:40,5.000903,TOP,80,2,61,195,38.992960
1771535500,2026-02-19 21:11:40,5.000903,TOP,303,1,50,198,39.592852
1771535500,2026-02-19 21:11:40,5.000903,TOP,303,2,57,115,22.995848
1771535500,2026-02-19 21:11:40,5.000903,TOP,88,1,56,28,5.598989
1771535500,2026-02-19 21:11:40,5.000903,TOP,88,2,54,4,0.799856
1771535500,2026-02-19 21:11:40,5.000903,TOP,30,1,127,0,0.000000
1771535500,2026-02-19 21:11:40,5.000903,TOP,30,2,126,187,37.393249
1771535500,2026-02-19 21:11:40,5.000903,TOP,34,1,106,0,0.000000
1771535500,2026-02-19 21:11:40,5.000903,TOP,34,2,107,0,0.000000
1771535500,2026-02-19 21:11:40,5.000903,TOP,74,1,108,82,16.397040
1771535500,2026-02-19 21:11:40,5.000903,TOP,74,2,110,197,39.392888
1771535500,2026-02-19 21:11:40,5.000903,TOP,47,1,112,16,3.199422
1771535500,2026-02-19 21:11:40,5.000903,TOP,47,2,114,211,42.192382
1771535500,2026-02-19 21:11:40,5.000903,TOP,115,1,116,28,5.598989
1771535500,2026-02-19 21:11:40,5.000903,TOP,115,2,118,207,41.392527
1771535500,2026-02-19 21:11:40,5.000903,TOP,46,1,119,0,0.000000
1771535500,2026-02-19 21:11:40,5.000903,TOP,46,2,117,13,2.599531
1771535500,2026-02-19 21:11:40,5.000903,TOP,167,1,115,119,23.795704
1771535500,2026-02-19 21:11:40,5.000903,TOP,167,2,113,92,18.396679
1771535500,2026-02-19 21:11:40,5.000903,TOP,90,1,111,204,40.792635
1771535500,2026-02-19 21:11:40,5.000903,TOP,90,2,109,10,1.999639
1771535500,2026-02-19 21:11:40,5.000903,TOP,302,1,120,0,0.000000
1771535500,2026-02-19 21:11:40,5.000903,TOP,302,2,121,0,0.000000
1771535500,2026-02-19 21:11:40,5.000903,TOP,62,1,122,0,0.000000
1771535500,2026-02-19 21:11:40,5.000903,TOP,62,2,123,0,0.000000
1771535500,2026-02-19 21:11:40,5.000903,TOP,44,1,124,0,0.000000
1771535500,2026-02-19 21:11:40,5.000903,TOP,44,2,125,0,0.000000
1771535500,2026-02-19 21:11:40,5.000903,TOP,61,1,55,172,34.393790
1771535500,2026-02-19 21:11:40,5.000903,TOP,61,2,51,2,0.399928
1771535500,2026-02-19 21:11:40,5.000903,BARREL,26,1,24,62,12.397762
1771535500,2026-02-19 21:11:40,5.000903,BARREL,26,2,25,37,7.398664
1771535500,2026-02-19 21:11:40,5.000903,BARREL,66,1,26,45,8.998375
1771535500,2026-02-19 21:11:40,5.000903,BARREL,66,2,27,30,5.998917
1771535500,2026-02-19 21:11:40,5.000903,BARREL,10,1,28,54,10.798050
1771535500,2026-02-19 21:11:40,5.000903,BARREL,10,2,29,50,9.998195
1771535500,2026-02-19 21:11:40,5.000903,BARREL,58,1,30,0,0.000000
1771535500,2026-02-19 21:11:40,5.000903,BARREL,58,2,31,0,0.000000
1771535500,2026-02-19 21:11:40,5.000903,BARREL,306,1,32,57,11.397942
1771535500,2026-02-19 21:11:40,5.000903,BARREL,306,2,33,39,7.798592
1771535500,2026-02-19 21:11:40,5.000903,BARREL,9,1,34,40,7.998556
1771535500,2026-02-19 21:11:40,5.000903,BARREL,9,2,35,0,0.000000
1771535500,2026-02-19 21:11:40,5.000903,BARREL,57,1,36,55,10.998014
1771535500,2026-02-19 21:11:40,5.000903,BARREL,57,2,37,22,4.399206
1771535500,2026-02-19 21:11:40,5.000903,BARREL,79,1,38,53,10.598087
1771535500,2026-02-19 21:11:40,5.000903,BARREL,79,2,39,64,12.797689
1771535500,2026-02-19 21:11:40,5.000903,BARREL,116,1,40,0,0.000000
1771535500,2026-02-19 21:11:40,5.000903,BARREL,116,2,41,49,9.798231
1771535500,2026-02-19 21:11:40,5.000903,BARREL,13,1,42,0,0.000000
1771535500,2026-02-19 21:11:40,5.000903,BARREL,13,2,43,0,0.000000
1771535500,2026-02-19 21:11:40,5.000903,BARREL,76,1,44,54,10.798050
1771535500,2026-02-19 21:11:40,5.000903,BARREL,76,2,45,53,10.598087
1771535500,2026-02-19 21:11:40,5.000903,BARREL,17,1,46,36,7.198700
1771535500,2026-02-19 21:11:40,5.000903,BARREL,17,2,47,35,6.998736
1771535500,2026-02-19 21:11:40,5.000903,BARREL,125,1,48,61,12.197798
1771535500,2026-02-19 21:11:40,5.000903,BARREL,125,2,49,19,3.799314
1771535500,2026-02-19 21:11:40,5.000903,BARREL,104,1,52,0,0.000000
1771535500,2026-02-19 21:11:40,5.000903,BARREL,104,2,53,482,96.382598
1771535500,2026-02-19 21:11:40,5.000903,BARREL,37,1,64,0,0.000000
1771535500,2026-02-19 21:11:40,5.000903,BARREL,37,2,65,0,0.000000
1771535500,2026-02-19 21:11:40,5.000903,BARREL,70,1,66,50,9.998195
1771535500,2026-02-19 21:11:40,5.000903,BARREL,70,2,67,0,0.000000
1771535500,2026-02-19 21:11:40,5.000903,BARREL,28,1,68,55,10.998014
1771535500,2026-02-19 21:11:40,5.000903,BARREL,28,2,69,74,14.797328
1771535500,2026-02-19 21:11:40,5.000903,BARREL,54,1,70,43,8.598448
1771535500,2026-02-19 21:11:40,5.000903,BARREL,54,2,71,0,0.000000
1771535500,2026-02-19 21:11:40,5.000903,BARREL,25,1,72,57,11.397942
1771535500,2026-02-19 21:11:40,5.000903,BARREL,25,2,73,0,0.000000
1771535500,2026-02-19 21:11:40,5.000903,BARREL,301,1,74,50,9.998195
1771535500,2026-02-19 21:11:40,5.000903,BARREL,301,2,75,70,13.997473
1771535500,2026-02-19 21:11:40,5.000903,BARREL,304,1,76,71,14.197437
1771535500,2026-02-19 21:11:40,5.000903,BARREL,304,2,77,52,10.398123
1771535500,2026-02-19 21:11:40,5.000903,BARREL,22,1,78,1576,315.143101
1771535500,2026-02-19 21:11:40,5.000903,BARREL,22,2,79,51,10.198159
1771535500,2026-02-19 21:11:40,5.000903,BARREL,4,1,80,43,8.598448
1771535500,2026-02-19 21:11:40,5.000903,BARREL,4,2,81,64,12.797689
1771535500,2026-02-19 21:11:40,5.000903,BARREL,12,1,82,58,11.597906
1771535500,2026-02-19 21:11:40,5.000903,BARREL,12,2,83,39,7.798592
1771535500,2026-02-19 21:11:40,5.000903,BARREL,99,1,84,78,15.597184
1771535500,2026-02-19 21:11:40,5.000903,BARREL,99,2,85,0,0.000000
1771535500,2026-02-19 21:11:40,5.000903,BARREL,56,1,86,47,9.398303
1771535500,2026-02-19 21:11:40,5.000903,BARREL,56,2,87,66,13.197617
1771535500,2026-02-19 21:11:40,5.000903,BARREL,122,1,88,37,7.398664
1771535500,2026-02-19 21:11:40,5.000903,BARREL,122,2,89,50,9.998195
1771535500,2026-02-19 21:11:40,5.000903,BARREL,55,1,90,38,7.598628
1771535500,2026-02-19 21:11:40,5.000903,BARREL,55,2,91,11,2.199603
1771535500,2026-02-19 21:11:40,5.000903,BARREL,83,1,92,12,2.399567
1771535500,2026-02-19 21:11:40,5.000903,BARREL,83,2,93,0,0.000000
1771535500,2026-02-19 21:11:40,5.000903,BARREL,97,1,94,11,2.199603
1771535500,2026-02-19 21:11:40,5.000903,BARREL,97,2,95,58,11.597906
1771535500,2026-02-19 21:11:40,5.000903,BARREL,84,1,96,55,10.998014
1771535500,2026-02-19 21:11:40,5.000903,BARREL,84,2,97,42,8.398484
1771535500,2026-02-19 21:11:40,5.000903,BARREL,305,1,98,53,10.598087
1771535500,2026-02-19 21:11:40,5.000903,BARREL,305,2,99,47,9.398303
1771535500,2026-02-19 21:11:40,5.000903,BARREL,2,1,100,27,5.399025
1771535500,2026-02-19 21:11:40,5.000903,BARREL,2,2,101,60,11.997834
1771535500,2026-02-19 21:11:40,5.000903,BARREL,45,1,102,65,12.997653
1771535500,2026-02-19 21:11:40,5.000903,BARREL,45,2,103,39,7.798592
1771535500,2026-02-19 21:11:40,5.000903,BARREL,77,1,-1,0,0.000000
1771535500,2026-02-19 21:11:40,5.000903,BARREL,77,2,-1,0,0.000000
1771535500,2026-02-19 21:11:40,5.000903,BOTTOM,11,1,2,46,9.198339
1771535500,2026-02-19 21:11:40,5.000903,BOTTOM,11,2,3,65,12.997653
1771535500,2026-02-19 21:11:40,5.000903,BOTTOM,38,1,4,192,38.393068
1771535500,2026-02-19 21:11:40,5.000903,BOTTOM,38,2,5,201,40.192743
1771535500,2026-02-19 21:11:40,5.000903,BOTTOM,96,1,6,208,41.592491
1771535500,2026-02-19 21:11:40,5.000903,BOTTOM,96,2,7,845,168.969493
1771535500,2026-02-19 21:11:40,5.000903,BOTTOM,307,1,8,142,28.394873
1771535500,2026-02-19 21:11:40,5.000903,BOTTOM,307,2,9,625,124.977435
1771535500,2026-02-19 21:11:40,5.000903,BOTTOM,52,1,10,122,24.395595
1771535500,2026-02-19 21:11:40,5.000903,BOTTOM,52,2,11,196,39.192924
1771535500,2026-02-19 21:11:40,5.000903,BOTTOM,102,1,12,136,27.195090
1771535500,2026-02-19 21:11:40,5.000903,BOTTOM,102,2,13,349,69.787400
1771535500,2026-02-19 21:11:40,5.000903,BOTTOM,124,2,14,22,4.399206
1771535500,2026-02-19 21:11:40,5.000903,BOTTOM,124,1,15,112,22.395956
1771535500,2026-02-19 21:11:40,5.000903,BOTTOM,48,2,16,233,46.591588
1771535500,2026-02-19 21:11:40,5.000903,BOTTOM,48,1,17,135,26.995126
1771535500,2026-02-19 21:11:40,5.000903,BOTTOM,75,2,18,0,0.000000
1771535500,2026-02-19 21:11:40,5.000903,BOTTOM,75,1,19,11,2.199603
1771535500,2026-02-19 21:11:40,5.000903,BOTTOM,109,2,20,185,36.993321
1771535500,2026-02-19 21:11:40,5.000903,BOTTOM,109,1,21,229,45.791732
1771535500,2026-02-19 21:11:40,5.000903,BOTTOM,123,2,22,36,7.198700
1771535500,2026-02-19 21:11:40,5.000903,BOTTOM,123,1,23,6,1.199783
1771535505,2026-02-19 21:11:45,5.000959,TOP,103,1,63,0,0.000000
1771535505,2026-02-19 21:11:45,5.000959,TOP,103,2,62,0,0.000000
1771535505,2026-02-19 21:11:45,5.000959,TOP,300,1,58,0,0.000000
1771535505,2026-02-19 21:11:45,5.000959,TOP,300,2,59,0,0.000000
1771535505,2026-02-19 21:11:45,5.000959,TOP,80,1,60,199,39.792370
1771535505,2026-02-19 21:11:45,5.000959,TOP,80,2,61,181,36.193060
1771535505,2026-02-19 21:11:45,5.000959,TOP,303,1,50,197,39.392446
1771535505,2026-02-19 21:11:45,5.000959,TOP,303,2,57,114,22.795629
1771535505,2026-02-19 21:11:45,5.000959,TOP,88,1,56,44,8.798313
1771535505,2026-02-19 21:11:45,5.000959,TOP,88,2,54,7,1.399732
1771535505,2026-02-19 21:11:45,5.000959,TOP,30,1,127,0,0.000000
1771535505,2026-02-19 21:11:45,5.000959,TOP,30,2,126,179,35.793136
1771535505,2026-02-19 21:11:45,5.000959,TOP,34,1,106,0,0.000000
1771535505,2026-02-19 21:11:45,5.000959,TOP,34,2,107,0,0.000000
1771535505,2026-02-19 21:11:45,5.000959,TOP,74,1,108,101,20.196127
1771535505,2026-02-19 21:11:45,5.000959,TOP,74,2,110,198,39.592408
1771535505,2026-02-19 21:11:45,5.000959,TOP,47,1,112,15,2.999425
1771535505,2026-02-19 21:11:45,5.000959,TOP,47,2,114,202,40.392255
1771535505,2026-02-19 21:11:45,5.000959,TOP,115,1,116,46,9.198236
1771535505,2026-02-19 21:11:45,5.000959,TOP,115,2,118,237,47.390913
1771535505,2026-02-19 21:11:45,5.000959,TOP,46,1,119,0,0.000000
1771535505,2026-02-19 21:11:45,5.000959,TOP,46,2,117,12,2.399540
1771535505,2026-02-19 21:11:45,5.000959,TOP,167,1,115,112,22.395706
1771535505,2026-02-19 21:11:45,5.000959,TOP,167,2,113,102,20.396089
1771535505,2026-02-19 21:11:45,5.000959,TOP,90,1,111,224,44.791411
1771535505,2026-02-19 21:11:45,5.000959,TOP,90,2,109,14,2.799463
1771535505,2026-02-19 21:11:45,5.000959,TOP,302,1,120,0,0.000000
1771535505,2026-02-19 21:11:45,5.000959,TOP,302,2,121,0,0.000000
1771535505,2026-02-19 21:11:45,5.000959,TOP,62,1,122,0,0.000000
1771535505,2026-02-19 21:11:45,5.000959,TOP,62,2,123,0,0.000000
1771535505,2026-02-19 21:11:45,5.000959,TOP,44,1,124,0,0.000000
1771535505,2026-02-19 21:11:45,5.000959,TOP,44,2,125,0,0.000000
1771535505,2026-02-19 21:11:45,5.000959,TOP,61,1,55,166,33.193635
1771535505,2026-02-19 21:11:45,5.000959,TOP,61,2,51,3,0.599885
1771535505,2026-02-19 21:11:45,5.000959,BARREL,26,1,24,55,10.997891
1771535505,2026-02-19 21:11:45,5.000959,BARREL,26,2,25,39,7.798505
1771535505,2026-02-19 21:11:45,5.000959,BARREL,66,1,26,67,13.397431
1771535505,2026-02-19 21:11:45,5.000959,BARREL,66,2,27,25,4.999041
1771535505,2026-02-19 21:11:45,5.000959,BARREL,10,1,28,46,9.198236
1771535505,2026-02-19 21:11:45,5.000959,BARREL,10,2,29,34,6.798696
1771535505,2026-02-19 21:11:45,5.000959,BARREL,58,1,30,0,0.000000
1771535505,2026-02-19 21:11:45,5.000959,BARREL,58,2,31,0,0.000000
1771535505,2026-02-19 21:11:45,5.000959,BARREL,306,1,32,43,8.598351
1771535505,2026-02-19 21:11:45,5.000959,BARREL,306,2,33,34,6.798696
1771535505,2026-02-19 21:11:45,5.000959,BARREL,9,1,34,30,5.998850
1771535505,2026-02-19 21:11:45,5.000959,BARREL,9,2,35,0,0.000000
1771535505,2026-02-19 21:11:45,5.000959,BARREL,57,1,36,56,11.197853
1771535505,2026-02-19 21:11:45,5.000959,BARREL,57,2,37,17,3.399348
1771535505,2026-02-19 21:11:45,5.000959,BARREL,79,1,38,45,8.998275
1771535505,2026-02-19 21:11:45,5.000959,BARREL,79,2,39,70,13.997316
1771535505,2026-02-19 21:11:45,5.000959,BARREL,116,1,40,0,0.000000
1771535505,2026-02-19 21:11:45,5.000959,BARREL,116,2,41,62,12.397623
1771535505,2026-02-19 21:11:45,5.000959,BARREL,13,1,42,0,0.000000
1771535505,2026-02-19 21:11:45,5.000959,BARREL,13,2,43,0,0.000000
1771535505,2026-02-19 21:11:45,5.000959,BARREL,76,1,44,66,13.197469
1771535505,2026-02-19 21:11:45,5.000959,BARREL,76,2,45,50,9.998083
1771535505,2026-02-19 21:11:45,5.000959,BARREL,17,1,46,26,5.199003
1771535505,2026-02-19 21:11:45,5.000959,BARREL,17,2,47,47,9.398198
1771535505,2026-02-19 21:11:45,5.000959,BARREL,125,1,48,55,10.997891
1771535505,2026-02-19 21:11:45,5.000959,BARREL,125,2,49,20,3.999233
1771535505,2026-02-19 21:11:45,5.000959,BARREL,104,1,52,1,0.199962
1771535505,2026-02-19 21:11:45,5.000959,BARREL,104,2,53,458,91.582439
1771535505,2026-02-19 21:11:45,5.000959,BARREL,37,1,64,0,0.000000
1771535505,2026-02-19 21:11:45,5.000959,BARREL,37,2,65,0,0.000000
1771535505,2026-02-19 21:11:45,5.000959,BARREL,70,1,66,61,12.197661
1771535505,2026-02-19 21:11:45,5.000959,BARREL,70,2,67,0,0.000000
1771535505,2026-02-19 21:11:45,5.000959,BARREL,28,1,68,55,10.997891
1771535505,2026-02-19 21:11:45,5.000959,BARREL,28,2,69,55,10.997891
1771535505,2026-02-19 21:11:45,5.000959,BARREL,54,1,70,45,8.998275
1771535505,2026-02-19 21:11:45,5.000959,BARREL,54,2,71,0,0.000000
1771535505,2026-02-19 21:11:45,5.000959,BARREL,25,1,72,56,11.197853
1771535505,2026-02-19 21:11:45,5.000959,BARREL,25,2,73,0,0.000000
1771535505,2026-02-19 21:11:45,5.000959,BARREL,301,1,74,52,10.398006
1771535505,2026-02-19 21:11:45,5.000959,BARREL,301,2,75,57,11.397814
1771535505,2026-02-19 21:11:45,5.000959,BARREL,304,1,76,51,10.198044
1771535505,2026-02-19 21:11:45,5.000959,BARREL,304,2,77,58,11.597776
1771535505,2026-02-19 21:11:45,5.000959,BARREL,22,1,78,2416,483.107362
1771535505,2026-02-19 21:11:45,5.000959,BARREL,22,2,79,78,15.597009
1771535505,2026-02-19 21:11:45,5.000959,BARREL,4,1,80,51,10.198044
1771535505,2026-02-19 21:11:45,5.000959,BARREL,4,2,81,65,12.997508
1771535505,2026-02-19 21:11:45,5.000959,BARREL,12,1,82,73,14.597201
1771535505,2026-02-19 21:11:45,5.000959,BARREL,12,2,83,43,8.598351
1771535505,2026-02-19 21:11:45,5.000959,BARREL,99,1,84,72,14.397239
1771535505,2026-02-19 21:11:45,5.000959,BARREL,99,2,85,0,0.000000
1771535505,2026-02-19 21:11:45,5.000959,BARREL,56,1,86,48,9.598160
1771535505,2026-02-19 21:11:45,5.000959,BARREL,56,2,87,76,15.197086
1771535505,2026-02-19 21:11:45,5.000959,BARREL,122,1,88,36,7.198620
1771535505,2026-02-19 21:11:45,5.000959,BARREL,122,2,89,43,8.598351
1771535505,2026-02-19 21:11:45,5.000959,BARREL,55,1,90,38,7.598543
1771535505,2026-02-19 21:11:45,5.000959,BARREL,55,2,91,7,1.399732
1771535505,2026-02-19 21:11:45,5.000959,BARREL,83,1,92,17,3.399348
1771535505,2026-02-19 21:11:45,5.000959,BARREL,83,2,93,0,0.000000
1771535505,2026-02-19 21:11:45,5.000959,BARREL,97,1,94,4,0.799847
1771535505,2026-02-19 21:11:45,5.000959,BARREL,97,2,95,45,8.998275
1771535505,2026-02-19 21:11:45,5.000959,BARREL,84,1,96,56,11.197853
1771535505,2026-02-19 21:11:45,5.000959,BARREL,84,2,97,32,6.398773
1771535505,2026-02-19 21:11:45,5.000959,BARREL,305,1,98,68,13.597393
1771535505,2026-02-19 21:11:45,5.000959,BARREL,305,2,99,50,9.998083
1771535505,2026-02-19 21:11:45,5.000959,BARREL,2,1,100,39,7.798505
1771535505,2026-02-19 21:11:45,5.000959,BARREL,2,2,101,43,8.598351
1771535505,2026-02-19 21:11:45,5.000959,BARREL,45,1,102,62,12.397623
1771535505,2026-02-19 21:11:45,5.000959,BARREL,45,2,103,26,5.199003
1771535505,2026-02-19 21:11:45,5.000959,BARREL,77,1,-1,0,0.000000
1771535505,2026-02-19 21:11:45,5.000959,BARREL,77,2,-1,0,0.000000
1771535505,2026-02-19 21:11:45,5.000959,BOTTOM,11,1,2,53,10.597968
1771535505,2026-02-19 21:11:45,5.000959,BOTTOM,11,2,3,60,11.997699
1771535505,2026-02-19 21:11:45,5.000959,BOTTOM,38,1,4,145,28.994440
1771535505,2026-02-19 21:11:45,5.000959,BOTTOM,38,2,5,213,42.591833
1771535505,2026-02-19 21:11:45,5.000959,BOTTOM,96,1,6,217,43.391679
1771535505,2026-02-19 21:11:45,5.000959,BOTTOM,96,2,7,999,199.761695
1771535505,2026-02-19 21:11:45,5.000959,BOTTOM,307,1,8,146,29.194402
1771535505,2026-02-19 21:11:45,5.000959,BOTTOM,307,2,9,667,133.374425
1771535505,2026-02-19 21:11:45,5.000959,BOTTOM,52,1,10,117,23.395514
1771535505,2026-02-19 21:11:45,5.000959,BOTTOM,52,2,11,176,35.193252
1771535505,2026-02-19 21:11:45,5.000959,BOTTOM,102,1,12,120,23.995399
1771535505,2026-02-19 21:11:45,5.000959,BOTTOM,102,2,13,346,69.186733
1771535505,2026-02-19 21:11:45,5.000959,BOTTOM,124,2,14,18,3.599310
1771535505,2026-02-19 21:11:45,5.000959,BOTTOM,124,1,15,103,20.596051
1771535505,2026-02-19 21:11:45,5.000959,BOTTOM,48,2,16,191,38.192676
1771535505,2026-02-19 21:11:45,5.000959,BOTTOM,48,1,17,147,29.394363
1771535505,2026-02-19 21:11:45,5.000959,BOTTOM,75,2,18,0,0.000000
1771535505,2026-02-19 21:11:45,5.000959,BOTTOM,75,1,19,10,1.999617
1771535505,2026-02-19 21:11:45,5.000959,BOTTOM,109,2,20,171,34.193443
1771535505,2026-02-19 21:11:45,5.000959,BOTTOM,109,1,21,209,41.791986
1771535505,2026-02-19 21:11:45,5.000959,BOTTOM,123,2,22,44,8.798313
1771535505,2026-02-19 21:11:45,5.000959,BOTTOM,123,1,23,18,3.599310
1771535510,2026-02-19 21:11:50,5.000888,TOP,103,1,63,0,0.000000
1771535510,2026-02-19 21:11:50,5.000888,TOP,103,2,62,0,0.000000
1771535510,2026-02-19 21:11:50,5.000888,TOP,300,1,58,0,0.000000
1771535510,2026-02-19 21:11:50,5.000888,TOP,300,2,59,0,0.000000
1771535510,2026-02-19 21:11:50,5.000888,TOP,80,1,60,220,43.992183
1771535510,2026-02-19 21:11:50,5.000888,TOP,80,2,61,227,45.391935
1771535510,2026-02-19 21:11:50,5.000888,TOP,303,1,50,218,43.592254
1771535510,2026-02-19 21:11:50,5.000888,TOP,303,2,57,126,25.195523
1771535510,2026-02-19 21:11:50,5.000888,TOP,88,1,56,32,6.398863
1771535510,2026-02-19 21:11:50,5.000888,TOP,88,2,54,5,0.999822
1771535510,2026-02-19 21:11:50,5.000888,TOP,30,1,127,0,0.000000
1771535510,2026-02-19 21:11:50,5.000888,TOP,30,2,126,203,40.592787
1771535510,2026-02-19 21:11:50,5.000888,TOP,34,1,106,0,0.000000
1771535510,2026-02-19 21:11:50,5.000888,TOP,34,2,107,0,0.000000
1771535510,2026-02-19 21:11:50,5.000888,TOP,74,1,108,96,19.196589
1771535510,2026-02-19 21:11:50,5.000888,TOP,74,2,110,191,38.193214
1771535510,2026-02-19 21:11:50,5.000888,TOP,47,1,112,17,3.399396
1771535510,2026-02-19 21:11:50,5.000888,TOP,47,2,114,250,49.991117
1771535510,2026-02-19 21:11:50,5.000888,TOP,115,1,116,36,7.198721
1771535510,2026-02-19 21:11:50,5.000888,TOP,115,2,118,210,41.992539
1771535510,2026-02-19 21:11:50,5.000888,TOP,46,1,119,0,0.000000
1771535510,2026-02-19 21:11:50,5.000888,TOP,46,2,117,12,2.399574
1771535510,2026-02-19 21:11:50,5.000888,TOP,167,1,115,114,22.795950
1771535510,2026-02-19 21:11:50,5.000888,TOP,167,2,113,63,12.597762
1771535510,2026-02-19 21:11:50,5.000888,TOP,90,1,111,181,36.193569
1771535510,2026-02-19 21:11:50,5.000888,TOP,90,2,109,8,1.599716
1771535510,2026-02-19 21:11:50,5.000888,TOP,302,1,120,0,0.000000
1771535510,2026-02-19 21:11:50,5.000888,TOP,302,2,121,0,0.000000
1771535510,2026-02-19 21:11:50,5.000888,TOP,62,1,122,0,0.000000
1771535510,2026-02-19 21:11:50,5.000888,TOP,62,2,123,0,0.000000
1771535510,2026-02-19 21:11:50,5.000888,TOP,44,1,124,0,0.000000
1771535510,2026-02-19 21:11:50,5.000888,TOP,44,2,125,0,0.000000
1771535510,2026-02-19 21:11:50,5.000888,TOP,61,1,55,152,30.394599
1771535510,2026-02-19 21:11:50,5.000888,TOP,61,2,51,0,0.000000
1771535510,2026-02-19 21:11:50,5.000888,BARREL,26,1,24,64,12.797726
1771535510,2026-02-19 21:11:50,5.000888,BARREL,26,2,25,48,9.598295
1771535510,2026-02-19 21:11:50,5.000888,BARREL,66,1,26,57,11.397975
1771535510,2026-02-19 21:11:50,5.000888,BARREL,66,2,27,44,8.798437
1771535510,2026-02-19 21:11:50,5.000888,BARREL,10,1,28,44,8.798437
1771535510,2026-02-19 21:11:50,5.000888,BARREL,10,2,29,40,7.998579
1771535510,2026-02-19 21:11:50,5.000888,BARREL,58,1,30,0,0.000000
1771535510,2026-02-19 21:11:50,5.000888,BARREL,58,2,31,0,0.000000
1771535510,2026-02-19 21:11:50,5.000888,BARREL,306,1,32,48,9.598295
1771535510,2026-02-19 21:11:50,5.000888,BARREL,306,2,33,33,6.598827
1771535510,2026-02-19 21:11:50,5.000888,BARREL,9,1,34,25,4.999112
1771535510,2026-02-19 21:11:50,5.000888,BARREL,9,2,35,0,0.000000
1771535510,2026-02-19 21:11:50,5.000888,BARREL,57,1,36,46,9.198366
1771535510,2026-02-19 21:11:50,5.000888,BARREL,57,2,37,20,3.999289
1771535510,2026-02-19 21:11:50,5.000888,BARREL,79,1,38,54,10.798081
1771535510,2026-02-19 21:11:50,5.000888,BARREL,79,2,39,68,13.597584
1771535510,2026-02-19 21:11:50,5.000888,BARREL,116,1,40,0,0.000000
1771535510,2026-02-19 21:11:50,5.000888,BARREL,116,2,41,72,14.397442
1771535510,2026-02-19 21:11:50,5.000888,BARREL,13,1,42,0,0.000000
1771535510,2026-02-19 21:11:50,5.000888,BARREL,13,2,43,0,0.000000
1771535510,2026-02-19 21:11:50,5.000888,BARREL,76,1,44,58,11.597939
1771535510,2026-02-19 21:11:50,5.000888,BARREL,76,2,45,37,7.398685
1771535510,2026-02-19 21:11:50,5.000888,BARREL,17,1,46,24,4.799147
1771535510,2026-02-19 21:11:50,5.000888,BARREL,17,2,47,44,8.798437
1771535510,2026-02-19 21:11:50,5.000888,BARREL,125,1,48,56,11.198010
1771535510,2026-02-19 21:11:50,5.000888,BARREL,125,2,49,22,4.399218
1771535510,2026-02-19 21:11:50,5.000888,BARREL,104,1,52,0,0.000000
1771535510,2026-02-19 21:11:50,5.000888,BARREL,104,2,53,417,83.385184
1771535510,2026-02-19 21:11:50,5.000888,BARREL,37,1,64,0,0.000000
1771535510,2026-02-19 21:11:50,5.000888,BARREL,37,2,65,0,0.000000
1771535510,2026-02-19 21:11:50,5.000888,BARREL,70,1,66,53,10.598117
1771535510,2026-02-19 21:11:50,5.000888,BARREL,70,2,67,0,0.000000
1771535510,2026-02-19 21:11:50,5.000888,BARREL,28,1,68,58,11.597939
1771535510,2026-02-19 21:11:50,5.000888,BARREL,28,2,69,67,13.397619
1771535510,2026-02-19 21:11:50,5.000888,BARREL,54,1,70,50,9.998223
1771535510,2026-02-19 21:11:50,5.000888,BARREL,54,2,71,0,0.000000
1771535510,2026-02-19 21:11:50,5.000888,BARREL,25,1,72,58,11.597939
1771535510,2026-02-19 21:11:50,5.000888,BARREL,25,2,73,0,0.000000
1771535510,2026-02-19 21:11:50,5.000888,BARREL,301,1,74,44,8.798437
1771535510,2026-02-19 21:11:50,5.000888,BARREL,301,2,75,64,12.797726
1771535510,2026-02-19 21:11:50,5.000888,BARREL,304,1,76,68,13.597584
1771535510,2026-02-19 21:11:50,5.000888,BARREL,304,2,77,50,9.998223
1771535510,2026-02-19 21:11:50,5.000888,BARREL,22,1,78,1701,340.139562
1771535510,2026-02-19 21:11:50,5.000888,BARREL,22,2,79,55,10.998046
1771535510,2026-02-19 21:11:50,5.000888,BARREL,4,1,80,45,8.998401
1771535510,2026-02-19 21:11:50,5.000888,BARREL,4,2,81,61,12.197833
1771535510,2026-02-19 21:11:50,5.000888,BARREL,12,1,82,46,9.198366
1771535510,2026-02-19 21:11:50,5.000888,BARREL,12,2,83,56,11.198010
1771535510,2026-02-19 21:11:50,5.000888,BARREL,99,1,84,56,11.198010
1771535510,2026-02-19 21:11:50,5.000888,BARREL,99,2,85,0,0.000000
1771535510,2026-02-19 21:11:50,5.000888,BARREL,56,1,86,44,8.798437
1771535510,2026-02-19 21:11:50,5.000888,BARREL,56,2,87,66,13.197655
1771535510,2026-02-19 21:11:50,5.000888,BARREL,122,1,88,35,6.998756
1771535510,2026-02-19 21:11:50,5.000888,BARREL,122,2,89,46,9.198366
1771535510,2026-02-19 21:11:50,5.000888,BARREL,55,1,90,54,10.798081
1771535510,2026-02-19 21:11:50,5.000888,BARREL,55,2,91,12,2.399574
1771535510,2026-02-19 21:11:50,5.000888,BARREL,83,1,92,16,3.199432
1771535510,2026-02-19 21:11:50,5.000888,BARREL,83,2,93,0,0.000000
1771535510,2026-02-19 21:11:50,5.000888,BARREL,97,1,94,10,1.999645
1771535510,2026-02-19 21:11:50,5.000888,BARREL,97,2,95,50,9.998223
1771535510,2026-02-19 21:11:50,5.000888,BARREL,84,1,96,44,8.798437
1771535510,2026-02-19 21:11:50,5.000888,BARREL,84,2,97,46,9.198366
1771535510,2026-02-19 21:11:50,5.000888,BARREL,305,1,98,48,9.598295
1771535510,2026-02-19 21:11:50,5.000888,BARREL,305,2,99,46,9.198366
1771535510,2026-02-19 21:11:50,5.000888,BARREL,2,1,100,28,5.599005
1771535510,2026-02-19 21:11:50,5.000888,BARREL,2,2,101,45,8.998401
1771535510,2026-02-19 21:11:50,5.000888,BARREL,45,1,102,57,11.397975
1771535510,2026-02-19 21:11:50,5.000888,BARREL,45,2,103,41,8.198543
1771535510,2026-02-19 21:11:50,5.000888,BARREL,77,1,-1,0,0.000000
1771535510,2026-02-19 21:11:50,5.000888,BARREL,77,2,-1,0,0.000000
1771535510,2026-02-19 21:11:50,5.000888,BOTTOM,11,1,2,47,9.398330
1771535510,2026-02-19 21:11:50,5.000888,BOTTOM,11,2,3,68,13.597584
1771535510,2026-02-19 21:11:50,5.000888,BOTTOM,38,1,4,151,30.194635
1771535510,2026-02-19 21:11:50,5.000888,BOTTOM,38,2,5,222,44.392112
1771535510,2026-02-19 21:11:50,5.000888,BOTTOM,96,1,6,230,45.991828
1771535510,2026-02-19 21:11:50,5.000888,BOTTOM,96,2,7,985,196.965002
1771535510,2026-02-19 21:11:50,5.000888,BOTTOM,307,1,8,151,30.194635
1771535510,2026-02-19 21:11:50,5.000888,BOTTOM,307,2,9,617,123.378078
1771535510,2026-02-19 21:11:50,5.000888,BOTTOM,52,1,10,92,18.396731
1771535510,2026-02-19 21:11:50,5.000888,BOTTOM,52,2,11,199,39.792929
1771535510,2026-02-19 21:11:50,5.000888,BOTTOM,102,1,12,120,23.995736
1771535510,2026-02-19 21:11:50,5.000888,BOTTOM,102,2,13,324,64.788488
1771535510,2026-02-19 21:11:50,5.000888,BOTTOM,124,2,14,22,4.399218
1771535510,2026-02-19 21:11:50,5.000888,BOTTOM,124,1,15,130,25.995381
1771535510,2026-02-19 21:11:50,5.000888,BOTTOM,48,2,16,235,46.991650
1771535510,2026-02-19 21:11:50,5.000888,BOTTOM,48,1,17,124,24.795594
1771535510,2026-02-19 21:11:50,5.000888,BOTTOM,75,2,18,0,0.000000
1771535510,2026-02-19 21:11:50,5.000888,BOTTOM,75,1,19,11,2.199609
1771535510,2026-02-19 21:11:50,5.000888,BOTTOM,109,2,20,199,39.792929
1771535510,2026-02-19 21:11:50,5.000888,BOTTOM,109,1,21,180,35.993604
1771535510,2026-02-19 21:11:50,5.000888,BOTTOM,123,2,22,44,8.798437
1771535510,2026-02-19 21:11:50,5.000888,BOTTOM,123,1,23,13,2.599538
1771535515,2026-02-19 21:11:55,5.000930,TOP,103,1,63,0,0.000000
1771535515,2026-02-19 21:11:55,5.000930,TOP,103,2,62,0,0.000000
1771535515,2026-02-19 21:11:55,5.000930,TOP,300,1,58,0,0.000000
1771535515,2026-02-19 21:11:55,5.000930,TOP,300,2,59,0,0.000000
1771535515,2026-02-19 21:11:55,5.000930,TOP,80,1,60,183,36.593192
1771535515,2026-02-19 21:11:55,5.000930,TOP,80,2,61,183,36.593192
1771535515,2026-02-19 21:11:55,5.000930,TOP,303,1,50,209,41.792225
1771535515,2026-02-19 21:11:55,5.000930,TOP,303,2,57,108,21.595982
1771535515,2026-02-19 21:11:55,5.000930,TOP,88,1,56,39,7.798549
1771535515,2026-02-19 21:11:55,5.000930,TOP,88,2,54,4,0.799851
1771535515,2026-02-19 21:11:55,5.000930,TOP,30,1,127,0,0.000000
1771535515,2026-02-19 21:11:55,5.000930,TOP,30,2,126,185,36.993117
1771535515,2026-02-19 21:11:55,5.000930,TOP,34,1,106,0,0.000000
1771535515,2026-02-19 21:11:55,5.000930,TOP,34,2,107,0,0.000000
1771535515,2026-02-19 21:11:55,5.000930,TOP,74,1,108,94,18.796503
1771535515,2026-02-19 21:11:55,5.000930,TOP,74,2,110,221,44.191778
1771535515,2026-02-19 21:11:55,5.000930,TOP,47,1,112,19,3.799293
1771535515,2026-02-19 21:11:55,5.000930,TOP,47,2,114,179,35.793341
1771535515,2026-02-19 21:11:55,5.000930,TOP,115,1,116,51,10.198103
1771535515,2026-02-19 21:11:55,5.000930,TOP,115,2,118,212,42.392113
1771535515,2026-02-19 21:11:55,5.000930,TOP,46,1,119,0,0.000000
1771535515,2026-02-19 21:11:55,5.000930,TOP,46,2,117,9,1.799665
1771535515,2026-02-19 21:11:55,5.000930,TOP,167,1,115,120,23.995536
1771535515,2026-02-19 21:11:55,5.000930,TOP,167,2,113,78,15.597098
1771535515,2026-02-19 21:11:55,5.000930,TOP,90,1,111,219,43.791852
1771535515,2026-02-19 21:11:55,5.000930,TOP,90,2,109,12,2.399554
1771535515,2026-02-19 21:11:55,5.000930,TOP,302,1,120,0,0.000000
1771535515,2026-02-19 21:11:55,5.000930,TOP,302,2,121,0,0.000000
1771535515,2026-02-19 21:11:55,5.000930,TOP,62,1,122,0,0.000000
1771535515,2026-02-19 21:11:55,5.000930,TOP,62,2,123,0,0.000000
1771535515,2026-02-19 21:11:55,5.000930,TOP,44,1,124,0,0.000000
1771535515,2026-02-19 21:11:55,5.000930,TOP,44,2,125,0,0.000000
1771535515,2026-02-19 21:11:55,5.000930,TOP,61,1,55,175,34.993489
1771535515,2026-02-19 21:11:55,5.000930,TOP,61,2,51,0,0.000000
1771535515,2026-02-19 21:11:55,5.000930,BARREL,26,1,24,79,15.797061
1771535515,2026-02-19 21:11:55,5.000930,BARREL,26,2,25,46,9.198289
1771535515,2026-02-19 21:11:55,5.000930,BARREL,66,1,26,61,12.197731
1771535515,2026-02-19 21:11:55,5.000930,BARREL,66,2,27,33,6.598772
1771535515,2026-02-19 21:11:55,5.000930,BARREL,10,1,28,54,10.797991
1771535515,2026-02-19 21:11:55,5.000930,BARREL,10,2,29,55,10.997954
1771535515,2026-02-19 21:11:55,5.000930,BARREL,58,1,30,0,0.000000
1771535515,2026-02-19 21:11:55,5.000930,BARREL,58,2,31,0,0.000000
1771535515,2026-02-19 21:11:55,5.000930,BARREL,306,1,32,46,9.198289
1771535515,2026-02-19 21:11:55,5.000930,BARREL,306,2,33,29,5.798921
1771535515,2026-02-19 21:11:55,5.000930,BARREL,9,1,34,38,7.598586
1771535515,2026-02-19 21:11:55,5.000930,BARREL,9,2,35,0,0.000000
1771535515,2026-02-19 21:11:55,5.000930,BARREL,57,1,36,50,9.998140
1771535515,2026-02-19 21:11:55,5.000930,BARREL,57,2,37,17,3.399368
1771535515,2026-02-19 21:11:55,5.000930,BARREL,79,1,38,38,7.598586
1771535515,2026-02-19 21:11:55,5.000930,BARREL,79,2,39,71,14.197359
1771535515,2026-02-19 21:11:55,5.000930,BARREL,116,1,40,0,0.000000
1771535515,2026-02-19 21:11:55,5.000930,BARREL,116,2,41,62,12.397693
1771535515,2026-02-19 21:11:55,5.000930,BARREL,13,1,42,1,0.199963
1771535515,2026-02-19 21:11:55,5.000930,BARREL,13,2,43,0,0.000000
1771535515,2026-02-19 21:11:55,5.000930,BARREL,76,1,44,70,13.997396
1771535515,2026-02-19 21:11:55,5.000930,BARREL,76,2,45,38,7.598586
1771535515,2026-02-19 21:11:55,5.000930,BARREL,17,1,46,24,4.799107
1771535515,2026-02-19 21:11:55,5.000930,BARREL,17,2,47,36,7.198661
1771535515,2026-02-19 21:11:55,5.000930,BARREL,125,1,48,52,10.398065
1771535515,2026-02-19 21:11:55,5.000930,BARREL,125,2,49,20,3.999256
1771535515,2026-02-19 21:11:55,5.000930,BARREL,104,1,52,0,0.000000
1771535515,2026-02-19 21:11:55,5.000930,BARREL,104,2,53,501,100.181361
1771535515,2026-02-19 21:11:55,5.000930,BARREL,37,1,64,0,0.000000
1771535515,2026-02-19 21:11:55,5.000930,BARREL,37,2,65,0,0.000000
1771535515,2026-02-19 21:11:55,5.000930,BARREL,70,1,66,50,9.998140
1771535515,2026-02-19 21:11:55,5.000930,BARREL,70,2,67,0,0.000000
1771535515,2026-02-19 21:11:55,5.000930,BARREL,28,1,68,48,9.598214
1771535515,2026-02-19 21:11:55,5.000930,BARREL,28,2,69,69,13.797433
1771535515,2026-02-19 21:11:55,5.000930,BARREL,54,1,70,49,9.798177
1771535515,2026-02-19 21:11:55,5.000930,BARREL,54,2,71,0,0.000000
1771535515,2026-02-19 21:11:55,5.000930,BARREL,25,1,72,65,12.997582
1771535515,2026-02-19 21:11:55,5.000930,BARREL,25,2,73,0,0.000000
1771535515,2026-02-19 21:11:55,5.000930,BARREL,301,1,74,60,11.997768
1771535515,2026-02-19 21:11:55,5.000930,BARREL,301,2,75,68,13.597470
1771535515,2026-02-19 21:11:55,5.000930,BARREL,304,1,76,52,10.398065
1771535515,2026-02-19 21:11:55,5.000930,BARREL,304,2,77,54,10.797991
1771535515,2026-02-19 21:11:55,5.000930,BARREL,22,1,78,1888,377.529760
1771535515,2026-02-19 21:11:55,5.000930,BARREL,22,2,79,61,12.197731
1771535515,2026-02-19 21:11:55,5.000930,BARREL,4,1,80,61,12.197731
1771535515,2026-02-19 21:11:55,5.000930,BARREL,4,2,81,51,10.198103
1771535515,2026-02-19 21:11:55,5.000930,BARREL,12,1,82,56,11.197917
1771535515,2026-02-19 21:11:55,5.000930,BARREL,12,2,83,56,11.197917
1771535515,2026-02-19 21:11:55,5.000930,BARREL,99,1,84,53,10.598028
1771535515,2026-02-19 21:11:55,5.000930,BARREL,99,2,85,0,0.000000
1771535515,2026-02-19 21:11:55,5.000930,BARREL,56,1,86,59,11.797805
1771535515,2026-02-19 21:11:55,5.000930,BARREL,56,2,87,51,10.198103
1771535515,2026-02-19 21:11:55,5.000930,BARREL,122,1,88,30,5.998884
1771535515,2026-02-19 21:11:55,5.000930,BARREL,122,2,89,54,10.797991
1771535515,2026-02-19 21:11:55,5.000930,BARREL,55,1,90,32,6.398809
1771535515,2026-02-19 21:11:55,5.000930,BARREL,55,2,91,17,3.399368
1771535515,2026-02-19 21:11:55,5.000930,BARREL,83,1,92,27,5.398996
1771535515,2026-02-19 21:11:55,5.000930,BARREL,83,2,93,0,0.000000
1771535515,2026-02-19 21:11:55,5.000930,BARREL,97,1,94,11,2.199591
1771535515,2026-02-19 21:11:55,5.000930,BARREL,97,2,95,54,10.797991
1771535515,2026-02-19 21:11:55,5.000930,BARREL,84,1,96,57,11.397879
1771535515,2026-02-19 21:11:55,5.000930,BARREL,84,2,97,29,5.798921
1771535515,2026-02-19 21:11:55,5.000930,BARREL,305,1,98,44,8.798363
1771535515,2026-02-19 21:11:55,5.000930,BARREL,305,2,99,58,11.597842
1771535515,2026-02-19 21:11:55,5.000930,BARREL,2,1,100,37,7.398623
1771535515,2026-02-19 21:11:55,5.000930,BARREL,2,2,101,48,9.598214
1771535515,2026-02-19 21:11:55,5.000930,BARREL,45,1,102,64,12.797619
1771535515,2026-02-19 21:11:55,5.000930,BARREL,45,2,103,35,6.998698
1771535515,2026-02-19 21:11:55,5.000930,BARREL,77,1,-1,0,0.000000
1771535515,2026-02-19 21:11:55,5.000930,BARREL,77,2,-1,0,0.000000
1771535515,2026-02-19 21:11:55,5.000930,BOTTOM,11,1,2,46,9.198289
1771535515,2026-02-19 21:11:55,5.000930,BOTTOM,11,2,3,63,12.597656
1771535515,2026-02-19 21:11:55,5.000930,BOTTOM,38,1,4,150,29.994420
1771535515,2026-02-19 21:11:55,5.000930,BOTTOM,38,2,5,245,48.990885
1771535515,2026-02-19 21:11:55,5.000930,BOTTOM,96,1,6,199,39.792597
1771535515,2026-02-19 21:11:55,5.000930,BOTTOM,96,2,7,786,157.170758
1771535515,2026-02-19 21:11:55,5.000930,BOTTOM,307,1,8,153,30.594308
1771535515,2026-02-19 21:11:55,5.000930,BOTTOM,307,2,9,646,129.175967
1771535515,2026-02-19 21:11:55,5.000930,BOTTOM,52,1,10,102,20.396205
1771535515,2026-02-19 21:11:55,5.000930,BOTTOM,52,2,11,186,37.193080
1771535515,2026-02-19 21:11:55,5.000930,BOTTOM,102,1,12,123,24.595424
1771535515,2026-02-19 21:11:55,5.000930,BOTTOM,102,2,13,342,68.387277
1771535515,2026-02-19 21:11:55,5.000930,BOTTOM,124,2,14,21,4.199219
1771535515,2026-02-19 21:11:55,5.000930,BOTTOM,124,1,15,123,24.595424
1771535515,2026-02-19 21:11:55,5.000930,BOTTOM,48,2,16,266,53.190104
1771535515,2026-02-19 21:11:55,5.000930,BOTTOM,48,1,17,139,27.794829
1771535515,2026-02-19 21:11:55,5.000930,BOTTOM,75,2,18,0,0.000000
1771535515,2026-02-19 21:11:55,5.000930,BOTTOM,75,1,19,14,2.799479
1771535515,2026-02-19 21:11:55,5.000930,BOTTOM,109,2,20,176,35.193452
1771535515,2026-02-19 21:11:55,5.000930,BOTTOM,109,1,21,223,44.591704
1771535515,2026-02-19 21:11:55,5.000930,BOTTOM,123,2,22,54,10.797991
1771535515,2026-02-19 21:11:55,5.000930,BOTTOM,123,1,23,12,2.399554
1771535520,2026-02-19 21:12:00,5.002689,TOP,103,1,63,0,0.000000
1771535520,2026-02-19 21:12:00,5.002689,TOP,103,2,62,0,0.000000
1771535520,2026-02-19 21:12:00,5.002689,TOP,300,1,58,0,0.000000
1771535520,2026-02-19 21:12:00,5.002689,TOP,300,2,59,0,0.000000
1771535520,2026-02-19 21:12:00,5.002689,TOP,80,1,60,219,43.776460
1771535520,2026-02-19 21:12:00,5.002689,TOP,80,2,61,196,39.178932
1771535520,2026-02-19 21:12:00,5.002689,TOP,303,1,50,205,40.977965
1771535520,2026-02-19 21:12:00,5.002689,TOP,303,2,57,114,22.787746
1771535520,2026-02-19 21:12:00,5.002689,TOP,88,1,56,35,6.996238
1771535520,2026-02-19 21:12:00,5.002689,TOP,88,2,54,4,0.799570
1771535520,2026-02-19 21:12:00,5.002689,TOP,30,1,127,0,0.000000
1771535520,2026-02-19 21:12:00,5.002689,TOP,30,2,126,169,33.781835
1771535520,2026-02-19 21:12:00,5.002689,TOP,34,1,106,0,0.000000
1771535520,2026-02-19 21:12:00,5.002689,TOP,34,2,107,0,0.000000
1771535520,2026-02-19 21:12:00,5.002689,TOP,74,1,108,96,19.189681
1771535520,2026-02-19 21:12:00,5.002689,TOP,74,2,110,184,36.780222
1771535520,2026-02-19 21:12:00,5.002689,TOP,47,1,112,17,3.398173
1771535520,2026-02-19 21:12:00,5.002689,TOP,47,2,114,220,43.976353
1771535520,2026-02-19 21:12:00,5.002689,TOP,115,1,116,46,9.195056
1771535520,2026-02-19 21:12:00,5.002689,TOP,115,2,118,219,43.776460
1771535520,2026-02-19 21:12:00,5.002689,TOP,46,1,119,0,0.000000
1771535520,2026-02-19 21:12:00,5.002689,TOP,46,2,117,11,2.198818
1771535520,2026-02-19 21:12:00,5.002689,TOP,167,1,115,135,26.985489
1771535520,2026-02-19 21:12:00,5.002689,TOP,167,2,113,83,16.591079
1771535520,2026-02-19 21:12:00,5.002689,TOP,90,1,111,211,42.177320
1771535520,2026-02-19 21:12:00,5.002689,TOP,90,2,109,3,0.599678
1771535520,2026-02-19 21:12:00,5.002689,TOP,302,1,120,0,0.000000
1771535520,2026-02-19 21:12:00,5.002689,TOP,302,2,121,0,0.000000
1771535520,2026-02-19 21:12:00,5.002689,TOP,62,1,122,0,0.000000
1771535520,2026-02-19 21:12:00,5.002689,TOP,62,2,123,0,0.000000
1771535520,2026-02-19 21:12:00,5.002689,TOP,44,1,124,0,0.000000
1771535520,2026-02-19 21:12:00,5.002689,TOP,44,2,125,0,0.000000
1771535520,2026-02-19 21:12:00,5.002689,TOP,61,1,55,159,31.782909
1771535520,2026-02-19 21:12:00,5.002689,TOP,61,2,51,1,0.199893
1771535520,2026-02-19 21:12:00,5.002689,BARREL,26,1,24,49,9.794733
1771535520,2026-02-19 21:12:00,5.002689,BARREL,26,2,25,42,8.395486
1771535520,2026-02-19 21:12:00,5.002689,BARREL,66,1,26,60,11.993551
1771535520,2026-02-19 21:12:00,5.002689,BARREL,66,2,27,40,7.995701
1771535520,2026-02-19 21:12:00,5.002689,BARREL,10,1,28,49,9.794733
1771535520,2026-02-19 21:12:00,5.002689,BARREL,10,2,29,52,10.394411
1771535520,2026-02-19 21:12:00,5.002689,BARREL,58,1,30,0,0.000000
1771535520,2026-02-19 21:12:00,5.002689,BARREL,58,2,31,0,0.000000
1771535520,2026-02-19 21:12:00,5.002689,BARREL,306,1,32,43,8.595378
1771535520,2026-02-19 21:12:00,5.002689,BARREL,306,2,33,32,6.396560
1771535520,2026-02-19 21:12:00,5.002689,BARREL,9,1,34,38,7.595915
1771535520,2026-02-19 21:12:00,5.002689,BARREL,9,2,35,0,0.000000
1771535520,2026-02-19 21:12:00,5.002689,BARREL,57,1,36,48,9.594841
1771535520,2026-02-19 21:12:00,5.002689,BARREL,57,2,37,23,4.597528
1771535520,2026-02-19 21:12:00,5.002689,BARREL,79,1,38,64,12.793121
1771535520,2026-02-19 21:12:00,5.002689,BARREL,79,2,39,53,10.594303
1771535520,2026-02-19 21:12:00,5.002689,BARREL,116,1,40,0,0.000000
1771535520,2026-02-19 21:12:00,5.002689,BARREL,116,2,41,59,11.793658
1771535520,2026-02-19 21:12:00,5.002689,BARREL,13,1,42,0,0.000000
1771535520,2026-02-19 21:12:00,5.002689,BARREL,13,2,43,0,0.000000
1771535520,2026-02-19 21:12:00,5.002689,BARREL,76,1,44,70,13.992476
1771535520,2026-02-19 21:12:00,5.002689,BARREL,76,2,45,42,8.395486
1771535520,2026-02-19 21:12:00,5.002689,BARREL,17,1,46,19,3.797958
1771535520,2026-02-19 21:12:00,5.002689,BARREL,17,2,47,37,7.396023
1771535520,2026-02-19 21:12:00,5.002689,BARREL,125,1,48,46,9.195056
1771535520,2026-02-19 21:12:00,5.002689,BARREL,125,2,49,14,2.798495
1771535520,2026-02-19 21:12:00,5.002689,BARREL,104,1,52,0,0.000000
1771535520,2026-02-19 21:12:00,5.002689,BARREL,104,2,53,470,93.949481
1771535520,2026-02-19 21:12:00,5.002689,BARREL,37,1,64,0,0.000000
1771535520,2026-02-19 21:12:00,5.002689,BARREL,37,2,65,0,0.000000
1771535520,2026-02-19 21:12:00,5.002689,BARREL,70,1,66,37,7.396023
1771535520,2026-02-19 21:12:00,5.002689,BARREL,70,2,67,0,0.000000
1771535520,2026-02-19 21:12:00,5.002689,BARREL,28,1,68,58,11.593766
1771535520,2026-02-19 21:12:00,5.002689,BARREL,28,2,69,63,12.593228
1771535520,2026-02-19 21:12:00,5.002689,BARREL,54,1,70,53,10.594303
1771535520,2026-02-19 21:12:00,5.002689,BARREL,54,2,71,0,0.000000
1771535520,2026-02-19 21:12:00,5.002689,BARREL,25,1,72,65,12.993013
1771535520,2026-02-19 21:12:00,5.002689,BARREL,25,2,73,0,0.000000
1771535520,2026-02-19 21:12:00,5.002689,BARREL,301,1,74,56,11.193981
1771535520,2026-02-19 21:12:00,5.002689,BARREL,301,2,75,51,10.194518
1771535520,2026-02-19 21:12:00,5.002689,BARREL,304,1,76,60,11.993551
1771535520,2026-02-19 21:12:00,5.002689,BARREL,304,2,77,55,10.994088
1771535520,2026-02-19 21:12:00,5.002689,BARREL,22,1,78,1483,296.440596
1771535520,2026-02-19 21:12:00,5.002689,BARREL,22,2,79,48,9.594841
1771535520,2026-02-19 21:12:00,5.002689,BARREL,4,1,80,52,10.394411
1771535520,2026-02-19 21:12:00,5.002689,BARREL,4,2,81,68,13.592691
1771535520,2026-02-19 21:12:00,5.002689,BARREL,12,1,82,53,10.594303
1771535520,2026-02-19 21:12:00,5.002689,BARREL,12,2,83,54,10.794196
1771535520,2026-02-19 21:12:00,5.002689,BARREL,99,1,84,67,13.392798
1771535520,2026-02-19 21:12:00,5.002689,BARREL,99,2,85,0,0.000000
1771535520,2026-02-19 21:12:00,5.002689,BARREL,56,1,86,50,9.994626
1771535520,2026-02-19 21:12:00,5.002689,BARREL,56,2,87,75,14.991938
1771535520,2026-02-19 21:12:00,5.002689,BARREL,122,1,88,27,5.397098
1771535520,2026-02-19 21:12:00,5.002689,BARREL,122,2,89,49,9.794733
1771535520,2026-02-19 21:12:00,5.002689,BARREL,55,1,90,32,6.396560
1771535520,2026-02-19 21:12:00,5.002689,BARREL,55,2,91,18,3.598065
1771535520,2026-02-19 21:12:00,5.002689,BARREL,83,1,92,13,2.598603
1771535520,2026-02-19 21:12:00,5.002689,BARREL,83,2,93,0,0.000000
1771535520,2026-02-19 21:12:00,5.002689,BARREL,97,1,94,11,2.198818
1771535520,2026-02-19 21:12:00,5.002689,BARREL,97,2,95,52,10.394411
1771535520,2026-02-19 21:12:00,5.002689,BARREL,84,1,96,55,10.994088
1771535520,2026-02-19 21:12:00,5.002689,BARREL,84,2,97,38,7.595915
1771535520,2026-02-19 21:12:00,5.002689,BARREL,305,1,98,59,11.793658
1771535520,2026-02-19 21:12:00,5.002689,BARREL,305,2,99,59,11.793658
1771535520,2026-02-19 21:12:00,5.002689,BARREL,2,1,100,39,7.795808
1771535520,2026-02-19 21:12:00,5.002689,BARREL,2,2,101,46,9.195056
1771535520,2026-02-19 21:12:00,5.002689,BARREL,45,1,102,59,11.793658
1771535520,2026-02-19 21:12:00,5.002689,BARREL,45,2,103,35,6.996238
1771535520,2026-02-19 21:12:00,5.002689,BARREL,77,1,-1,0,0.000000
1771535520,2026-02-19 21:12:00,5.002689,BARREL,77,2,-1,0,0.000000
1771535520,2026-02-19 21:12:00,5.002689,BOTTOM,11,1,2,60,11.993551
1771535520,2026-02-19 21:12:00,5.002689,BOTTOM,11,2,3,69,13.792583
1771535520,2026-02-19 21:12:00,5.002689,BOTTOM,38,1,4,157,31.383124
1771535520,2026-02-19 21:12:00,5.002689,BOTTOM,38,2,5,210,41.977428
1771535520,2026-02-19 21:12:00,5.002689,BOTTOM,96,1,6,201,40.178395
1771535520,2026-02-19 21:12:00,5.002689,BOTTOM,96,2,7,841,168.109603
1771535520,2026-02-19 21:12:00,5.002689,BOTTOM,307,1,8,157,31.383124
1771535520,2026-02-19 21:12:00,5.002689,BOTTOM,307,2,9,655,130.929596
1771535520,2026-02-19 21:12:00,5.002689,BOTTOM,52,1,10,117,23.387424
1771535520,2026-02-19 21:12:00,5.002689,BOTTOM,52,2,11,196,39.178932
1771535520,2026-02-19 21:12:00,5.002689,BOTTOM,102,1,12,148,29.584092
1771535520,2026-02-19 21:12:00,5.002689,BOTTOM,102,2,13,340,67.963454
1771535520,2026-02-19 21:12:00,5.002689,BOTTOM,124,2,14,26,5.197205
1771535520,2026-02-19 21:12:00,5.002689,BOTTOM,124,1,15,114,22.787746
1771535520,2026-02-19 21:12:00,5.002689,BOTTOM,48,2,16,189,37.779685
1771535520,2026-02-19 21:12:00,5.002689,BOTTOM,48,1,17,142,28.384737
1771535520,2026-02-19 21:12:00,5.002689,BOTTOM,75,2,18,0,0.000000
1771535520,2026-02-19 21:12:00,5.002689,BOTTOM,75,1,19,8,1.599140
1771535520,2026-02-19 21:12:00,5.002689,BOTTOM,109,2,20,189,37.779685
1771535520,2026-02-19 21:12:00,5.002689,BOTTOM,109,1,21,192,38.379362
1771535520,2026-02-19 21:12:00,5.002689,BOTTOM,123,2,22,39,7.795808
1771535520,2026-02-19 21:12:00,5.002689,BOTTOM,123,1,23,19,3.797958
1771535525,2026-02-19 21:12:05,5.000923,TOP,103,1,63,0,0.000000
1771535525,2026-02-19 21:12:05,5.000923,TOP,103,2,62,0,0.000000
1771535525,2026-02-19 21:12:05,5.000923,TOP,300,1,58,0,0.000000
1771535525,2026-02-19 21:12:05,5.000923,TOP,300,2,59,0,0.000000
1771535525,2026-02-19 21:12:05,5.000923,TOP,80,1,60,203,40.592510
1771535525,2026-02-19 21:12:05,5.000923,TOP,80,2,61,205,40.992437
1771535525,2026-02-19 21:12:05,5.000923,TOP,303,1,50,199,39.792658
1771535525,2026-02-19 21:12:05,5.000923,TOP,303,2,57,116,23.195720
1771535525,2026-02-19 21:12:05,5.000923,TOP,88,1,56,35,6.998709
1771535525,2026-02-19 21:12:05,5.000923,TOP,88,2,54,4,0.799852
1771535525,2026-02-19 21:12:05,5.000923,TOP,30,1,127,0,0.000000
1771535525,2026-02-19 21:12:05,5.000923,TOP,30,2,126,173,34.593617
1771535525,2026-02-19 21:12:05,5.000923,TOP,34,1,106,0,0.000000
1771535525,2026-02-19 21:12:05,5.000923,TOP,34,2,107,0,0.000000
1771535525,2026-02-19 21:12:05,5.000923,TOP,74,1,108,96,19.196458
1771535525,2026-02-19 21:12:05,5.000923,TOP,74,2,110,192,38.392916
1771535525,2026-02-19 21:12:05,5.000923,TOP,47,1,112,10,1.999631
1771535525,2026-02-19 21:12:05,5.000923,TOP,47,2,114,242,48.391071
1771535525,2026-02-19 21:12:05,5.000923,TOP,115,1,116,44,8.798377
1771535525,2026-02-19 21:12:05,5.000923,TOP,115,2,118,225,44.991699
1771535525,2026-02-19 21:12:05,5.000923,TOP,46,1,119,0,0.000000
1771535525,2026-02-19 21:12:05,5.000923,TOP,46,2,117,13,2.599520
1771535525,2026-02-19 21:12:05,5.000923,TOP,167,1,115,118,23.595646
1771535525,2026-02-19 21:12:05,5.000923,TOP,167,2,113,80,15.997048
1771535525,2026-02-19 21:12:05,5.000923,TOP,90,1,111,214,42.792104
1771535525,2026-02-19 21:12:05,5.000923,TOP,90,2,109,3,0.599889
1771535525,2026-02-19 21:12:05,5.000923,TOP,302,1,120,0,0.000000
1771535525,2026-02-19 21:12:05,5.000923,TOP,302,2,121,0,0.000000
1771535525,2026-02-19 21:12:05,5.000923,TOP,62,1,122,0,0.000000
1771535525,2026-02-19 21:12:05,5.000923,TOP,62,2,123,0,0.000000
1771535525,2026-02-19 21:12:05,5.000923,TOP,44,1,124,0,0.000000
1771535525,2026-02-19 21:12:05,5.000923,TOP,44,2,125,0,0.000000
1771535525,2026-02-19 21:12:05,5.000923,TOP,61,1,55,177,35.393470
1771535525,2026-02-19 21:12:05,5.000923,TOP,61,2,51,0,0.000000
1771535525,2026-02-19 21:12:05,5.000923,BARREL,26,1,24,65,12.997602
1771535525,2026-02-19 21:12:05,5.000923,BARREL,26,2,25,44,8.798377
1771535525,2026-02-19 21:12:05,5.000923,BARREL,66,1,26,50,9.998155
1771535525,2026-02-19 21:12:05,5.000923,BARREL,66,2,27,43,8.598414
1771535525,2026-02-19 21:12:05,5.000923,BARREL,10,1,28,54,10.798008
1771535525,2026-02-19 21:12:05,5.000923,BARREL,10,2,29,44,8.798377
1771535525,2026-02-19 21:12:05,5.000923,BARREL,58,1,30,0,0.000000
1771535525,2026-02-19 21:12:05,5.000923,BARREL,58,2,31,0,0.000000
1771535525,2026-02-19 21:12:05,5.000923,BARREL,306,1,32,47,9.398266
1771535525,2026-02-19 21:12:05,5.000923,BARREL,306,2,33,32,6.398819
1771535525,2026-02-19 21:12:05,5.000923,BARREL,9,1,34,29,5.798930
1771535525,2026-02-19 21:12:05,5.000923,BARREL,9,2,35,0,0.000000
1771535525,2026-02-19 21:12:05,5.000923,BARREL,57,1,36,47,9.398266
1771535525,2026-02-19 21:12:05,5.000923,BARREL,57,2,37,11,2.199594
1771535525,2026-02-19 21:12:05,5.000923,BARREL,79,1,38,49,9.798192
1771535525,2026-02-19 21:12:05,5.000923,BARREL,79,2,39,74,14.797270
1771535525,2026-02-19 21:12:05,5.000923,BARREL,116,1,40,0,0.000000
1771535525,2026-02-19 21:12:05,5.000923,BARREL,116,2,41,71,14.197380
1771535525,2026-02-19 21:12:05,5.000923,BARREL,13,1,42,0,0.000000
1771535525,2026-02-19 21:12:05,5.000923,BARREL,13,2,43,0,0.000000
1771535525,2026-02-19 21:12:05,5.000923,BARREL,76,1,44,67,13.397528
1771535525,2026-02-19 21:12:05,5.000923,BARREL,76,2,45,39,7.798561
1771535525,2026-02-19 21:12:05,5.000923,BARREL,17,1,46,22,4.399188
1771535525,2026-02-19 21:12:05,5.000923,BARREL,17,2,47,43,8.598414
1771535525,2026-02-19 21:12:05,5.000923,BARREL,125,1,48,63,12.597676
1771535525,2026-02-19 21:12:05,5.000923,BARREL,125,2,49,24,4.799115
1771535525,2026-02-19 21:12:05,5.000923,BARREL,104,1,52,0,0.000000
1771535525,2026-02-19 21:12:05,5.000923,BARREL,104,2,53,501,100.181516
1771535525,2026-02-19 21:12:05,5.000923,BARREL,37,1,64,0,0.000000
1771535525,2026-02-19 21:12:05,5.000923,BARREL,37,2,65,0,0.000000
1771535525,2026-02-19 21:12:05,5.000923,BARREL,70,1,66,60,11.997786
1771535525,2026-02-19 21:12:05,5.000923,BARREL,70,2,67,0,0.000000
1771535525,2026-02-19 21:12:05,5.000923,BARREL,28,1,68,60,11.997786
1771535525,2026-02-19 21:12:05,5.000923,BARREL,28,2,69,60,11.997786
1771535525,2026-02-19 21:12:05,5.000923,BARREL,54,1,70,57,11.397897
1771535525,2026-02-19 21:12:05,5.000923,BARREL,54,2,71,0,0.000000
1771535525,2026-02-19 21:12:05,5.000923,BARREL,25,1,72,71,14.197380
1771535525,2026-02-19 21:12:05,5.000923,BARREL,25,2,73,0,0.000000
1771535525,2026-02-19 21:12:05,5.000923,BARREL,301,1,74,57,11.397897
1771535525,2026-02-19 21:12:05,5.000923,BARREL,301,2,75,65,12.997602
1771535525,2026-02-19 21:12:05,5.000923,BARREL,304,1,76,55,10.997971
1771535525,2026-02-19 21:12:05,5.000923,BARREL,304,2,77,46,9.198303
1771535525,2026-02-19 21:12:05,5.000923,BARREL,22,1,78,1516,303.144067
1771535525,2026-02-19 21:12:05,5.000923,BARREL,22,2,79,49,9.798192
1771535525,2026-02-19 21:12:05,5.000923,BARREL,4,1,80,53,10.598045
1771535525,2026-02-19 21:12:05,5.000923,BARREL,4,2,81,59,11.797823
1771535525,2026-02-19 21:12:05,5.000923,BARREL,12,1,82,55,10.997971
1771535525,2026-02-19 21:12:05,5.000923,BARREL,12,2,83,48,9.598229
1771535525,2026-02-19 21:12:05,5.000923,BARREL,99,1,84,69,13.797454
1771535525,2026-02-19 21:12:05,5.000923,BARREL,99,2,85,0,0.000000
1771535525,2026-02-19 21:12:05,5.000923,BARREL,56,1,86,60,11.997786
1771535525,2026-02-19 21:12:05,5.000923,BARREL,56,2,87,76,15.197196
1771535525,2026-02-19 21:12:05,5.000923,BARREL,122,1,88,29,5.798930
1771535525,2026-02-19 21:12:05,5.000923,BARREL,122,2,89,40,7.998524
1771535525,2026-02-19 21:12:05,5.000923,BARREL,55,1,90,50,9.998155
1771535525,2026-02-19 21:12:05,5.000923,BARREL,55,2,91,10,1.999631
1771535525,2026-02-19 21:12:05,5.000923,BARREL,83,1,92,13,2.599520
1771535525,2026-02-19 21:12:05,5.000923,BARREL,83,2,93,0,0.000000
1771535525,2026-02-19 21:12:05,5.000923,BARREL,97,1,94,6,1.199779
1771535525,2026-02-19 21:12:05,5.000923,BARREL,97,2,95,61,12.197749
1771535525,2026-02-19 21:12:05,5.000923,BARREL,84,1,96,55,10.997971
1771535525,2026-02-19 21:12:05,5.000923,BARREL,84,2,97,40,7.998524
1771535525,2026-02-19 21:12:05,5.000923,BARREL,305,1,98,57,11.397897
1771535525,2026-02-19 21:12:05,5.000923,BARREL,305,2,99,61,12.197749
1771535525,2026-02-19 21:12:05,5.000923,BARREL,2,1,100,27,5.399004
1771535525,2026-02-19 21:12:05,5.000923,BARREL,2,2,101,52,10.398081
1771535525,2026-02-19 21:12:05,5.000923,BARREL,45,1,102,52,10.398081
1771535525,2026-02-19 21:12:05,5.000923,BARREL,45,2,103,41,8.198487
1771535525,2026-02-19 21:12:05,5.000923,BARREL,77,1,-1,0,0.000000
1771535525,2026-02-19 21:12:05,5.000923,BARREL,77,2,-1,0,0.000000
1771535525,2026-02-19 21:12:05,5.000923,BOTTOM,11,1,2,39,7.798561
1771535525,2026-02-19 21:12:05,5.000923,BOTTOM,11,2,3,77,15.397159
1771535525,2026-02-19 21:12:05,5.000923,BOTTOM,38,1,4,174,34.793580
1771535525,2026-02-19 21:12:05,5.000923,BOTTOM,38,2,5,220,43.991883
1771535525,2026-02-19 21:12:05,5.000923,BOTTOM,96,1,6,206,41.192400
1771535525,2026-02-19 21:12:05,5.000923,BOTTOM,96,2,7,938,187.565392
1771535525,2026-02-19 21:12:05,5.000923,BOTTOM,307,1,8,157,31.394207
1771535525,2026-02-19 21:12:05,5.000923,BOTTOM,307,2,9,708,141.573878
1771535525,2026-02-19 21:12:05,5.000923,BOTTOM,52,1,10,102,20.396237
1771535525,2026-02-19 21:12:05,5.000923,BOTTOM,52,2,11,189,37.793027
1771535525,2026-02-19 21:12:05,5.000923,BOTTOM,102,1,12,150,29.994466
1771535525,2026-02-19 21:12:05,5.000923,BOTTOM,102,2,13,345,68.987271
1771535525,2026-02-19 21:12:05,5.000923,BOTTOM,124,2,14,11,2.199594
1771535525,2026-02-19 21:12:05,5.000923,BOTTOM,124,1,15,78,15.597122
1771535525,2026-02-19 21:12:05,5.000923,BOTTOM,48,2,16,265,52.990223
1771535525,2026-02-19 21:12:05,5.000923,BOTTOM,48,1,17,145,28.994650
1771535525,2026-02-19 21:12:05,5.000923,BOTTOM,75,2,18,0,0.000000
1771535525,2026-02-19 21:12:05,5.000923,BOTTOM,75,1,19,9,1.799668
1771535525,2026-02-19 21:12:05,5.000923,BOTTOM,109,2,20,163,32.593986
1771535525,2026-02-19 21:12:05,5.000923,BOTTOM,109,1,21,181,36.193322
1771535525,2026-02-19 21:12:05,5.000923,BOTTOM,123,2,22,52,10.398081
1771535525,2026-02-19 21:12:05,5.000923,BOTTOM,123,1,23,15,2.999447
1771535530,2026-02-19 21:12:10,5.000885,TOP,103,1,63,0,0.000000
1771535530,2026-02-19 21:12:10,5.000885,TOP,103,2,62,0,0.000000
1771535530,2026-02-19 21:12:10,5.000885,TOP,300,1,58,0,0.000000
1771535530,2026-02-19 21:12:10,5.000885,TOP,300,2,59,0,0.000000
1771535530,2026-02-19 21:12:10,5.000885,TOP,80,1,60,181,36.193594
1771535530,2026-02-19 21:12:10,5.000885,TOP,80,2,61,183,36.593523
1771535530,2026-02-19 21:12:10,5.000885,TOP,303,1,50,204,40.792780
1771535530,2026-02-19 21:12:10,5.000885,TOP,303,2,57,115,22.995930
1771535530,2026-02-19 21:12:10,5.000885,TOP,88,1,56,50,9.998230
1771535530,2026-02-19 21:12:10,5.000885,TOP,88,2,54,5,0.999823
1771535530,2026-02-19 21:12:10,5.000885,TOP,30,1,127,0,0.000000
1771535530,2026-02-19 21:12:10,5.000885,TOP,30,2,126,180,35.993629
1771535530,2026-02-19 21:12:10,5.000885,TOP,34,1,106,0,0.000000
1771535530,2026-02-19 21:12:10,5.000885,TOP,34,2,107,0,0.000000
1771535530,2026-02-19 21:12:10,5.000885,TOP,74,1,108,77,15.397275
1771535530,2026-02-19 21:12:10,5.000885,TOP,74,2,110,210,41.992568
1771535530,2026-02-19 21:12:10,5.000885,TOP,47,1,112,10,1.999646
1771535530,2026-02-19 21:12:10,5.000885,TOP,47,2,114,211,42.192532
1771535530,2026-02-19 21:12:10,5.000885,TOP,115,1,116,43,8.598478
1771535530,2026-02-19 21:12:10,5.000885,TOP,115,2,118,217,43.392320
1771535530,2026-02-19 21:12:10,5.000885,TOP,46,1,119,0,0.000000
1771535530,2026-02-19 21:12:10,5.000885,TOP,46,2,117,11,2.199611
1771535530,2026-02-19 21:12:10,5.000885,TOP,167,1,115,104,20.796319
1771535530,2026-02-19 21:12:10,5.000885,TOP,167,2,113,87,17.396921
1771535530,2026-02-19 21:12:10,5.000885,TOP,90,1,111,181,36.193594
1771535530,2026-02-19 21:12:10,5.000885,TOP,90,2,109,11,2.199611
1771535530,2026-02-19 21:12:10,5.000885,TOP,302,1,120,0,0.000000
1771535530,2026-02-19 21:12:10,5.000885,TOP,302,2,121,0,0.000000
1771535530,2026-02-19 21:12:10,5.000885,TOP,62,1,122,0,0.000000
1771535530,2026-02-19 21:12:10,5.000885,TOP,62,2,123,0,0.000000
1771535530,2026-02-19 21:12:10,5.000885,TOP,44,1,124,0,0.000000
1771535530,2026-02-19 21:12:10,5.000885,TOP,44,2,125,0,0.000000
1771535530,2026-02-19 21:12:10,5.000885,TOP,61,1,55,153,30.594585
1771535530,2026-02-19 21:12:10,5.000885,TOP,61,2,51,3,0.599894
1771535530,2026-02-19 21:12:10,5.000885,BARREL,26,1,24,61,12.197841
1771535530,2026-02-19 21:12:10,5.000885,BARREL,26,2,25,45,8.998407
1771535530,2026-02-19 21:12:10,5.000885,BARREL,66,1,26,57,11.397983
1771535530,2026-02-19 21:12:10,5.000885,BARREL,66,2,27,33,6.598832
1771535530,2026-02-19 21:12:10,5.000885,BARREL,10,1,28,56,11.198018
1771535530,2026-02-19 21:12:10,5.000885,BARREL,10,2,29,51,10.198195
1771535530,2026-02-19 21:12:10,5.000885,BARREL,58,1,30,0,0.000000
1771535530,2026-02-19 21:12:10,5.000885,BARREL,58,2,31,0,0.000000
1771535530,2026-02-19 21:12:10,5.000885,BARREL,306,1,32,50,9.998230
1771535530,2026-02-19 21:12:10,5.000885,BARREL,306,2,33,39,7.798620
1771535530,2026-02-19 21:12:10,5.000885,BARREL,9,1,34,39,7.798620
1771535530,2026-02-19 21:12:10,5.000885,BARREL,9,2,35,0,0.000000
1771535530,2026-02-19 21:12:10,5.000885,BARREL,57,1,36,51,10.198195
1771535530,2026-02-19 21:12:10,5.000885,BARREL,57,2,37,18,3.599363
1771535530,2026-02-19 21:12:10,5.000885,BARREL,79,1,38,41,8.198549
1771535530,2026-02-19 21:12:10,5.000885,BARREL,79,2,39,62,12.397806
1771535530,2026-02-19 21:12:10,5.000885,BARREL,116,1,40,0,0.000000
1771535530,2026-02-19 21:12:10,5.000885,BARREL,116,2,41,54,10.798089
1771535530,2026-02-19 21:12:10,5.000885,BARREL,13,1,42,0,0.000000
1771535530,2026-02-19 21:12:10,5.000885,BARREL,13,2,43,0,0.000000
1771535530,2026-02-19 21:12:10,5.000885,BARREL,76,1,44,57,11.397983
1771535530,2026-02-19 21:12:10,5.000885,BARREL,76,2,45,44,8.798443
1771535530,2026-02-19 21:12:10,5.000885,BARREL,17,1,46,12,2.399575
1771535530,2026-02-19 21:12:10,5.000885,BARREL,17,2,47,57,11.397983
1771535530,2026-02-19 21:12:10,5.000885,BARREL,125,1,48,67,13.397629
1771535530,2026-02-19 21:12:10,5.000885,BARREL,125,2,49,27,5.399044
1771535530,2026-02-19 21:12:10,5.000885,BARREL,104,1,52,0,0.000000
1771535530,2026-02-19 21:12:10,5.000885,BARREL,104,2,53,438,87.584498
1771535530,2026-02-19 21:12:10,5.000885,BARREL,37,1,64,0,0.000000
1771535530,2026-02-19 21:12:10,5.000885,BARREL,37,2,65,0,0.000000
1771535530,2026-02-19 21:12:10,5.000885,BARREL,70,1,66,67,13.397629
1771535530,2026-02-19 21:12:10,5.000885,BARREL,70,2,67,0,0.000000
1771535530,2026-02-19 21:12:10,5.000885,BARREL,28,1,68,43,8.598478
1771535530,2026-02-19 21:12:10,5.000885,BARREL,28,2,69,60,11.997876
1771535530,2026-02-19 21:12:10,5.000885,BARREL,54,1,70,48,9.598301
1771535530,2026-02-19 21:12:10,5.000885,BARREL,54,2,71,0,0.000000
1771535530,2026-02-19 21:12:10,5.000885,BARREL,25,1,72,48,9.598301
1771535530,2026-02-19 21:12:10,5.000885,BARREL,25,2,73,0,0.000000
1771535530,2026-02-19 21:12:10,5.000885,BARREL,301,1,74,47,9.398337
1771535530,2026-02-19 21:12:10,5.000885,BARREL,301,2,75,58,11.597947
1771535530,2026-02-19 21:12:10,5.000885,BARREL,304,1,76,53,10.598124
1771535530,2026-02-19 21:12:10,5.000885,BARREL,304,2,77,51,10.198195
1771535530,2026-02-19 21:12:10,5.000885,BARREL,22,1,78,1982,396.329854
1771535530,2026-02-19 21:12:10,5.000885,BARREL,22,2,79,64,12.797735
1771535530,2026-02-19 21:12:10,5.000885,BARREL,4,1,80,60,11.997876
1771535530,2026-02-19 21:12:10,5.000885,BARREL,4,2,81,70,13.997523
1771535530,2026-02-19 21:12:10,5.000885,BARREL,12,1,82,66,13.197664
1771535530,2026-02-19 21:12:10,5.000885,BARREL,12,2,83,44,8.798443
1771535530,2026-02-19 21:12:10,5.000885,BARREL,99,1,84,69,13.797558
1771535530,2026-02-19 21:12:10,5.000885,BARREL,99,2,85,0,0.000000
1771535530,2026-02-19 21:12:10,5.000885,BARREL,56,1,86,58,11.597947
1771535530,2026-02-19 21:12:10,5.000885,BARREL,56,2,87,68,13.597593
1771535530,2026-02-19 21:12:10,5.000885,BARREL,122,1,88,31,6.198903
1771535530,2026-02-19 21:12:10,5.000885,BARREL,122,2,89,53,10.598124
1771535530,2026-02-19 21:12:10,5.000885,BARREL,55,1,90,52,10.398160
1771535530,2026-02-19 21:12:10,5.000885,BARREL,55,2,91,7,1.399752
1771535530,2026-02-19 21:12:10,5.000885,BARREL,83,1,92,15,2.999469
1771535530,2026-02-19 21:12:10,5.000885,BARREL,83,2,93,0,0.000000
1771535530,2026-02-19 21:12:10,5.000885,BARREL,97,1,94,10,1.999646
1771535530,2026-02-19 21:12:10,5.000885,BARREL,97,2,95,64,12.797735
1771535530,2026-02-19 21:12:10,5.000885,BARREL,84,1,96,50,9.998230
1771535530,2026-02-19 21:12:10,5.000885,BARREL,84,2,97,32,6.398867
1771535530,2026-02-19 21:12:10,5.000885,BARREL,305,1,98,61,12.197841
1771535530,2026-02-19 21:12:10,5.000885,BARREL,305,2,99,56,11.198018
1771535530,2026-02-19 21:12:10,5.000885,BARREL,2,1,100,28,5.599009
1771535530,2026-02-19 21:12:10,5.000885,BARREL,2,2,101,58,11.597947
1771535530,2026-02-19 21:12:10,5.000885,BARREL,45,1,102,57,11.397983
1771535530,2026-02-19 21:12:10,5.000885,BARREL,45,2,103,41,8.198549
1771535530,2026-02-19 21:12:10,5.000885,BARREL,77,1,-1,0,0.000000
1771535530,2026-02-19 21:12:10,5.000885,BARREL,77,2,-1,0,0.000000
1771535530,2026-02-19 21:12:10,5.000885,BOTTOM,11,1,2,36,7.198726
1771535530,2026-02-19 21:12:10,5.000885,BOTTOM,11,2,3,68,13.597593
1771535530,2026-02-19 21:12:10,5.000885,BOTTOM,38,1,4,153,30.594585
1771535530,2026-02-19 21:12:10,5.000885,BOTTOM,38,2,5,228,45.591931
1771535530,2026-02-19 21:12:10,5.000885,BOTTOM,96,1,6,246,49.191294
1771535530,2026-02-19 21:12:10,5.000885,BOTTOM,96,2,7,1063,212.562379
1771535530,2026-02-19 21:12:10,5.000885,BOTTOM,307,1,8,131,26.195364
1771535530,2026-02-19 21:12:10,5.000885,BOTTOM,307,2,9,692,138.375509
1771535530,2026-02-19 21:12:10,5.000885,BOTTOM,52,1,10,113,22.596001
1771535530,2026-02-19 21:12:10,5.000885,BOTTOM,52,2,11,185,36.993453
1771535530,2026-02-19 21:12:10,5.000885,BOTTOM,102,1,12,156,31.194479
1771535530,2026-02-19 21:12:10,5.000885,BOTTOM,102,2,13,320,63.988675
1771535530,2026-02-19 21:12:10,5.000885,BOTTOM,124,2,14,12,2.399575
1771535530,2026-02-19 21:12:10,5.000885,BOTTOM,124,1,15,104,20.796319
1771535530,2026-02-19 21:12:10,5.000885,BOTTOM,48,2,16,219,43.792249
1771535530,2026-02-19 21:12:10,5.000885,BOTTOM,48,1,17,132,26.395328
1771535530,2026-02-19 21:12:10,5.000885,BOTTOM,75,2,18,0,0.000000
1771535530,2026-02-19 21:12:10,5.000885,BOTTOM,75,1,19,9,1.799681
1771535530,2026-02-19 21:12:10,5.000885,BOTTOM,109,2,20,201,40.192886
1771535530,2026-02-19 21:12:10,5.000885,BOTTOM,109,1,21,196,39.193063
1771535530,2026-02-19 21:12:10,5.000885,BOTTOM,123,2,22,34,6.798797
1771535530,2026-02-19 21:12:10,5.000885,BOTTOM,123,1,23,12,2.399575
1771535535,2026-02-19 21:12:15,5.000929,TOP,103,1,63,0,0.000000
1771535535,2026-02-19 21:12:15,5.000929,TOP,103,2,62,0,0.000000
1771535535,2026-02-19 21:12:15,5.000929,TOP,300,1,58,0,0.000000
1771535535,2026-02-19 21:12:15,5.000929,TOP,300,2,59,0,0.000000
1771535535,2026-02-19 21:12:15,5.000929,TOP,80,1,60,203,40.592460
1771535535,2026-02-19 21:12:15,5.000929,TOP,80,2,61,189,37.792980
1771535535,2026-02-19 21:12:15,5.000929,TOP,303,1,50,209,41.792237
1771535535,2026-02-19 21:12:15,5.000929,TOP,303,2,57,97,19.396397
1771535535,2026-02-19 21:12:15,5.000929,TOP,88,1,56,34,6.798737
1771535535,2026-02-19 21:12:15,5.000929,TOP,88,2,54,2,0.399926
1771535535,2026-02-19 21:12:15,5.000929,TOP,30,1,127,0,0.000000
1771535535,2026-02-19 21:12:15,5.000929,TOP,30,2,126,197,39.392683
1771535535,2026-02-19 21:12:15,5.000929,TOP,34,1,106,0,0.000000
1771535535,2026-02-19 21:12:15,5.000929,TOP,34,2,107,0,0.000000
1771535535,2026-02-19 21:12:15,5.000929,TOP,74,1,108,105,20.996100
1771535535,2026-02-19 21:12:15,5.000929,TOP,74,2,110,169,33.793723
1771535535,2026-02-19 21:12:15,5.000929,TOP,47,1,112,16,3.199406
1771535535,2026-02-19 21:12:15,5.000929,TOP,47,2,114,213,42.592089
1771535535,2026-02-19 21:12:15,5.000929,TOP,115,1,116,40,7.998514
1771535535,2026-02-19 21:12:15,5.000929,TOP,115,2,118,202,40.392497
1771535535,2026-02-19 21:12:15,5.000929,TOP,46,1,119,0,0.000000
1771535535,2026-02-19 21:12:15,5.000929,TOP,46,2,117,13,2.599517
1771535535,2026-02-19 21:12:15,5.000929,TOP,167,1,115,112,22.395840
1771535535,2026-02-19 21:12:15,5.000929,TOP,167,2,113,89,17.796694
1771535535,2026-02-19 21:12:15,5.000929,TOP,90,1,111,196,39.192720
1771535535,2026-02-19 21:12:15,5.000929,TOP,90,2,109,7,1.399740
1771535535,2026-02-19 21:12:15,5.000929,TOP,302,1,120,0,0.000000
1771535535,2026-02-19 21:12:15,5.000929,TOP,302,2,121,0,0.000000
1771535535,2026-02-19 21:12:15,5.000929,TOP,62,1,122,0,0.000000
1771535535,2026-02-19 21:12:15,5.000929,TOP,62,2,123,0,0.000000
1771535535,2026-02-19 21:12:15,5.000929,TOP,44,1,124,0,0.000000
1771535535,2026-02-19 21:12:15,5.000929,TOP,44,2,125,0,0.000000
1771535535,2026-02-19 21:12:15,5.000929,TOP,61,1,55,162,32.393983
1771535535,2026-02-19 21:12:15,5.000929,TOP,61,2,51,0,0.000000
1771535535,2026-02-19 21:12:15,5.000929,BARREL,26,1,24,51,10.198106
1771535535,2026-02-19 21:12:15,5.000929,BARREL,26,2,25,52,10.398069
1771535535,2026-02-19 21:12:15,5.000929,BARREL,66,1,26,66,13.197549
1771535535,2026-02-19 21:12:15,5.000929,BARREL,66,2,27,36,7.198663
1771535535,2026-02-19 21:12:15,5.000929,BARREL,10,1,28,52,10.398069
1771535535,2026-02-19 21:12:15,5.000929,BARREL,10,2,29,44,8.798366
1771535535,2026-02-19 21:12:15,5.000929,BARREL,58,1,30,0,0.000000
1771535535,2026-02-19 21:12:15,5.000929,BARREL,58,2,31,0,0.000000
1771535535,2026-02-19 21:12:15,5.000929,BARREL,306,1,32,45,8.998329
1771535535,2026-02-19 21:12:15,5.000929,BARREL,306,2,33,41,8.198477
1771535535,2026-02-19 21:12:15,5.000929,BARREL,9,1,34,39,7.798551
1771535535,2026-02-19 21:12:15,5.000929,BARREL,9,2,35,0,0.000000
1771535535,2026-02-19 21:12:15,5.000929,BARREL,57,1,36,51,10.198106
1771535535,2026-02-19 21:12:15,5.000929,BARREL,57,2,37,24,4.799109
1771535535,2026-02-19 21:12:15,5.000929,BARREL,79,1,38,40,7.998514
1771535535,2026-02-19 21:12:15,5.000929,BARREL,79,2,39,53,10.598031
1771535535,2026-02-19 21:12:15,5.000929,BARREL,116,1,40,0,0.000000
1771535535,2026-02-19 21:12:15,5.000929,BARREL,116,2,41,77,15.397140
1771535535,2026-02-19 21:12:15,5.000929,BARREL,13,1,42,0,0.000000
1771535535,2026-02-19 21:12:15,5.000929,BARREL,13,2,43,0,0.000000
1771535535,2026-02-19 21:12:15,5.000929,BARREL,76,1,44,56,11.197920
1771535535,2026-02-19 21:12:15,5.000929,BARREL,76,2,45,46,9.198291
1771535535,2026-02-19 21:12:15,5.000929,BARREL,17,1,46,16,3.199406
1771535535,2026-02-19 21:12:15,5.000929,BARREL,17,2,47,41,8.198477
1771535535,2026-02-19 21:12:15,5.000929,BARREL,125,1,48,50,9.998143
1771535535,2026-02-19 21:12:15,5.000929,BARREL,125,2,49,26,5.199034
1771535535,2026-02-19 21:12:15,5.000929,BARREL,104,1,52,0,0.000000
1771535535,2026-02-19 21:12:15,5.000929,BARREL,104,2,53,441,88.183620
1771535535,2026-02-19 21:12:15,5.000929,BARREL,37,1,64,0,0.000000
1771535535,2026-02-19 21:12:15,5.000929,BARREL,37,2,65,0,0.000000
1771535535,2026-02-19 21:12:15,5.000929,BARREL,70,1,66,45,8.998329
1771535535,2026-02-19 21:12:15,5.000929,BARREL,70,2,67,0,0.000000
1771535535,2026-02-19 21:12:15,5.000929,BARREL,28,1,68,55,10.997957
1771535535,2026-02-19 21:12:15,5.000929,BARREL,28,2,69,58,11.597846
1771535535,2026-02-19 21:12:15,5.000929,BARREL,54,1,70,36,7.198663
1771535535,2026-02-19 21:12:15,5.000929,BARREL,54,2,71,0,0.000000
1771535535,2026-02-19 21:12:15,5.000929,BARREL,25,1,72,56,11.197920
1771535535,2026-02-19 21:12:15,5.000929,BARREL,25,2,73,0,0.000000
1771535535,2026-02-19 21:12:15,5.000929,BARREL,301,1,74,41,8.198477
1771535535,2026-02-19 21:12:15,5.000929,BARREL,301,2,75,61,12.197734
1771535535,2026-02-19 21:12:15,5.000929,BARREL,304,1,76,61,12.197734
1771535535,2026-02-19 21:12:15,5.000929,BARREL,304,2,77,69,13.797437
1771535535,2026-02-19 21:12:15,5.000929,BARREL,22,1,78,1920,383.928687
1771535535,2026-02-19 21:12:15,5.000929,BARREL,22,2,79,62,12.397697
1771535535,2026-02-19 21:12:15,5.000929,BARREL,4,1,80,57,11.397883
1771535535,2026-02-19 21:12:15,5.000929,BARREL,4,2,81,69,13.797437
1771535535,2026-02-19 21:12:15,5.000929,BARREL,12,1,82,57,11.397883
1771535535,2026-02-19 21:12:15,5.000929,BARREL,12,2,83,58,11.597846
1771535535,2026-02-19 21:12:15,5.000929,BARREL,99,1,84,62,12.397697
1771535535,2026-02-19 21:12:15,5.000929,BARREL,99,2,85,0,0.000000
1771535535,2026-02-19 21:12:15,5.000929,BARREL,56,1,86,42,8.398440
1771535535,2026-02-19 21:12:15,5.000929,BARREL,56,2,87,53,10.598031
1771535535,2026-02-19 21:12:15,5.000929,BARREL,122,1,88,50,9.998143
1771535535,2026-02-19 21:12:15,5.000929,BARREL,122,2,89,44,8.798366
1771535535,2026-02-19 21:12:15,5.000929,BARREL,55,1,90,41,8.198477
1771535535,2026-02-19 21:12:15,5.000929,BARREL,55,2,91,9,1.799666
1771535535,2026-02-19 21:12:15,5.000929,BARREL,83,1,92,14,2.799480
1771535535,2026-02-19 21:12:15,5.000929,BARREL,83,2,93,0,0.000000
1771535535,2026-02-19 21:12:15,5.000929,BARREL,97,1,94,9,1.799666
1771535535,2026-02-19 21:12:15,5.000929,BARREL,97,2,95,50,9.998143
1771535535,2026-02-19 21:12:15,5.000929,BARREL,84,1,96,51,10.198106
1771535535,2026-02-19 21:12:15,5.000929,BARREL,84,2,97,32,6.398811
1771535535,2026-02-19 21:12:15,5.000929,BARREL,305,1,98,57,11.397883
1771535535,2026-02-19 21:12:15,5.000929,BARREL,305,2,99,48,9.598217
1771535535,2026-02-19 21:12:15,5.000929,BARREL,2,1,100,33,6.598774
1771535535,2026-02-19 21:12:15,5.000929,BARREL,2,2,101,54,10.797994
1771535535,2026-02-19 21:12:15,5.000929,BARREL,45,1,102,49,9.798180
1771535535,2026-02-19 21:12:15,5.000929,BARREL,45,2,103,33,6.598774
1771535535,2026-02-19 21:12:15,5.000929,BARREL,77,1,-1,0,0.000000
1771535535,2026-02-19 21:12:15,5.000929,BARREL,77,2,-1,0,0.000000
1771535535,2026-02-19 21:12:15,5.000929,BOTTOM,11,1,2,41,8.198477
1771535535,2026-02-19 21:12:15,5.000929,BOTTOM,11,2,3,67,13.397511
1771535535,2026-02-19 21:12:15,5.000929,BOTTOM,38,1,4,166,33.193834
1771535535,2026-02-19 21:12:15,5.000929,BOTTOM,38,2,5,248,49.590789
1771535535,2026-02-19 21:12:15,5.000929,BOTTOM,96,1,6,193,38.592832
1771535535,2026-02-19 21:12:15,5.000929,BOTTOM,96,2,7,625,124.976786
1771535535,2026-02-19 21:12:15,5.000929,BOTTOM,307,1,8,152,30.394354
1771535535,2026-02-19 21:12:15,5.000929,BOTTOM,307,2,9,700,139.974001
1771535535,2026-02-19 21:12:15,5.000929,BOTTOM,52,1,10,93,18.596546
1771535535,2026-02-19 21:12:15,5.000929,BOTTOM,52,2,11,144,28.794652
1771535535,2026-02-19 21:12:15,5.000929,BOTTOM,102,1,12,135,26.994986
1771535535,2026-02-19 21:12:15,5.000929,BOTTOM,102,2,13,333,66.587632
1771535535,2026-02-19 21:12:15,5.000929,BOTTOM,124,2,14,26,5.199034
1771535535,2026-02-19 21:12:15,5.000929,BOTTOM,124,1,15,110,21.995914
1771535535,2026-02-19 21:12:15,5.000929,BOTTOM,48,2,16,293,58.589117
1771535535,2026-02-19 21:12:15,5.000929,BOTTOM,48,1,17,132,26.395097
1771535535,2026-02-19 21:12:15,5.000929,BOTTOM,75,2,18,0,0.000000
1771535535,2026-02-19 21:12:15,5.000929,BOTTOM,75,1,19,10,1.999629
1771535535,2026-02-19 21:12:15,5.000929,BOTTOM,109,2,20,182,36.393240
1771535535,2026-02-19 21:12:15,5.000929,BOTTOM,109,1,21,203,40.592460
1771535535,2026-02-19 21:12:15,5.000929,BOTTOM,123,2,22,38,7.598589
1771535535,2026-02-19 21:12:15,5.000929,BOTTOM,123,1,23,12,2.399554
1771535540,2026-02-19 21:12:20,5.000882,TOP,103,1,63,0,0.000000
1771535540,2026-02-19 21:12:20,5.000882,TOP,103,2,62,0,0.000000
1771535540,2026-02-19 21:12:20,5.000882,TOP,300,1,58,0,0.000000
1771535540,2026-02-19 21:12:20,5.000882,TOP,300,2,59,0,0.000000
1771535540,2026-02-19 21:12:20,5.000882,TOP,80,1,60,216,43.192383
1771535540,2026-02-19 21:12:20,5.000882,TOP,80,2,61,209,41.792630
1771535540,2026-02-19 21:12:20,5.000882,TOP,303,1,50,242,48.391466
1771535540,2026-02-19 21:12:20,5.000882,TOP,303,2,57,128,25.595486
1771535540,2026-02-19 21:12:20,5.000882,TOP,88,1,56,40,7.998589
1771535540,2026-02-19 21:12:20,5.000882,TOP,88,2,54,4,0.799859
1771535540,2026-02-19 21:12:20,5.000882,TOP,30,1,127,0,0.000000
1771535540,2026-02-19 21:12:20,5.000882,TOP,30,2,126,208,41.592665
1771535540,2026-02-19 21:12:20,5.000882,TOP,34,1,106,0,0.000000
1771535540,2026-02-19 21:12:20,5.000882,TOP,34,2,107,0,0.000000
1771535540,2026-02-19 21:12:20,5.000882,TOP,74,1,108,100,19.996474
1771535540,2026-02-19 21:12:20,5.000882,TOP,74,2,110,235,46.991713
1771535540,2026-02-19 21:12:20,5.000882,TOP,47,1,112,13,2.599542
1771535540,2026-02-19 21:12:20,5.000882,TOP,47,2,114,231,46.191854
1771535540,2026-02-19 21:12:20,5.000882,TOP,115,1,116,59,11.797919
1771535540,2026-02-19 21:12:20,5.000882,TOP,115,2,118,220,43.992242
1771535540,2026-02-19 21:12:20,5.000882,TOP,46,1,119,0,0.000000
1771535540,2026-02-19 21:12:20,5.000882,TOP,46,2,117,16,3.199436
1771535540,2026-02-19 21:12:20,5.000882,TOP,167,1,115,116,23.195909
1771535540,2026-02-19 21:12:20,5.000882,TOP,167,2,113,86,17.196967
1771535540,2026-02-19 21:12:20,5.000882,TOP,90,1,111,174,34.793864
1771535540,2026-02-19 21:12:20,5.000882,TOP,90,2,109,14,2.799506
1771535540,2026-02-19 21:12:20,5.000882,TOP,302,1,120,0,0.000000
1771535540,2026-02-19 21:12:20,5.000882,TOP,302,2,121,0,0.000000
1771535540,2026-02-19 21:12:20,5.000882,TOP,62,1,122,0,0.000000
1771535540,2026-02-19 21:12:20,5.000882,TOP,62,2,123,0,0.000000
1771535540,2026-02-19 21:12:20,5.000882,TOP,44,1,124,0,0.000000
1771535540,2026-02-19 21:12:20,5.000882,TOP,44,2,125,0,0.000000
1771535540,2026-02-19 21:12:20,5.000882,TOP,61,1,55,164,32.794217
1771535540,2026-02-19 21:12:20,5.000882,TOP,61,2,51,1,0.199965
1771535540,2026-02-19 21:12:20,5.000882,BARREL,26,1,24,66,13.197673
1771535540,2026-02-19 21:12:20,5.000882,BARREL,26,2,25,51,10.198202
1771535540,2026-02-19 21:12:20,5.000882,BARREL,66,1,26,66,13.197673
1771535540,2026-02-19 21:12:20,5.000882,BARREL,66,2,27,39,7.798625
1771535540,2026-02-19 21:12:20,5.000882,BARREL,10,1,28,64,12.797743
1771535540,2026-02-19 21:12:20,5.000882,BARREL,10,2,29,48,9.598307
1771535540,2026-02-19 21:12:20,5.000882,BARREL,58,1,30,0,0.000000
1771535540,2026-02-19 21:12:20,5.000882,BARREL,58,2,31,0,0.000000
1771535540,2026-02-19 21:12:20,5.000882,BARREL,306,1,32,58,11.597955
1771535540,2026-02-19 21:12:20,5.000882,BARREL,306,2,33,39,7.798625
1771535540,2026-02-19 21:12:20,5.000882,BARREL,9,1,34,37,7.398695
1771535540,2026-02-19 21:12:20,5.000882,BARREL,9,2,35,0,0.000000
1771535540,2026-02-19 21:12:20,5.000882,BARREL,57,1,36,61,12.197849
1771535540,2026-02-19 21:12:20,5.000882,BARREL,57,2,37,24,4.799154
1771535540,2026-02-19 21:12:20,5.000882,BARREL,79,1,38,41,8.198554
1771535540,2026-02-19 21:12:20,5.000882,BARREL,79,2,39,77,15.397285
1771535540,2026-02-19 21:12:20,5.000882,BARREL,116,1,40,0,0.000000
1771535540,2026-02-19 21:12:20,5.000882,BARREL,116,2,41,63,12.597778
1771535540,2026-02-19 21:12:20,5.000882,BARREL,13,1,42,0,0.000000
1771535540,2026-02-19 21:12:20,5.000882,BARREL,13,2,43,0,0.000000
1771535540,2026-02-19 21:12:20,5.000882,BARREL,76,1,44,61,12.197849
1771535540,2026-02-19 21:12:20,5.000882,BARREL,76,2,45,47,9.398343
1771535540,2026-02-19 21:12:20,5.000882,BARREL,17,1,46,16,3.199436
1771535540,2026-02-19 21:12:20,5.000882,BARREL,17,2,47,59,11.797919
1771535540,2026-02-19 21:12:20,5.000882,BARREL,125,1,48,59,11.797919
1771535540,2026-02-19 21:12:20,5.000882,BARREL,125,2,49,23,4.599189
1771535540,2026-02-19 21:12:20,5.000882,BARREL,104,1,52,1,0.199965
1771535540,2026-02-19 21:12:20,5.000882,BARREL,104,2,53,456,91.183920
1771535540,2026-02-19 21:12:20,5.000882,BARREL,37,1,64,0,0.000000
1771535540,2026-02-19 21:12:20,5.000882,BARREL,37,2,65,0,0.000000
1771535540,2026-02-19 21:12:20,5.000882,BARREL,70,1,66,50,9.998237
1771535540,2026-02-19 21:12:20,5.000882,BARREL,70,2,67,0,0.000000
1771535540,2026-02-19 21:12:20,5.000882,BARREL,28,1,68,49,9.798272
1771535540,2026-02-19 21:12:20,5.000882,BARREL,28,2,69,60,11.997884
1771535540,2026-02-19 21:12:20,5.000882,BARREL,54,1,70,53,10.598131
1771535540,2026-02-19 21:12:20,5.000882,BARREL,54,2,71,0,0.000000
1771535540,2026-02-19 21:12:20,5.000882,BARREL,25,1,72,64,12.797743
1771535540,2026-02-19 21:12:20,5.000882,BARREL,25,2,73,0,0.000000
1771535540,2026-02-19 21:12:20,5.000882,BARREL,301,1,74,38,7.598660
1771535540,2026-02-19 21:12:20,5.000882,BARREL,301,2,75,70,13.997532
1771535540,2026-02-19 21:12:20,5.000882,BARREL,304,1,76,57,11.397990
1771535540,2026-02-19 21:12:20,5.000882,BARREL,304,2,77,51,10.198202
1771535540,2026-02-19 21:12:20,5.000882,BARREL,22,1,78,1919,383.732329
1771535540,2026-02-19 21:12:20,5.000882,BARREL,22,2,79,62,12.397814
1771535540,2026-02-19 21:12:20,5.000882,BARREL,4,1,80,60,11.997884
1771535540,2026-02-19 21:12:20,5.000882,BARREL,4,2,81,70,13.997532
1771535540,2026-02-19 21:12:20,5.000882,BARREL,12,1,82,59,11.797919
1771535540,2026-02-19 21:12:20,5.000882,BARREL,12,2,83,45,8.998413
1771535540,2026-02-19 21:12:20,5.000882,BARREL,99,1,84,59,11.797919
1771535540,2026-02-19 21:12:20,5.000882,BARREL,99,2,85,0,0.000000
1771535540,2026-02-19 21:12:20,5.000882,BARREL,56,1,86,50,9.998237
1771535540,2026-02-19 21:12:20,5.000882,BARREL,56,2,87,70,13.997532
1771535540,2026-02-19 21:12:20,5.000882,BARREL,122,1,88,29,5.798977
1771535540,2026-02-19 21:12:20,5.000882,BARREL,122,2,89,43,8.598484
1771535540,2026-02-19 21:12:20,5.000882,BARREL,55,1,90,42,8.398519
1771535540,2026-02-19 21:12:20,5.000882,BARREL,55,2,91,9,1.799683
1771535540,2026-02-19 21:12:20,5.000882,BARREL,83,1,92,15,2.999471
1771535540,2026-02-19 21:12:20,5.000882,BARREL,83,2,93,0,0.000000
1771535540,2026-02-19 21:12:20,5.000882,BARREL,97,1,94,11,2.199612
1771535540,2026-02-19 21:12:20,5.000882,BARREL,97,2,95,49,9.798272
1771535540,2026-02-19 21:12:20,5.000882,BARREL,84,1,96,58,11.597955
1771535540,2026-02-19 21:12:20,5.000882,BARREL,84,2,97,40,7.998589
1771535540,2026-02-19 21:12:20,5.000882,BARREL,305,1,98,61,12.197849
1771535540,2026-02-19 21:12:20,5.000882,BARREL,305,2,99,63,12.597778
1771535540,2026-02-19 21:12:20,5.000882,BARREL,2,1,100,41,8.198554
1771535540,2026-02-19 21:12:20,5.000882,BARREL,2,2,101,49,9.798272
1771535540,2026-02-19 21:12:20,5.000882,BARREL,45,1,102,59,11.797919
1771535540,2026-02-19 21:12:20,5.000882,BARREL,45,2,103,25,4.999118
1771535540,2026-02-19 21:12:20,5.000882,BARREL,77,1,-1,0,0.000000
1771535540,2026-02-19 21:12:20,5.000882,BARREL,77,2,-1,0,0.000000
1771535540,2026-02-19 21:12:20,5.000882,BOTTOM,11,1,2,43,8.598484
1771535540,2026-02-19 21:12:20,5.000882,BOTTOM,11,2,3,68,13.597602
1771535540,2026-02-19 21:12:20,5.000882,BOTTOM,38,1,4,166,33.194146
1771535540,2026-02-19 21:12:20,5.000882,BOTTOM,38,2,5,243,48.591431
1771535540,2026-02-19 21:12:20,5.000882,BOTTOM,96,1,6,213,42.592489
1771535540,2026-02-19 21:12:20,5.000882,BOTTOM,96,2,7,570,113.979900
1771535540,2026-02-19 21:12:20,5.000882,BOTTOM,307,1,8,172,34.393935
1771535540,2026-02-19 21:12:20,5.000882,BOTTOM,307,2,9,706,141.175104
1771535540,2026-02-19 21:12:20,5.000882,BOTTOM,52,1,10,99,19.796509
1771535540,2026-02-19 21:12:20,5.000882,BOTTOM,52,2,11,167,33.394111
1771535540,2026-02-19 21:12:20,5.000882,BOTTOM,102,1,12,143,28.594957
1771535540,2026-02-19 21:12:20,5.000882,BOTTOM,102,2,13,301,60.189386
1771535540,2026-02-19 21:12:20,5.000882,BOTTOM,124,2,14,17,3.399401
1771535540,2026-02-19 21:12:20,5.000882,BOTTOM,124,1,15,117,23.395874
1771535540,2026-02-19 21:12:20,5.000882,BOTTOM,48,2,16,285,56.989950
1771535540,2026-02-19 21:12:20,5.000882,BOTTOM,48,1,17,131,26.195380
1771535540,2026-02-19 21:12:20,5.000882,BOTTOM,75,2,18,0,0.000000
1771535540,2026-02-19 21:12:20,5.000882,BOTTOM,75,1,19,12,2.399577
1771535540,2026-02-19 21:12:20,5.000882,BOTTOM,109,2,20,213,42.592489
1771535540,2026-02-19 21:12:20,5.000882,BOTTOM,109,1,21,215,42.992418
1771535540,2026-02-19 21:12:20,5.000882,BOTTOM,123,2,22,41,8.198554
1771535540,2026-02-19 21:12:20,5.000882,BOTTOM,123,1,23,10,1.999647
1771535545,2026-02-19 21:12:25,5.000887,TOP,103,1,63,0,0.000000
1771535545,2026-02-19 21:12:25,5.000887,TOP,103,2,62,0,0.000000
1771535545,2026-02-19 21:12:25,5.000887,TOP,300,1,58,0,0.000000
1771535545,2026-02-19 21:12:25,5.000887,TOP,300,2,59,1,0.199965
1771535545,2026-02-19 21:12:25,5.000887,TOP,80,1,60,195,38.993084
1771535545,2026-02-19 21:12:25,5.000887,TOP,80,2,61,221,44.192162
1771535545,2026-02-19 21:12:25,5.000887,TOP,303,1,50,206,41.192694
1771535545,2026-02-19 21:12:25,5.000887,TOP,303,2,57,121,24.195708
1771535545,2026-02-19 21:12:25,5.000887,TOP,88,1,56,41,8.198546
1771535545,2026-02-19 21:12:25,5.000887,TOP,88,2,54,1,0.199965
1771535545,2026-02-19 21:12:25,5.000887,TOP,30,1,127,0,0.000000
1771535545,2026-02-19 21:12:25,5.000887,TOP,30,2,126,195,38.993084
1771535545,2026-02-19 21:12:25,5.000887,TOP,34,1,106,0,0.000000
1771535545,2026-02-19 21:12:25,5.000887,TOP,34,2,107,0,0.000000
1771535545,2026-02-19 21:12:25,5.000887,TOP,74,1,108,101,20.196418
1771535545,2026-02-19 21:12:25,5.000887,TOP,74,2,110,210,41.992552
1771535545,2026-02-19 21:12:25,5.000887,TOP,47,1,112,17,3.399397
1771535545,2026-02-19 21:12:25,5.000887,TOP,47,2,114,254,50.790991
1771535545,2026-02-19 21:12:25,5.000887,TOP,115,1,116,46,9.198369
1771535545,2026-02-19 21:12:25,5.000887,TOP,115,2,118,211,42.192516
1771535545,2026-02-19 21:12:25,5.000887,TOP,46,1,119,0,0.000000
1771535545,2026-02-19 21:12:25,5.000887,TOP,46,2,117,15,2.999468
1771535545,2026-02-19 21:12:25,5.000887,TOP,167,1,115,131,26.195354
1771535545,2026-02-19 21:12:25,5.000887,TOP,167,2,113,80,15.997163
1771535545,2026-02-19 21:12:25,5.000887,TOP,90,1,111,185,36.993439
1771535545,2026-02-19 21:12:25,5.000887,TOP,90,2,109,6,1.199787
1771535545,2026-02-19 21:12:25,5.000887,TOP,302,1,120,0,0.000000
1771535545,2026-02-19 21:12:25,5.000887,TOP,302,2,121,0,0.000000
1771535545,2026-02-19 21:12:25,5.000887,TOP,62,1,122,0,0.000000
1771535545,2026-02-19 21:12:25,5.000887,TOP,62,2,123,0,0.000000
1771535545,2026-02-19 21:12:25,5.000887,TOP,44,1,124,0,0.000000
1771535545,2026-02-19 21:12:25,5.000887,TOP,44,2,125,0,0.000000
1771535545,2026-02-19 21:12:25,5.000887,TOP,61,1,55,170,33.993971
1771535545,2026-02-19 21:12:25,5.000887,TOP,61,2,51,2,0.399929
1771535545,2026-02-19 21:12:25,5.000887,BARREL,26,1,24,72,14.397446
1771535545,2026-02-19 21:12:25,5.000887,BARREL,26,2,25,47,9.398333
1771535545,2026-02-19 21:12:25,5.000887,BARREL,66,1,26,48,9.598298
1771535545,2026-02-19 21:12:25,5.000887,BARREL,66,2,27,36,7.198723
1771535545,2026-02-19 21:12:25,5.000887,BARREL,10,1,28,57,11.397978
1771535545,2026-02-19 21:12:25,5.000887,BARREL,10,2,29,54,10.798085
1771535545,2026-02-19 21:12:25,5.000887,BARREL,58,1,30,0,0.000000
1771535545,2026-02-19 21:12:25,5.000887,BARREL,58,2,31,0,0.000000
1771535545,2026-02-19 21:12:25,5.000887,BARREL,306,1,32,42,8.398510
1771535545,2026-02-19 21:12:25,5.000887,BARREL,306,2,33,28,5.599007
1771535545,2026-02-19 21:12:25,5.000887,BARREL,9,1,34,30,5.998936
1771535545,2026-02-19 21:12:25,5.000887,BARREL,9,2,35,0,0.000000
1771535545,2026-02-19 21:12:25,5.000887,BARREL,57,1,36,55,10.998049
1771535545,2026-02-19 21:12:25,5.000887,BARREL,57,2,37,11,2.199610
1771535545,2026-02-19 21:12:25,5.000887,BARREL,79,1,38,47,9.398333
1771535545,2026-02-19 21:12:25,5.000887,BARREL,79,2,39,67,13.397624
1771535545,2026-02-19 21:12:25,5.000887,BARREL,116,1,40,0,0.000000
1771535545,2026-02-19 21:12:25,5.000887,BARREL,116,2,41,70,13.997517
1771535545,2026-02-19 21:12:25,5.000887,BARREL,13,1,42,0,0.000000
1771535545,2026-02-19 21:12:25,5.000887,BARREL,13,2,43,0,0.000000
1771535545,2026-02-19 21:12:25,5.000887,BARREL,76,1,44,58,11.597943
1771535545,2026-02-19 21:12:25,5.000887,BARREL,76,2,45,46,9.198369
1771535545,2026-02-19 21:12:25,5.000887,BARREL,17,1,46,22,4.399220
1771535545,2026-02-19 21:12:25,5.000887,BARREL,17,2,47,59,11.797907
1771535545,2026-02-19 21:12:25,5.000887,BARREL,125,1,48,70,13.997517
1771535545,2026-02-19 21:12:25,5.000887,BARREL,125,2,49,18,3.599362
1771535545,2026-02-19 21:12:25,5.000887,BARREL,104,1,52,2,0.399929
1771535545,2026-02-19 21:12:25,5.000887,BARREL,104,2,53,473,94.583224
1771535545,2026-02-19 21:12:25,5.000887,BARREL,37,1,64,0,0.000000
1771535545,2026-02-19 21:12:25,5.000887,BARREL,37,2,65,0,0.000000
1771535545,2026-02-19 21:12:25,5.000887,BARREL,70,1,66,71,14.197482
1771535545,2026-02-19 21:12:25,5.000887,BARREL,70,2,67,0,0.000000
1771535545,2026-02-19 21:12:25,5.000887,BARREL,28,1,68,59,11.797907
1771535545,2026-02-19 21:12:25,5.000887,BARREL,28,2,69,64,12.797730
1771535545,2026-02-19 21:12:25,5.000887,BARREL,54,1,70,38,7.598652
1771535545,2026-02-19 21:12:25,5.000887,BARREL,54,2,71,0,0.000000
1771535545,2026-02-19 21:12:25,5.000887,BARREL,25,1,72,52,10.398156
1771535545,2026-02-19 21:12:25,5.000887,BARREL,25,2,73,0,0.000000
1771535545,2026-02-19 21:12:25,5.000887,BARREL,301,1,74,49,9.798262
1771535545,2026-02-19 21:12:25,5.000887,BARREL,301,2,75,62,12.397801
1771535545,2026-02-19 21:12:25,5.000887,BARREL,304,1,76,48,9.598298
1771535545,2026-02-19 21:12:25,5.000887,BARREL,304,2,77,50,9.998227
1771535545,2026-02-19 21:12:25,5.000887,BARREL,22,1,78,1515,302.946267
1771535545,2026-02-19 21:12:25,5.000887,BARREL,22,2,79,49,9.798262
1771535545,2026-02-19 21:12:25,5.000887,BARREL,4,1,80,57,11.397978
1771535545,2026-02-19 21:12:25,5.000887,BARREL,4,2,81,54,10.798085
1771535545,2026-02-19 21:12:25,5.000887,BARREL,12,1,82,46,9.198369
1771535545,2026-02-19 21:12:25,5.000887,BARREL,12,2,83,45,8.998404
1771535545,2026-02-19 21:12:25,5.000887,BARREL,99,1,84,70,13.997517
1771535545,2026-02-19 21:12:25,5.000887,BARREL,99,2,85,0,0.000000
1771535545,2026-02-19 21:12:25,5.000887,BARREL,56,1,86,45,8.998404
1771535545,2026-02-19 21:12:25,5.000887,BARREL,56,2,87,78,15.597234
1771535545,2026-02-19 21:12:25,5.000887,BARREL,122,1,88,41,8.198546
1771535545,2026-02-19 21:12:25,5.000887,BARREL,122,2,89,40,7.998581
1771535545,2026-02-19 21:12:25,5.000887,BARREL,55,1,90,47,9.398333
1771535545,2026-02-19 21:12:25,5.000887,BARREL,55,2,91,12,2.399574
1771535545,2026-02-19 21:12:25,5.000887,BARREL,83,1,92,16,3.199433
1771535545,2026-02-19 21:12:25,5.000887,BARREL,83,2,93,0,0.000000
1771535545,2026-02-19 21:12:25,5.000887,BARREL,97,1,94,17,3.399397
1771535545,2026-02-19 21:12:25,5.000887,BARREL,97,2,95,48,9.598298
1771535545,2026-02-19 21:12:25,5.000887,BARREL,84,1,96,55,10.998049
1771535545,2026-02-19 21:12:25,5.000887,BARREL,84,2,97,30,5.998936
1771535545,2026-02-19 21:12:25,5.000887,BARREL,305,1,98,48,9.598298
1771535545,2026-02-19 21:12:25,5.000887,BARREL,305,2,99,50,9.998227
1771535545,2026-02-19 21:12:25,5.000887,BARREL,2,1,100,30,5.998936
1771535545,2026-02-19 21:12:25,5.000887,BARREL,2,2,101,63,12.597766
1771535545,2026-02-19 21:12:25,5.000887,BARREL,45,1,102,46,9.198369
1771535545,2026-02-19 21:12:25,5.000887,BARREL,45,2,103,35,6.998759
1771535545,2026-02-19 21:12:25,5.000887,BARREL,77,1,-1,0,0.000000
1771535545,2026-02-19 21:12:25,5.000887,BARREL,77,2,-1,0,0.000000
1771535545,2026-02-19 21:12:25,5.000887,BOTTOM,11,1,2,42,8.398510
1771535545,2026-02-19 21:12:25,5.000887,BOTTOM,11,2,3,62,12.397801
1771535545,2026-02-19 21:12:25,5.000887,BOTTOM,38,1,4,183,36.593510
1771535545,2026-02-19 21:12:25,5.000887,BOTTOM,38,2,5,259,51.790814
1771535545,2026-02-19 21:12:25,5.000887,BOTTOM,96,1,6,212,42.392481
1771535545,2026-02-19 21:12:25,5.000887,BOTTOM,96,2,7,565,112.979961
1771535545,2026-02-19 21:12:25,5.000887,BOTTOM,307,1,8,132,26.395318
1771535545,2026-02-19 21:12:25,5.000887,BOTTOM,307,2,9,718,143.574535
1771535545,2026-02-19 21:12:25,5.000887,BOTTOM,52,1,10,101,20.196418
1771535545,2026-02-19 21:12:25,5.000887,BOTTOM,52,2,11,209,41.792587
1771535545,2026-02-19 21:12:25,5.000887,BOTTOM,102,1,12,140,27.995035
1771535545,2026-02-19 21:12:25,5.000887,BOTTOM,102,2,13,298,59.589431
1771535545,2026-02-19 21:12:25,5.000887,BOTTOM,124,2,14,24,4.799149
1771535545,2026-02-19 21:12:25,5.000887,BOTTOM,124,1,15,105,20.996276
1771535545,2026-02-19 21:12:25,5.000887,BOTTOM,48,2,16,266,53.190566
1771535545,2026-02-19 21:12:25,5.000887,BOTTOM,48,1,17,130,25.995389
1771535545,2026-02-19 21:12:25,5.000887,BOTTOM,75,2,18,0,0.000000
1771535545,2026-02-19 21:12:25,5.000887,BOTTOM,75,1,19,10,1.999645
1771535545,2026-02-19 21:12:25,5.000887,BOTTOM,109,2,20,183,36.593510
1771535545,2026-02-19 21:12:25,5.000887,BOTTOM,109,1,21,170,33.993971
1771535545,2026-02-19 21:12:25,5.000887,BOTTOM,123,2,22,35,6.998759
1771535545,2026-02-19 21:12:25,5.000887,BOTTOM,123,1,23,15,2.999468
1771535550,2026-02-19 21:12:30,5.000888,TOP,103,1,63,0,0.000000
1771535550,2026-02-19 21:12:30,5.000888,TOP,103,2,62,0,0.000000
1771535550,2026-02-19 21:12:30,5.000888,TOP,300,1,58,0,0.000000
1771535550,2026-02-19 21:12:30,5.000888,TOP,300,2,59,0,0.000000
1771535550,2026-02-19 21:12:30,5.000888,TOP,80,1,60,219,43.792226
1771535550,2026-02-19 21:12:30,5.000888,TOP,80,2,61,180,35.993611
1771535550,2026-02-19 21:12:30,5.000888,TOP,303,1,50,228,45.591907
1771535550,2026-02-19 21:12:30,5.000888,TOP,303,2,57,105,20.996273
1771535550,2026-02-19 21:12:30,5.000888,TOP,88,1,56,36,7.198722
1771535550,2026-02-19 21:12:30,5.000888,TOP,88,2,54,3,0.599894
1771535550,2026-02-19 21:12:30,5.000888,TOP,30,1,127,0,0.000000
1771535550,2026-02-19 21:12:30,5.000888,TOP,30,2,126,175,34.993788
1771535550,2026-02-19 21:12:30,5.000888,TOP,34,1,106,0,0.000000
1771535550,2026-02-19 21:12:30,5.000888,TOP,34,2,107,0,0.000000
1771535550,2026-02-19 21:12:30,5.000888,TOP,74,1,108,108,21.596166
1771535550,2026-02-19 21:12:30,5.000888,TOP,74,2,110,197,39.393007
1771535550,2026-02-19 21:12:30,5.000888,TOP,47,1,112,12,2.399574
1771535550,2026-02-19 21:12:30,5.000888,TOP,47,2,114,230,45.991836
1771535550,2026-02-19 21:12:30,5.000888,TOP,115,1,116,49,9.798261
1771535550,2026-02-19 21:12:30,5.000888,TOP,115,2,118,231,46.191800
1771535550,2026-02-19 21:12:30,5.000888,TOP,46,1,119,0,0.000000
1771535550,2026-02-19 21:12:30,5.000888,TOP,46,2,117,14,2.799503
1771535550,2026-02-19 21:12:30,5.000888,TOP,167,1,115,114,22.795953
1771535550,2026-02-19 21:12:30,5.000888,TOP,167,2,113,80,15.997160
1771535550,2026-02-19 21:12:30,5.000888,TOP,90,1,111,195,38.993078
1771535550,2026-02-19 21:12:30,5.000888,TOP,90,2,109,7,1.399752
1771535550,2026-02-19 21:12:30,5.000888,TOP,302,1,120,0,0.000000
1771535550,2026-02-19 21:12:30,5.000888,TOP,302,2,121,0,0.000000
1771535550,2026-02-19 21:12:30,5.000888,TOP,62,1,122,0,0.000000
1771535550,2026-02-19 21:12:30,5.000888,TOP,62,2,123,0,0.000000
1771535550,2026-02-19 21:12:30,5.000888,TOP,44,1,124,0,0.000000
1771535550,2026-02-19 21:12:30,5.000888,TOP,44,2,125,0,0.000000
1771535550,2026-02-19 21:12:30,5.000888,TOP,61,1,55,161,32.194285
1771535550,2026-02-19 21:12:30,5.000888,TOP,61,2,51,0,0.000000
1771535550,2026-02-19 21:12:30,5.000888,BARREL,26,1,24,59,11.797906
1771535550,2026-02-19 21:12:30,5.000888,BARREL,26,2,25,45,8.998403
1771535550,2026-02-19 21:12:30,5.000888,BARREL,66,1,26,58,11.597941
1771535550,2026-02-19 21:12:30,5.000888,BARREL,66,2,27,29,5.798971
1771535550,2026-02-19 21:12:30,5.000888,BARREL,10,1,28,53,10.598119
1771535550,2026-02-19 21:12:30,5.000888,BARREL,10,2,29,42,8.398509
1771535550,2026-02-19 21:12:30,5.000888,BARREL,58,1,30,0,0.000000
1771535550,2026-02-19 21:12:30,5.000888,BARREL,58,2,31,0,0.000000
1771535550,2026-02-19 21:12:30,5.000888,BARREL,306,1,32,57,11.397977
1771535550,2026-02-19 21:12:30,5.000888,BARREL,306,2,33,34,6.798793
1771535550,2026-02-19 21:12:30,5.000888,BARREL,9,1,34,35,6.998758
1771535550,2026-02-19 21:12:30,5.000888,BARREL,9,2,35,0,0.000000
1771535550,2026-02-19 21:12:30,5.000888,BARREL,57,1,36,48,9.598296
1771535550,2026-02-19 21:12:30,5.000888,BARREL,57,2,37,19,3.799326
1771535550,2026-02-19 21:12:30,5.000888,BARREL,79,1,38,41,8.198545
1771535550,2026-02-19 21:12:30,5.000888,BARREL,79,2,39,73,14.597409
1771535550,2026-02-19 21:12:30,5.000888,BARREL,116,1,40,0,0.000000
1771535550,2026-02-19 21:12:30,5.000888,BARREL,116,2,41,63,12.597764
1771535550,2026-02-19 21:12:30,5.000888,BARREL,13,1,42,0,0.000000
1771535550,2026-02-19 21:12:30,5.000888,BARREL,13,2,43,0,0.000000
1771535550,2026-02-19 21:12:30,5.000888,BARREL,76,1,44,61,12.197835
1771535550,2026-02-19 21:12:30,5.000888,BARREL,76,2,45,49,9.798261
1771535550,2026-02-19 21:12:30,5.000888,BARREL,17,1,46,24,4.799148
1771535550,2026-02-19 21:12:30,5.000888,BARREL,17,2,47,63,12.597764
1771535550,2026-02-19 21:12:30,5.000888,BARREL,125,1,48,60,11.997870
1771535550,2026-02-19 21:12:30,5.000888,BARREL,125,2,49,33,6.598829
1771535550,2026-02-19 21:12:30,5.000888,BARREL,104,1,52,0,0.000000
1771535550,2026-02-19 21:12:30,5.000888,BARREL,104,2,53,448,89.584098
1771535550,2026-02-19 21:12:30,5.000888,BARREL,37,1,64,0,0.000000
1771535550,2026-02-19 21:12:30,5.000888,BARREL,37,2,65,0,0.000000
1771535550,2026-02-19 21:12:30,5.000888,BARREL,70,1,66,42,8.398509
1771535550,2026-02-19 21:12:30,5.000888,BARREL,70,2,67,0,0.000000
1771535550,2026-02-19 21:12:30,5.000888,BARREL,28,1,68,48,9.598296
1771535550,2026-02-19 21:12:30,5.000888,BARREL,28,2,69,70,13.997515
1771535550,2026-02-19 21:12:30,5.000888,BARREL,54,1,70,49,9.798261
1771535550,2026-02-19 21:12:30,5.000888,BARREL,54,2,71,0,0.000000
1771535550,2026-02-19 21:12:30,5.000888,BARREL,25,1,72,46,9.198367
1771535550,2026-02-19 21:12:30,5.000888,BARREL,25,2,73,0,0.000000
1771535550,2026-02-19 21:12:30,5.000888,BARREL,301,1,74,36,7.198722
1771535550,2026-02-19 21:12:30,5.000888,BARREL,301,2,75,50,9.998225
1771535550,2026-02-19 21:12:30,5.000888,BARREL,304,1,76,58,11.597941
1771535550,2026-02-19 21:12:30,5.000888,BARREL,304,2,77,47,9.398332
1771535550,2026-02-19 21:12:30,5.000888,BARREL,22,1,78,1983,396.529610
1771535550,2026-02-19 21:12:30,5.000888,BARREL,22,2,79,64,12.797728
1771535550,2026-02-19 21:12:30,5.000888,BARREL,4,1,80,57,11.397977
1771535550,2026-02-19 21:12:30,5.000888,BARREL,4,2,81,67,13.397622
1771535550,2026-02-19 21:12:30,5.000888,BARREL,12,1,82,61,12.197835
1771535550,2026-02-19 21:12:30,5.000888,BARREL,12,2,83,44,8.798438
1771535550,2026-02-19 21:12:30,5.000888,BARREL,99,1,84,69,13.797551
1771535550,2026-02-19 21:12:30,5.000888,BARREL,99,2,85,0,0.000000
1771535550,2026-02-19 21:12:30,5.000888,BARREL,56,1,86,65,12.997693
1771535550,2026-02-19 21:12:30,5.000888,BARREL,56,2,87,61,12.197835
1771535550,2026-02-19 21:12:30,5.000888,BARREL,122,1,88,39,7.798616
1771535550,2026-02-19 21:12:30,5.000888,BARREL,122,2,89,51,10.198190
1771535550,2026-02-19 21:12:30,5.000888,BARREL,55,1,90,56,11.198012
1771535550,2026-02-19 21:12:30,5.000888,BARREL,55,2,91,12,2.399574
1771535550,2026-02-19 21:12:30,5.000888,BARREL,83,1,92,7,1.399752
1771535550,2026-02-19 21:12:30,5.000888,BARREL,83,2,93,0,0.000000
1771535550,2026-02-19 21:12:30,5.000888,BARREL,97,1,94,9,1.799681
1771535550,2026-02-19 21:12:30,5.000888,BARREL,97,2,95,50,9.998225
1771535550,2026-02-19 21:12:30,5.000888,BARREL,84,1,96,44,8.798438
1771535550,2026-02-19 21:12:30,5.000888,BARREL,84,2,97,28,5.599006
1771535550,2026-02-19 21:12:30,5.000888,BARREL,305,1,98,58,11.597941
1771535550,2026-02-19 21:12:30,5.000888,BARREL,305,2,99,46,9.198367
1771535550,2026-02-19 21:12:30,5.000888,BARREL,2,1,100,24,4.799148
1771535550,2026-02-19 21:12:30,5.000888,BARREL,2,2,101,73,14.597409
1771535550,2026-02-19 21:12:30,5.000888,BARREL,45,1,102,50,9.998225
1771535550,2026-02-19 21:12:30,5.000888,BARREL,45,2,103,42,8.398509
1771535550,2026-02-19 21:12:30,5.000888,BARREL,77,1,-1,0,0.000000
1771535550,2026-02-19 21:12:30,5.000888,BARREL,77,2,-1,0,0.000000
1771535550,2026-02-19 21:12:30,5.000888,BOTTOM,11,1,2,50,9.998225
1771535550,2026-02-19 21:12:30,5.000888,BOTTOM,11,2,3,88,17.596876
1771535550,2026-02-19 21:12:30,5.000888,BOTTOM,38,1,4,158,31.594392
1771535550,2026-02-19 21:12:30,5.000888,BOTTOM,38,2,5,214,42.792404
1771535550,2026-02-19 21:12:30,5.000888,BOTTOM,96,1,6,213,42.592439
1771535550,2026-02-19 21:12:30,5.000888,BOTTOM,96,2,7,611,122.178312
1771535550,2026-02-19 21:12:30,5.000888,BOTTOM,307,1,8,138,27.595101
1771535550,2026-02-19 21:12:30,5.000888,BOTTOM,307,2,9,701,140.175117
1771535550,2026-02-19 21:12:30,5.000888,BOTTOM,52,1,10,108,21.596166
1771535550,2026-02-19 21:12:30,5.000888,BOTTOM,52,2,11,169,33.794001
1771535550,2026-02-19 21:12:30,5.000888,BOTTOM,102,1,12,139,27.795066
1771535550,2026-02-19 21:12:30,5.000888,BOTTOM,102,2,13,282,56.389990
1771535550,2026-02-19 21:12:30,5.000888,BOTTOM,124,2,14,21,4.199255
1771535550,2026-02-19 21:12:30,5.000888,BOTTOM,124,1,15,109,21.796131
1771535550,2026-02-19 21:12:30,5.000888,BOTTOM,48,2,16,256,51.190913
1771535550,2026-02-19 21:12:30,5.000888,BOTTOM,48,1,17,138,27.595101
1771535550,2026-02-19 21:12:30,5.000888,BOTTOM,75,2,18,0,0.000000
1771535550,2026-02-19 21:12:30,5.000888,BOTTOM,75,1,19,9,1.799681
1771535550,2026-02-19 21:12:30,5.000888,BOTTOM,109,2,20,165,32.994143
1771535550,2026-02-19 21:12:30,5.000888,BOTTOM,109,1,21,218,43.592262
1771535550,2026-02-19 21:12:30,5.000888,BOTTOM,123,2,22,38,7.598651
1771535550,2026-02-19 21:12:30,5.000888,BOTTOM,123,1,23,12,2.399574
1771535555,2026-02-19 21:12:35,5.002991,TOP,103,1,63,0,0.000000
1771535555,2026-02-19 21:12:35,5.002991,TOP,103,2,62,0,0.000000
1771535555,2026-02-19 21:12:35,5.002991,TOP,300,1,58,0,0.000000
1771535555,2026-02-19 21:12:35,5.002991,TOP,300,2,59,0,0.000000
1771535555,2026-02-19 21:12:35,5.002991,TOP,80,1,60,193,38.576921
1771535555,2026-02-19 21:12:35,5.002991,TOP,80,2,61,179,35.778595
1771535555,2026-02-19 21:12:35,5.002991,TOP,303,1,50,205,40.975486
1771535555,2026-02-19 21:12:35,5.002991,TOP,303,2,57,109,21.786966
1771535555,2026-02-19 21:12:35,5.002991,TOP,88,1,56,43,8.594858
1771535555,2026-02-19 21:12:35,5.002991,TOP,88,2,54,4,0.799522
1771535555,2026-02-19 21:12:35,5.002991,TOP,30,1,127,0,0.000000
1771535555,2026-02-19 21:12:35,5.002991,TOP,30,2,126,198,39.576323
1771535555,2026-02-19 21:12:35,5.002991,TOP,34,1,106,0,0.000000
1771535555,2026-02-19 21:12:35,5.002991,TOP,34,2,107,0,0.000000
1771535555,2026-02-19 21:12:35,5.002991,TOP,74,1,108,99,19.788162
1771535555,2026-02-19 21:12:35,5.002991,TOP,74,2,110,222,44.373453
1771535555,2026-02-19 21:12:35,5.002991,TOP,47,1,112,27,5.396771
1771535555,2026-02-19 21:12:35,5.002991,TOP,47,2,114,205,40.975486
1771535555,2026-02-19 21:12:35,5.002991,TOP,115,1,116,49,9.794141
1771535555,2026-02-19 21:12:35,5.002991,TOP,115,2,118,254,50.769627
1771535555,2026-02-19 21:12:35,5.002991,TOP,46,1,119,0,0.000000
1771535555,2026-02-19 21:12:35,5.002991,TOP,46,2,117,7,1.399163
1771535555,2026-02-19 21:12:35,5.002991,TOP,167,1,115,107,21.387205
1771535555,2026-02-19 21:12:35,5.002991,TOP,167,2,113,80,15.990434
1771535555,2026-02-19 21:12:35,5.002991,TOP,90,1,111,235,46.971899
1771535555,2026-02-19 21:12:35,5.002991,TOP,90,2,109,9,1.798924
1771535555,2026-02-19 21:12:35,5.002991,TOP,302,1,120,0,0.000000
1771535555,2026-02-19 21:12:35,5.002991,TOP,302,2,121,0,0.000000
1771535555,2026-02-19 21:12:35,5.002991,TOP,62,1,122,0,0.000000
1771535555,2026-02-19 21:12:35,5.002991,TOP,62,2,123,0,0.000000
1771535555,2026-02-19 21:12:35,5.002991,TOP,44,1,124,0,0.000000
1771535555,2026-02-19 21:12:35,5.002991,TOP,44,2,125,0,0.000000
1771535555,2026-02-19 21:12:35,5.002991,TOP,61,1,55,165,32.980269
1771535555,2026-02-19 21:12:35,5.002991,TOP,61,2,51,1,0.199880
1771535555,2026-02-19 21:12:35,5.002991,BARREL,26,1,24,45,8.994619
1771535555,2026-02-19 21:12:35,5.002991,BARREL,26,2,25,49,9.794141
1771535555,2026-02-19 21:12:35,5.002991,BARREL,66,1,26,53,10.593662
1771535555,2026-02-19 21:12:35,5.002991,BARREL,66,2,27,33,6.596054
1771535555,2026-02-19 21:12:35,5.002991,BARREL,10,1,28,50,9.994021
1771535555,2026-02-19 21:12:35,5.002991,BARREL,10,2,29,38,7.595456
1771535555,2026-02-19 21:12:35,5.002991,BARREL,58,1,30,0,0.000000
1771535555,2026-02-19 21:12:35,5.002991,BARREL,58,2,31,0,0.000000
1771535555,2026-02-19 21:12:35,5.002991,BARREL,306,1,32,57,11.393184
1771535555,2026-02-19 21:12:35,5.002991,BARREL,306,2,33,38,7.595456
1771535555,2026-02-19 21:12:35,5.002991,BARREL,9,1,34,31,6.196293
1771535555,2026-02-19 21:12:35,5.002991,BARREL,9,2,35,0,0.000000
1771535555,2026-02-19 21:12:35,5.002991,BARREL,57,1,36,45,8.994619
1771535555,2026-02-19 21:12:35,5.002991,BARREL,57,2,37,15,2.998206
1771535555,2026-02-19 21:12:35,5.002991,BARREL,79,1,38,41,8.195097
1771535555,2026-02-19 21:12:35,5.002991,BARREL,79,2,39,66,13.192108
1771535555,2026-02-19 21:12:35,5.002991,BARREL,116,1,40,0,0.000000
1771535555,2026-02-19 21:12:35,5.002991,BARREL,116,2,41,54,10.793543
1771535555,2026-02-19 21:12:35,5.002991,BARREL,13,1,42,0,0.000000
1771535555,2026-02-19 21:12:35,5.002991,BARREL,13,2,43,0,0.000000
1771535555,2026-02-19 21:12:35,5.002991,BARREL,76,1,44,71,14.191510
1771535555,2026-02-19 21:12:35,5.002991,BARREL,76,2,45,35,6.995815
1771535555,2026-02-19 21:12:35,5.002991,BARREL,17,1,46,16,3.198087
1771535555,2026-02-19 21:12:35,5.002991,BARREL,17,2,47,41,8.195097
1771535555,2026-02-19 21:12:35,5.002991,BARREL,125,1,48,63,12.592466
1771535555,2026-02-19 21:12:35,5.002991,BARREL,125,2,49,23,4.597250
1771535555,2026-02-19 21:12:35,5.002991,BARREL,104,1,52,0,0.000000
1771535555,2026-02-19 21:12:35,5.002991,BARREL,104,2,53,472,94.343558
1771535555,2026-02-19 21:12:35,5.002991,BARREL,37,1,64,0,0.000000
1771535555,2026-02-19 21:12:35,5.002991,BARREL,37,2,65,0,0.000000
1771535555,2026-02-19 21:12:35,5.002991,BARREL,70,1,66,45,8.994619
1771535555,2026-02-19 21:12:35,5.002991,BARREL,70,2,67,0,0.000000
1771535555,2026-02-19 21:12:35,5.002991,BARREL,28,1,68,49,9.794141
1771535555,2026-02-19 21:12:35,5.002991,BARREL,28,2,69,67,13.391988
1771535555,2026-02-19 21:12:35,5.002991,BARREL,54,1,70,28,5.596652
1771535555,2026-02-19 21:12:35,5.002991,BARREL,54,2,71,0,0.000000
1771535555,2026-02-19 21:12:35,5.002991,BARREL,25,1,72,60,11.992825
1771535555,2026-02-19 21:12:35,5.002991,BARREL,25,2,73,0,0.000000
1771535555,2026-02-19 21:12:35,5.002991,BARREL,301,1,74,40,7.995217
1771535555,2026-02-19 21:12:35,5.002991,BARREL,301,2,75,50,9.994021
1771535555,2026-02-19 21:12:35,5.002991,BARREL,304,1,76,56,11.193304
1771535555,2026-02-19 21:12:35,5.002991,BARREL,304,2,77,51,10.193901
1771535555,2026-02-19 21:12:35,5.002991,BARREL,22,1,78,1580,315.811063
1771535555,2026-02-19 21:12:35,5.002991,BARREL,22,2,79,51,10.193901
1771535555,2026-02-19 21:12:35,5.002991,BARREL,4,1,80,50,9.994021
1771535555,2026-02-19 21:12:35,5.002991,BARREL,4,2,81,62,12.392586
1771535555,2026-02-19 21:12:35,5.002991,BARREL,12,1,82,58,11.593064
1771535555,2026-02-19 21:12:35,5.002991,BARREL,12,2,83,62,12.392586
1771535555,2026-02-19 21:12:35,5.002991,BARREL,99,1,84,75,14.991031
1771535555,2026-02-19 21:12:35,5.002991,BARREL,99,2,85,0,0.000000
1771535555,2026-02-19 21:12:35,5.002991,BARREL,56,1,86,42,8.394978
1771535555,2026-02-19 21:12:35,5.002991,BARREL,56,2,87,70,13.991629
1771535555,2026-02-19 21:12:35,5.002991,BARREL,122,1,88,50,9.994021
1771535555,2026-02-19 21:12:35,5.002991,BARREL,122,2,89,67,13.391988
1771535555,2026-02-19 21:12:35,5.002991,BARREL,55,1,90,54,10.793543
1771535555,2026-02-19 21:12:35,5.002991,BARREL,55,2,91,10,1.998804
1771535555,2026-02-19 21:12:35,5.002991,BARREL,83,1,92,19,3.797728
1771535555,2026-02-19 21:12:35,5.002991,BARREL,83,2,93,0,0.000000
1771535555,2026-02-19 21:12:35,5.002991,BARREL,97,1,94,7,1.399163
1771535555,2026-02-19 21:12:35,5.002991,BARREL,97,2,95,46,9.194499
1771535555,2026-02-19 21:12:35,5.002991,BARREL,84,1,96,64,12.792347
1771535555,2026-02-19 21:12:35,5.002991,BARREL,84,2,97,31,6.196293
1771535555,2026-02-19 21:12:35,5.002991,BARREL,305,1,98,67,13.391988
1771535555,2026-02-19 21:12:35,5.002991,BARREL,305,2,99,48,9.594260
1771535555,2026-02-19 21:12:35,5.002991,BARREL,2,1,100,32,6.396173
1771535555,2026-02-19 21:12:35,5.002991,BARREL,2,2,101,40,7.995217
1771535555,2026-02-19 21:12:35,5.002991,BARREL,45,1,102,52,10.393782
1771535555,2026-02-19 21:12:35,5.002991,BARREL,45,2,103,27,5.396771
1771535555,2026-02-19 21:12:35,5.002991,BARREL,77,1,-1,0,0.000000
1771535555,2026-02-19 21:12:35,5.002991,BARREL,77,2,-1,0,0.000000
1771535555,2026-02-19 21:12:35,5.002991,BOTTOM,11,1,2,51,10.193901
1771535555,2026-02-19 21:12:35,5.002991,BOTTOM,11,2,3,77,15.390792
1771535555,2026-02-19 21:12:35,5.002991,BOTTOM,38,1,4,157,31.381226
1771535555,2026-02-19 21:12:35,5.002991,BOTTOM,38,2,5,228,45.572736
1771535555,2026-02-19 21:12:35,5.002991,BOTTOM,96,1,6,216,43.174171
1771535555,2026-02-19 21:12:35,5.002991,BOTTOM,96,2,7,544,108.734948
1771535555,2026-02-19 21:12:35,5.002991,BOTTOM,307,1,8,163,32.580508
1771535555,2026-02-19 21:12:35,5.002991,BOTTOM,307,2,9,767,153.308282
1771535555,2026-02-19 21:12:35,5.002991,BOTTOM,52,1,10,127,25.384813
1771535555,2026-02-19 21:12:35,5.002991,BOTTOM,52,2,11,185,36.977878
1771535555,2026-02-19 21:12:35,5.002991,BOTTOM,102,1,12,129,25.784574
1771535555,2026-02-19 21:12:35,5.002991,BOTTOM,102,2,13,310,61.962930
1771535555,2026-02-19 21:12:35,5.002991,BOTTOM,124,2,14,17,3.397967
1771535555,2026-02-19 21:12:35,5.002991,BOTTOM,124,1,15,117,23.386009
1771535555,2026-02-19 21:12:35,5.002991,BOTTOM,48,2,16,216,43.174171
1771535555,2026-02-19 21:12:35,5.002991,BOTTOM,48,1,17,132,26.384215
1771535555,2026-02-19 21:12:35,5.002991,BOTTOM,75,2,18,0,0.000000
1771535555,2026-02-19 21:12:35,5.002991,BOTTOM,75,1,19,9,1.798924
1771535555,2026-02-19 21:12:35,5.002991,BOTTOM,109,2,20,152,30.381824
1771535555,2026-02-19 21:12:35,5.002991,BOTTOM,109,1,21,208,41.575127
1771535555,2026-02-19 21:12:35,5.002991,BOTTOM,123,2,22,36,7.195695
1771535555,2026-02-19 21:12:35,5.002991,BOTTOM,123,1,23,7,1.399163
1771535560,2026-02-19 21:12:40,5.000907,TOP,103,1,63,0,0.000000
1771535560,2026-02-19 21:12:40,5.000907,TOP,103,2,62,0,0.000000
1771535560,2026-02-19 21:12:40,5.000907,TOP,300,1,58,0,0.000000
1771535560,2026-02-19 21:12:40,5.000907,TOP,300,2,59,0,0.000000
1771535560,2026-02-19 21:12:40,5.000907,TOP,80,1,60,218,43.592095
1771535560,2026-02-19 21:12:40,5.000907,TOP,80,2,61,213,42.592277
1771535560,2026-02-19 21:12:40,5.000907,TOP,303,1,50,210,41.992385
1771535560,2026-02-19 21:12:40,5.000907,TOP,303,2,57,109,21.796048
1771535560,2026-02-19 21:12:40,5.000907,TOP,88,1,56,33,6.598803
1771535560,2026-02-19 21:12:40,5.000907,TOP,88,2,54,0,0.000000
1771535560,2026-02-19 21:12:40,5.000907,TOP,30,1,127,0,0.000000
1771535560,2026-02-19 21:12:40,5.000907,TOP,30,2,126,178,35.593546
1771535560,2026-02-19 21:12:40,5.000907,TOP,34,1,106,0,0.000000
1771535560,2026-02-19 21:12:40,5.000907,TOP,34,2,107,0,0.000000
1771535560,2026-02-19 21:12:40,5.000907,TOP,74,1,108,92,18.396664
1771535560,2026-02-19 21:12:40,5.000907,TOP,74,2,110,205,40.992567
1771535560,2026-02-19 21:12:40,5.000907,TOP,47,1,112,16,3.199420
1771535560,2026-02-19 21:12:40,5.000907,TOP,47,2,114,227,45.391769
1771535560,2026-02-19 21:12:40,5.000907,TOP,115,1,116,42,8.398477
1771535560,2026-02-19 21:12:40,5.000907,TOP,115,2,118,231,46.191624
1771535560,2026-02-19 21:12:40,5.000907,TOP,46,1,119,0,0.000000
1771535560,2026-02-19 21:12:40,5.000907,TOP,46,2,117,12,2.399565
1771535560,2026-02-19 21:12:40,5.000907,TOP,167,1,115,126,25.195431
1771535560,2026-02-19 21:12:40,5.000907,TOP,167,2,113,77,15.397208
1771535560,2026-02-19 21:12:40,5.000907,TOP,90,1,111,210,41.992385
1771535560,2026-02-19 21:12:40,5.000907,TOP,90,2,109,10,1.999637
1771535560,2026-02-19 21:12:40,5.000907,TOP,302,1,120,0,0.000000
1771535560,2026-02-19 21:12:40,5.000907,TOP,302,2,121,0,0.000000
1771535560,2026-02-19 21:12:40,5.000907,TOP,62,1,122,0,0.000000
1771535560,2026-02-19 21:12:40,5.000907,TOP,62,2,123,0,0.000000
1771535560,2026-02-19 21:12:40,5.000907,TOP,44,1,124,0,0.000000
1771535560,2026-02-19 21:12:40,5.000907,TOP,44,2,125,0,0.000000
1771535560,2026-02-19 21:12:40,5.000907,TOP,61,1,55,166,33.193981
1771535560,2026-02-19 21:12:40,5.000907,TOP,61,2,51,0,0.000000
1771535560,2026-02-19 21:12:40,5.000907,BARREL,26,1,24,63,12.597716
1771535560,2026-02-19 21:12:40,5.000907,BARREL,26,2,25,42,8.398477
1771535560,2026-02-19 21:12:40,5.000907,BARREL,66,1,26,66,13.197607
1771535560,2026-02-19 21:12:40,5.000907,BARREL,66,2,27,42,8.398477
1771535560,2026-02-19 21:12:40,5.000907,BARREL,10,1,28,55,10.998006
1771535560,2026-02-19 21:12:40,5.000907,BARREL,10,2,29,41,8.198513
1771535560,2026-02-19 21:12:40,5.000907,BARREL,58,1,30,0,0.000000
1771535560,2026-02-19 21:12:40,5.000907,BARREL,58,2,31,0,0.000000
1771535560,2026-02-19 21:12:40,5.000907,BARREL,306,1,32,45,8.998368
1771535560,2026-02-19 21:12:40,5.000907,BARREL,306,2,33,34,6.798767
1771535560,2026-02-19 21:12:40,5.000907,BARREL,9,1,34,36,7.198695
1771535560,2026-02-19 21:12:40,5.000907,BARREL,9,2,35,0,0.000000
1771535560,2026-02-19 21:12:40,5.000907,BARREL,57,1,36,56,11.197969
1771535560,2026-02-19 21:12:40,5.000907,BARREL,57,2,37,25,4.999093
1771535560,2026-02-19 21:12:40,5.000907,BARREL,79,1,38,40,7.998550
1771535560,2026-02-19 21:12:40,5.000907,BARREL,79,2,39,51,10.198151
1771535560,2026-02-19 21:12:40,5.000907,BARREL,116,1,40,0,0.000000
1771535560,2026-02-19 21:12:40,5.000907,BARREL,116,2,41,55,10.998006
1771535560,2026-02-19 21:12:40,5.000907,BARREL,13,1,42,0,0.000000
1771535560,2026-02-19 21:12:40,5.000907,BARREL,13,2,43,0,0.000000
1771535560,2026-02-19 21:12:40,5.000907,BARREL,76,1,44,61,12.197788
1771535560,2026-02-19 21:12:40,5.000907,BARREL,76,2,45,36,7.198695
1771535560,2026-02-19 21:12:40,5.000907,BARREL,17,1,46,20,3.999275
1771535560,2026-02-19 21:12:40,5.000907,BARREL,17,2,47,34,6.798767
1771535560,2026-02-19 21:12:40,5.000907,BARREL,125,1,48,51,10.198151
1771535560,2026-02-19 21:12:40,5.000907,BARREL,125,2,49,23,4.599166
1771535560,2026-02-19 21:12:40,5.000907,BARREL,104,1,52,0,0.000000
1771535560,2026-02-19 21:12:40,5.000907,BARREL,104,2,53,456,91.183465
1771535560,2026-02-19 21:12:40,5.000907,BARREL,37,1,64,0,0.000000
1771535560,2026-02-19 21:12:40,5.000907,BARREL,37,2,65,0,0.000000
1771535560,2026-02-19 21:12:40,5.000907,BARREL,70,1,66,42,8.398477
1771535560,2026-02-19 21:12:40,5.000907,BARREL,70,2,67,0,0.000000
1771535560,2026-02-19 21:12:40,5.000907,BARREL,28,1,68,51,10.198151
1771535560,2026-02-19 21:12:40,5.000907,BARREL,28,2,69,70,13.997462
1771535560,2026-02-19 21:12:40,5.000907,BARREL,54,1,70,55,10.998006
1771535560,2026-02-19 21:12:40,5.000907,BARREL,54,2,71,0,0.000000
1771535560,2026-02-19 21:12:40,5.000907,BARREL,25,1,72,64,12.797679
1771535560,2026-02-19 21:12:40,5.000907,BARREL,25,2,73,0,0.000000
1771535560,2026-02-19 21:12:40,5.000907,BARREL,301,1,74,47,9.398296
1771535560,2026-02-19 21:12:40,5.000907,BARREL,301,2,75,58,11.597897
1771535560,2026-02-19 21:12:40,5.000907,BARREL,304,1,76,65,12.997643
1771535560,2026-02-19 21:12:40,5.000907,BARREL,304,2,77,44,8.798405
1771535560,2026-02-19 21:12:40,5.000907,BARREL,22,1,78,1579,315.742745
1771535560,2026-02-19 21:12:40,5.000907,BARREL,22,2,79,51,10.198151
1771535560,2026-02-19 21:12:40,5.000907,BARREL,4,1,80,51,10.198151
1771535560,2026-02-19 21:12:40,5.000907,BARREL,4,2,81,66,13.197607
1771535560,2026-02-19 21:12:40,5.000907,BARREL,12,1,82,53,10.598078
1771535560,2026-02-19 21:12:40,5.000907,BARREL,12,2,83,43,8.598441
1771535560,2026-02-19 21:12:40,5.000907,BARREL,99,1,84,56,11.197969
1771535560,2026-02-19 21:12:40,5.000907,BARREL,99,2,85,0,0.000000
1771535560,2026-02-19 21:12:40,5.000907,BARREL,56,1,86,54,10.798042
1771535560,2026-02-19 21:12:40,5.000907,BARREL,56,2,87,60,11.997824
1771535560,2026-02-19 21:12:40,5.000907,BARREL,122,1,88,31,6.198876
1771535560,2026-02-19 21:12:40,5.000907,BARREL,122,2,89,65,12.997643
1771535560,2026-02-19 21:12:40,5.000907,BARREL,55,1,90,50,9.998187
1771535560,2026-02-19 21:12:40,5.000907,BARREL,55,2,91,13,2.599529
1771535560,2026-02-19 21:12:40,5.000907,BARREL,83,1,92,17,3.399384
1771535560,2026-02-19 21:12:40,5.000907,BARREL,83,2,93,0,0.000000
1771535560,2026-02-19 21:12:40,5.000907,BARREL,97,1,94,7,1.399746
1771535560,2026-02-19 21:12:40,5.000907,BARREL,97,2,95,65,12.997643
1771535560,2026-02-19 21:12:40,5.000907,BARREL,84,1,96,52,10.398114
1771535560,2026-02-19 21:12:40,5.000907,BARREL,84,2,97,40,7.998550
1771535560,2026-02-19 21:12:40,5.000907,BARREL,305,1,98,65,12.997643
1771535560,2026-02-19 21:12:40,5.000907,BARREL,305,2,99,40,7.998550
1771535560,2026-02-19 21:12:40,5.000907,BARREL,2,1,100,26,5.199057
1771535560,2026-02-19 21:12:40,5.000907,BARREL,2,2,101,44,8.798405
1771535560,2026-02-19 21:12:40,5.000907,BARREL,45,1,102,45,8.998368
1771535560,2026-02-19 21:12:40,5.000907,BARREL,45,2,103,24,4.799130
1771535560,2026-02-19 21:12:40,5.000907,BARREL,77,1,-1,0,0.000000
1771535560,2026-02-19 21:12:40,5.000907,BARREL,77,2,-1,0,0.000000
1771535560,2026-02-19 21:12:40,5.000907,BOTTOM,11,1,2,43,8.598441
1771535560,2026-02-19 21:12:40,5.000907,BOTTOM,11,2,3,61,12.197788
1771535560,2026-02-19 21:12:40,5.000907,BOTTOM,38,1,4,158,31.594271
1771535560,2026-02-19 21:12:40,5.000907,BOTTOM,38,2,5,231,46.191624
1771535560,2026-02-19 21:12:40,5.000907,BOTTOM,96,1,6,209,41.792422
1771535560,2026-02-19 21:12:40,5.000907,BOTTOM,96,2,7,547,109.380166
1771535560,2026-02-19 21:12:40,5.000907,BOTTOM,307,1,8,140,27.994924
1771535560,2026-02-19 21:12:40,5.000907,BOTTOM,307,2,9,740,147.973167
1771535560,2026-02-19 21:12:40,5.000907,BOTTOM,52,1,10,93,18.596628
1771535560,2026-02-19 21:12:40,5.000907,BOTTOM,52,2,11,196,39.192893
1771535560,2026-02-19 21:12:40,5.000907,BOTTOM,102,1,12,136,27.195069
1771535560,2026-02-19 21:12:40,5.000907,BOTTOM,102,2,13,330,65.988034
1771535560,2026-02-19 21:12:40,5.000907,BOTTOM,124,2,14,14,2.799492
1771535560,2026-02-19 21:12:40,5.000907,BOTTOM,124,1,15,114,22.795866
1771535560,2026-02-19 21:12:40,5.000907,BOTTOM,48,2,16,238,47.591370
1771535560,2026-02-19 21:12:40,5.000907,BOTTOM,48,1,17,148,29.594633
1771535560,2026-02-19 21:12:40,5.000907,BOTTOM,75,2,18,0,0.000000
1771535560,2026-02-19 21:12:40,5.000907,BOTTOM,75,1,19,14,2.799492
1771535560,2026-02-19 21:12:40,5.000907,BOTTOM,109,2,20,160,31.994198
1771535560,2026-02-19 21:12:40,5.000907,BOTTOM,109,1,21,188,37.593183
1771535560,2026-02-19 21:12:40,5.000907,BOTTOM,123,2,22,43,8.598441
1771535560,2026-02-19 21:12:40,5.000907,BOTTOM,123,1,23,17,3.399384
1771535565,2026-02-19 21:12:45,5.000962,TOP,103,1,63,0,0.000000
1771535565,2026-02-19 21:12:45,5.000962,TOP,103,2,62,0,0.000000
1771535565,2026-02-19 21:12:45,5.000962,TOP,300,1,58,0,0.000000
1771535565,2026-02-19 21:12:45,5.000962,TOP,300,2,59,0,0.000000
1771535565,2026-02-19 21:12:45,5.000962,TOP,80,1,60,213,42.591808
1771535565,2026-02-19 21:12:45,5.000962,TOP,80,2,61,241,48.190731
1771535565,2026-02-19 21:12:45,5.000962,TOP,303,1,50,219,43.791577
1771535565,2026-02-19 21:12:45,5.000962,TOP,303,2,57,120,23.995385
1771535565,2026-02-19 21:12:45,5.000962,TOP,88,1,56,39,7.798500
1771535565,2026-02-19 21:12:45,5.000962,TOP,88,2,54,3,0.599885
1771535565,2026-02-19 21:12:45,5.000962,TOP,30,1,127,0,0.000000
1771535565,2026-02-19 21:12:45,5.000962,TOP,30,2,126,204,40.792154
1771535565,2026-02-19 21:12:45,5.000962,TOP,34,1,106,0,0.000000
1771535565,2026-02-19 21:12:45,5.000962,TOP,34,2,107,0,0.000000
1771535565,2026-02-19 21:12:45,5.000962,TOP,74,1,108,96,19.196308
1771535565,2026-02-19 21:12:45,5.000962,TOP,74,2,110,194,38.792539
1771535565,2026-02-19 21:12:45,5.000962,TOP,47,1,112,15,2.999423
1771535565,2026-02-19 21:12:45,5.000962,TOP,47,2,114,216,43.191693
1771535565,2026-02-19 21:12:45,5.000962,TOP,115,1,116,54,10.797923
1771535565,2026-02-19 21:12:45,5.000962,TOP,115,2,118,208,41.592000
1771535565,2026-02-19 21:12:45,5.000962,TOP,46,1,119,0,0.000000
1771535565,2026-02-19 21:12:45,5.000962,TOP,46,2,117,9,1.799654
1771535565,2026-02-19 21:12:45,5.000962,TOP,167,1,115,134,26.794846
1771535565,2026-02-19 21:12:45,5.000962,TOP,167,2,113,100,19.996154
1771535565,2026-02-19 21:12:45,5.000962,TOP,90,1,111,210,41.991924
1771535565,2026-02-19 21:12:45,5.000962,TOP,90,2,109,8,1.599692
1771535565,2026-02-19 21:12:45,5.000962,TOP,302,1,120,0,0.000000
1771535565,2026-02-19 21:12:45,5.000962,TOP,302,2,121,0,0.000000
1771535565,2026-02-19 21:12:45,5.000962,TOP,62,1,122,0,0.000000
1771535565,2026-02-19 21:12:45,5.000962,TOP,62,2,123,0,0.000000
1771535565,2026-02-19 21:12:45,5.000962,TOP,44,1,124,0,0.000000
1771535565,2026-02-19 21:12:45,5.000962,TOP,44,2,125,0,0.000000
1771535565,2026-02-19 21:12:45,5.000962,TOP,61,1,55,169,33.793500
1771535565,2026-02-19 21:12:45,5.000962,TOP,61,2,51,0,0.000000
1771535565,2026-02-19 21:12:45,5.000962,BARREL,26,1,24,61,12.197654
1771535565,2026-02-19 21:12:45,5.000962,BARREL,26,2,25,51,10.198039
1771535565,2026-02-19 21:12:45,5.000962,BARREL,66,1,26,71,14.197269
1771535565,2026-02-19 21:12:45,5.000962,BARREL,66,2,27,41,8.198423
1771535565,2026-02-19 21:12:45,5.000962,BARREL,10,1,28,52,10.398000
1771535565,2026-02-19 21:12:45,5.000962,BARREL,10,2,29,52,10.398000
1771535565,2026-02-19 21:12:45,5.000962,BARREL,58,1,30,0,0.000000
1771535565,2026-02-19 21:12:45,5.000962,BARREL,58,2,31,0,0.000000
1771535565,2026-02-19 21:12:45,5.000962,BARREL,306,1,32,50,9.998077
1771535565,2026-02-19 21:12:45,5.000962,BARREL,306,2,33,24,4.799077
1771535565,2026-02-19 21:12:45,5.000962,BARREL,9,1,34,44,8.798308
1771535565,2026-02-19 21:12:45,5.000962,BARREL,9,2,35,0,0.000000
1771535565,2026-02-19 21:12:45,5.000962,BARREL,57,1,36,55,10.997885
1771535565,2026-02-19 21:12:45,5.000962,BARREL,57,2,37,19,3.799269
1771535565,2026-02-19 21:12:45,5.000962,BARREL,79,1,38,41,8.198423
1771535565,2026-02-19 21:12:45,5.000962,BARREL,79,2,39,67,13.397423
1771535565,2026-02-19 21:12:45,5.000962,BARREL,116,1,40,0,0.000000
1771535565,2026-02-19 21:12:45,5.000962,BARREL,116,2,41,48,9.598154
1771535565,2026-02-19 21:12:45,5.000962,BARREL,13,1,42,0,0.000000
1771535565,2026-02-19 21:12:45,5.000962,BARREL,13,2,43,0,0.000000
1771535565,2026-02-19 21:12:45,5.000962,BARREL,76,1,44,63,12.597577
1771535565,2026-02-19 21:12:45,5.000962,BARREL,76,2,45,48,9.598154
1771535565,2026-02-19 21:12:45,5.000962,BARREL,17,1,46,16,3.199385
1771535565,2026-02-19 21:12:45,5.000962,BARREL,17,2,47,50,9.998077
1771535565,2026-02-19 21:12:45,5.000962,BARREL,125,1,48,44,8.798308
1771535565,2026-02-19 21:12:45,5.000962,BARREL,125,2,49,19,3.799269
1771535565,2026-02-19 21:12:45,5.000962,BARREL,104,1,52,0,0.000000
1771535565,2026-02-19 21:12:45,5.000962,BARREL,104,2,53,467,93.382040
1771535565,2026-02-19 21:12:45,5.000962,BARREL,37,1,64,0,0.000000
1771535565,2026-02-19 21:12:45,5.000962,BARREL,37,2,65,0,0.000000
1771535565,2026-02-19 21:12:45,5.000962,BARREL,70,1,66,52,10.398000
1771535565,2026-02-19 21:12:45,5.000962,BARREL,70,2,67,0,0.000000
1771535565,2026-02-19 21:12:45,5.000962,BARREL,28,1,68,55,10.997885
1771535565,2026-02-19 21:12:45,5.000962,BARREL,28,2,69,63,12.597577
1771535565,2026-02-19 21:12:45,5.000962,BARREL,54,1,70,45,8.998269
1771535565,2026-02-19 21:12:45,5.000962,BARREL,54,2,71,0,0.000000
1771535565,2026-02-19 21:12:45,5.000962,BARREL,25,1,72,53,10.597962
1771535565,2026-02-19 21:12:45,5.000962,BARREL,25,2,73,0,0.000000
1771535565,2026-02-19 21:12:45,5.000962,BARREL,301,1,74,62,12.397616
1771535565,2026-02-19 21:12:45,5.000962,BARREL,301,2,75,57,11.397808
1771535565,2026-02-19 21:12:45,5.000962,BARREL,304,1,76,60,11.997692
1771535565,2026-02-19 21:12:45,5.000962,BARREL,304,2,77,43,8.598346
1771535565,2026-02-19 21:12:45,5.000962,BARREL,22,1,78,2194,438.715620
1771535565,2026-02-19 21:12:45,5.000962,BARREL,22,2,79,71,14.197269
1771535565,2026-02-19 21:12:45,5.000962,BARREL,4,1,80,64,12.797539
1771535565,2026-02-19 21:12:45,5.000962,BARREL,4,2,81,77,15.397039
1771535565,2026-02-19 21:12:45,5.000962,BARREL,12,1,82,53,10.597962
1771535565,2026-02-19 21:12:45,5.000962,BARREL,12,2,83,58,11.597769
1771535565,2026-02-19 21:12:45,5.000962,BARREL,99,1,84,79,15.796962
1771535565,2026-02-19 21:12:45,5.000962,BARREL,99,2,85,0,0.000000
1771535565,2026-02-19 21:12:45,5.000962,BARREL,56,1,86,66,13.197462
1771535565,2026-02-19 21:12:45,5.000962,BARREL,56,2,87,63,12.597577
1771535565,2026-02-19 21:12:45,5.000962,BARREL,122,1,88,38,7.598539
1771535565,2026-02-19 21:12:45,5.000962,BARREL,122,2,89,48,9.598154
1771535565,2026-02-19 21:12:45,5.000962,BARREL,55,1,90,44,8.798308
1771535565,2026-02-19 21:12:45,5.000962,BARREL,55,2,91,10,1.999615
1771535565,2026-02-19 21:12:45,5.000962,BARREL,83,1,92,14,2.799462
1771535565,2026-02-19 21:12:45,5.000962,BARREL,83,2,93,0,0.000000
1771535565,2026-02-19 21:12:45,5.000962,BARREL,97,1,94,5,0.999808
1771535565,2026-02-19 21:12:45,5.000962,BARREL,97,2,95,56,11.197846
1771535565,2026-02-19 21:12:45,5.000962,BARREL,84,1,96,60,11.997692
1771535565,2026-02-19 21:12:45,5.000962,BARREL,84,2,97,25,4.999039
1771535565,2026-02-19 21:12:45,5.000962,BARREL,305,1,98,58,11.597769
1771535565,2026-02-19 21:12:45,5.000962,BARREL,305,2,99,33,6.598731
1771535565,2026-02-19 21:12:45,5.000962,BARREL,2,1,100,28,5.598923
1771535565,2026-02-19 21:12:45,5.000962,BARREL,2,2,101,49,9.798115
1771535565,2026-02-19 21:12:45,5.000962,BARREL,45,1,102,62,12.397616
1771535565,2026-02-19 21:12:45,5.000962,BARREL,45,2,103,30,5.998846
1771535565,2026-02-19 21:12:45,5.000962,BARREL,77,1,-1,0,0.000000
1771535565,2026-02-19 21:12:45,5.000962,BARREL,77,2,-1,0,0.000000
1771535565,2026-02-19 21:12:45,5.000962,BOTTOM,11,1,2,47,9.398192
1771535565,2026-02-19 21:12:45,5.000962,BOTTOM,11,2,3,67,13.397423
1771535565,2026-02-19 21:12:45,5.000962,BOTTOM,38,1,4,173,34.593347
1771535565,2026-02-19 21:12:45,5.000962,BOTTOM,38,2,5,222,44.391462
1771535565,2026-02-19 21:12:45,5.000962,BOTTOM,96,1,6,201,40.192270
1771535565,2026-02-19 21:12:45,5.000962,BOTTOM,96,2,7,594,118.777155
1771535565,2026-02-19 21:12:45,5.000962,BOTTOM,307,1,8,162,32.393770
1771535565,2026-02-19 21:12:45,5.000962,BOTTOM,307,2,9,690,137.973463
1771535565,2026-02-19 21:12:45,5.000962,BOTTOM,52,1,10,134,26.794846
1771535565,2026-02-19 21:12:45,5.000962,BOTTOM,52,2,11,180,35.993077
1771535565,2026-02-19 21:12:45,5.000962,BOTTOM,102,1,12,131,26.194962
1771535565,2026-02-19 21:12:45,5.000962,BOTTOM,102,2,13,304,60.788308
1771535565,2026-02-19 21:12:45,5.000962,BOTTOM,124,2,14,17,3.399346
1771535565,2026-02-19 21:12:45,5.000962,BOTTOM,124,1,15,114,22.795616
1771535565,2026-02-19 21:12:45,5.000962,BOTTOM,48,2,16,249,49.790424
1771535565,2026-02-19 21:12:45,5.000962,BOTTOM,48,1,17,123,24.595270
1771535565,2026-02-19 21:12:45,5.000962,BOTTOM,75,2,18,0,0.000000
1771535565,2026-02-19 21:12:45,5.000962,BOTTOM,75,1,19,11,2.199577
1771535565,2026-02-19 21:12:45,5.000962,BOTTOM,109,2,20,178,35.593154
1771535565,2026-02-19 21:12:45,5.000962,BOTTOM,109,1,21,225,44.991347
1771535565,2026-02-19 21:12:45,5.000962,BOTTOM,123,2,22,42,8.398385
1771535565,2026-02-19 21:12:45,5.000962,BOTTOM,123,1,23,13,2.599500
1771535570,2026-02-19 21:12:50,5.000909,TOP,103,1,63,0,0.000000
1771535570,2026-02-19 21:12:50,5.000909,TOP,103,2,62,0,0.000000
1771535570,2026-02-19 21:12:50,5.000909,TOP,300,1,58,0,0.000000
1771535570,2026-02-19 21:12:50,5.000909,TOP,300,2,59,0,0.000000
1771535570,2026-02-19 21:12:50,5.000909,TOP,80,1,60,206,41.192512
1771535570,2026-02-19 21:12:50,5.000909,TOP,80,2,61,186,37.193239
1771535570,2026-02-19 21:12:50,5.000909,TOP,303,1,50,214,42.792221
1771535570,2026-02-19 21:12:50,5.000909,TOP,303,2,57,102,20.396292
1771535570,2026-02-19 21:12:50,5.000909,TOP,88,1,56,30,5.998910
1771535570,2026-02-19 21:12:50,5.000909,TOP,88,2,54,5,0.999818
1771535570,2026-02-19 21:12:50,5.000909,TOP,30,1,127,0,0.000000
1771535570,2026-02-19 21:12:50,5.000909,TOP,30,2,126,168,33.593893
1771535570,2026-02-19 21:12:50,5.000909,TOP,34,1,106,0,0.000000
1771535570,2026-02-19 21:12:50,5.000909,TOP,34,2,107,0,0.000000
1771535570,2026-02-19 21:12:50,5.000909,TOP,74,1,108,82,16.397019
1771535570,2026-02-19 21:12:50,5.000909,TOP,74,2,110,204,40.792585
1771535570,2026-02-19 21:12:50,5.000909,TOP,47,1,112,15,2.999455
1771535570,2026-02-19 21:12:50,5.000909,TOP,47,2,114,208,41.592439
1771535570,2026-02-19 21:12:50,5.000909,TOP,115,1,116,32,6.398837
1771535570,2026-02-19 21:12:50,5.000909,TOP,115,2,118,190,37.993094
1771535570,2026-02-19 21:12:50,5.000909,TOP,46,1,119,0,0.000000
1771535570,2026-02-19 21:12:50,5.000909,TOP,46,2,117,7,1.399746
1771535570,2026-02-19 21:12:50,5.000909,TOP,167,1,115,111,22.195965
1771535570,2026-02-19 21:12:50,5.000909,TOP,167,2,113,83,16.596983
1771535570,2026-02-19 21:12:50,5.000909,TOP,90,1,111,228,45.591712
1771535570,2026-02-19 21:12:50,5.000909,TOP,90,2,109,8,1.599709
1771535570,2026-02-19 21:12:50,5.000909,TOP,302,1,120,0,0.000000
1771535570,2026-02-19 21:12:50,5.000909,TOP,302,2,121,0,0.000000
1771535570,2026-02-19 21:12:50,5.000909,TOP,62,1,122,0,0.000000
1771535570,2026-02-19 21:12:50,5.000909,TOP,62,2,123,0,0.000000
1771535570,2026-02-19 21:12:50,5.000909,TOP,44,1,124,0,0.000000
1771535570,2026-02-19 21:12:50,5.000909,TOP,44,2,125,0,0.000000
1771535570,2026-02-19 21:12:50,5.000909,TOP,61,1,55,155,30.994366
1771535570,2026-02-19 21:12:50,5.000909,TOP,61,2,51,0,0.000000
1771535570,2026-02-19 21:12:50,5.000909,BARREL,26,1,24,54,10.798037
1771535570,2026-02-19 21:12:50,5.000909,BARREL,26,2,25,32,6.398837
1771535570,2026-02-19 21:12:50,5.000909,BARREL,66,1,26,56,11.197964
1771535570,2026-02-19 21:12:50,5.000909,BARREL,66,2,27,21,4.199237
1771535570,2026-02-19 21:12:50,5.000909,BARREL,10,1,28,71,14.197419
1771535570,2026-02-19 21:12:50,5.000909,BARREL,10,2,29,53,10.598073
1771535570,2026-02-19 21:12:50,5.000909,BARREL,58,1,30,0,0.000000
1771535570,2026-02-19 21:12:50,5.000909,BARREL,58,2,31,0,0.000000
1771535570,2026-02-19 21:12:50,5.000909,BARREL,306,1,32,33,6.598800
1771535570,2026-02-19 21:12:50,5.000909,BARREL,306,2,33,33,6.598800
1771535570,2026-02-19 21:12:50,5.000909,BARREL,9,1,34,25,4.999091
1771535570,2026-02-19 21:12:50,5.000909,BARREL,9,2,35,0,0.000000
1771535570,2026-02-19 21:12:50,5.000909,BARREL,57,1,36,50,9.998183
1771535570,2026-02-19 21:12:50,5.000909,BARREL,57,2,37,19,3.799309
1771535570,2026-02-19 21:12:50,5.000909,BARREL,79,1,38,37,7.398655
1771535570,2026-02-19 21:12:50,5.000909,BARREL,79,2,39,65,12.997637
1771535570,2026-02-19 21:12:50,5.000909,BARREL,116,1,40,0,0.000000
1771535570,2026-02-19 21:12:50,5.000909,BARREL,116,2,41,73,14.597346
1771535570,2026-02-19 21:12:50,5.000909,BARREL,13,1,42,0,0.000000
1771535570,2026-02-19 21:12:50,5.000909,BARREL,13,2,43,0,0.000000
1771535570,2026-02-19 21:12:50,5.000909,BARREL,76,1,44,73,14.597346
1771535570,2026-02-19 21:12:50,5.000909,BARREL,76,2,45,39,7.798582
1771535570,2026-02-19 21:12:50,5.000909,BARREL,17,1,46,34,6.798764
1771535570,2026-02-19 21:12:50,5.000909,BARREL,17,2,47,52,10.398110
1771535570,2026-02-19 21:12:50,5.000909,BARREL,125,1,48,53,10.598073
1771535570,2026-02-19 21:12:50,5.000909,BARREL,125,2,49,19,3.799309
1771535570,2026-02-19 21:12:50,5.000909,BARREL,104,1,52,1,0.199964
1771535570,2026-02-19 21:12:50,5.000909,BARREL,104,2,53,438,87.584079
1771535570,2026-02-19 21:12:50,5.000909,BARREL,37,1,64,0,0.000000
1771535570,2026-02-19 21:12:50,5.000909,BARREL,37,2,65,0,0.000000
1771535570,2026-02-19 21:12:50,5.000909,BARREL,70,1,66,55,10.998001
1771535570,2026-02-19 21:12:50,5.000909,BARREL,70,2,67,0,0.000000
1771535570,2026-02-19 21:12:50,5.000909,BARREL,28,1,68,45,8.998364
1771535570,2026-02-19 21:12:50,5.000909,BARREL,28,2,69,73,14.597346
1771535570,2026-02-19 21:12:50,5.000909,BARREL,54,1,70,47,9.398292
1771535570,2026-02-19 21:12:50,5.000909,BARREL,54,2,71,0,0.000000
1771535570,2026-02-19 21:12:50,5.000909,BARREL,25,1,72,57,11.397928
1771535570,2026-02-19 21:12:50,5.000909,BARREL,25,2,73,0,0.000000
1771535570,2026-02-19 21:12:50,5.000909,BARREL,301,1,74,52,10.398110
1771535570,2026-02-19 21:12:50,5.000909,BARREL,301,2,75,63,12.597710
1771535570,2026-02-19 21:12:50,5.000909,BARREL,304,1,76,59,11.797855
1771535570,2026-02-19 21:12:50,5.000909,BARREL,304,2,77,57,11.397928
1771535570,2026-02-19 21:12:50,5.000909,BARREL,22,1,78,1703,340.538097
1771535570,2026-02-19 21:12:50,5.000909,BARREL,22,2,79,55,10.998001
1771535570,2026-02-19 21:12:50,5.000909,BARREL,4,1,80,45,8.998364
1771535570,2026-02-19 21:12:50,5.000909,BARREL,4,2,81,60,11.997819
1771535570,2026-02-19 21:12:50,5.000909,BARREL,12,1,82,45,8.998364
1771535570,2026-02-19 21:12:50,5.000909,BARREL,12,2,83,51,10.198146
1771535570,2026-02-19 21:12:50,5.000909,BARREL,99,1,84,60,11.997819
1771535570,2026-02-19 21:12:50,5.000909,BARREL,99,2,85,0,0.000000
1771535570,2026-02-19 21:12:50,5.000909,BARREL,56,1,86,45,8.998364
1771535570,2026-02-19 21:12:50,5.000909,BARREL,56,2,87,72,14.397383
1771535570,2026-02-19 21:12:50,5.000909,BARREL,122,1,88,38,7.598619
1771535570,2026-02-19 21:12:50,5.000909,BARREL,122,2,89,48,9.598255
1771535570,2026-02-19 21:12:50,5.000909,BARREL,55,1,90,50,9.998183
1771535570,2026-02-19 21:12:50,5.000909,BARREL,55,2,91,4,0.799855
1771535570,2026-02-19 21:12:50,5.000909,BARREL,83,1,92,12,2.399564
1771535570,2026-02-19 21:12:50,5.000909,BARREL,83,2,93,0,0.000000
1771535570,2026-02-19 21:12:50,5.000909,BARREL,97,1,94,7,1.399746
1771535570,2026-02-19 21:12:50,5.000909,BARREL,97,2,95,43,8.598437
1771535570,2026-02-19 21:12:50,5.000909,BARREL,84,1,96,46,9.198328
1771535570,2026-02-19 21:12:50,5.000909,BARREL,84,2,97,37,7.398655
1771535570,2026-02-19 21:12:50,5.000909,BARREL,305,1,98,74,14.797310
1771535570,2026-02-19 21:12:50,5.000909,BARREL,305,2,99,49,9.798219
1771535570,2026-02-19 21:12:50,5.000909,BARREL,2,1,100,27,5.399019
1771535570,2026-02-19 21:12:50,5.000909,BARREL,2,2,101,53,10.598073
1771535570,2026-02-19 21:12:50,5.000909,BARREL,45,1,102,59,11.797855
1771535570,2026-02-19 21:12:50,5.000909,BARREL,45,2,103,36,7.198691
1771535570,2026-02-19 21:12:50,5.000909,BARREL,77,1,-1,0,0.000000
1771535570,2026-02-19 21:12:50,5.000909,BARREL,77,2,-1,0,0.000000
1771535570,2026-02-19 21:12:50,5.000909,BOTTOM,11,1,2,37,7.398655
1771535570,2026-02-19 21:12:50,5.000909,BOTTOM,11,2,3,67,13.397565
1771535570,2026-02-19 21:12:50,5.000909,BOTTOM,38,1,4,174,34.793675
1771535570,2026-02-19 21:12:50,5.000909,BOTTOM,38,2,5,226,45.191785
1771535570,2026-02-19 21:12:50,5.000909,BOTTOM,96,1,6,208,41.592439
1771535570,2026-02-19 21:12:50,5.000909,BOTTOM,96,2,7,901,180.167249
1771535570,2026-02-19 21:12:50,5.000909,BOTTOM,307,1,8,151,30.194511
1771535570,2026-02-19 21:12:50,5.000909,BOTTOM,307,2,9,686,137.175064
1771535570,2026-02-19 21:12:50,5.000909,BOTTOM,52,1,10,118,23.595711
1771535570,2026-02-19 21:12:50,5.000909,BOTTOM,52,2,11,192,38.393021
1771535570,2026-02-19 21:12:50,5.000909,BOTTOM,102,1,12,111,22.195965
1771535570,2026-02-19 21:12:50,5.000909,BOTTOM,102,2,13,293,58.589350
1771535570,2026-02-19 21:12:50,5.000909,BOTTOM,124,2,14,10,1.999637
1771535570,2026-02-19 21:12:50,5.000909,BOTTOM,124,1,15,92,18.396656
1771535570,2026-02-19 21:12:50,5.000909,BOTTOM,48,2,16,273,54.590077
1771535570,2026-02-19 21:12:50,5.000909,BOTTOM,48,1,17,143,28.594802
1771535570,2026-02-19 21:12:50,5.000909,BOTTOM,75,2,18,0,0.000000
1771535570,2026-02-19 21:12:50,5.000909,BOTTOM,75,1,19,8,1.599709
1771535570,2026-02-19 21:12:50,5.000909,BOTTOM,109,2,20,170,33.993821
1771535570,2026-02-19 21:12:50,5.000909,BOTTOM,109,1,21,198,39.592803
1771535570,2026-02-19 21:12:50,5.000909,BOTTOM,123,2,22,47,9.398292
1771535570,2026-02-19 21:12:50,5.000909,BOTTOM,123,1,23,11,2.199600
1771535575,2026-02-19 21:12:55,5.002706,TOP,103,1,63,0,0.000000
1771535575,2026-02-19 21:12:55,5.002706,TOP,103,2,62,0,0.000000
1771535575,2026-02-19 21:12:55,5.002706,TOP,300,1,58,0,0.000000
1771535575,2026-02-19 21:12:55,5.002706,TOP,300,2,59,0,0.000000
1771535575,2026-02-19 21:12:55,5.002706,TOP,80,1,60,206,41.177717
1771535575,2026-02-19 21:12:55,5.002706,TOP,80,2,61,218,43.576419
1771535575,2026-02-19 21:12:55,5.002706,TOP,303,1,50,241,48.173931
1771535575,2026-02-19 21:12:55,5.002706,TOP,303,2,57,109,21.788209
1771535575,2026-02-19 21:12:55,5.002706,TOP,88,1,56,32,6.396539
1771535575,2026-02-19 21:12:55,5.002706,TOP,88,2,54,6,1.199351
1771535575,2026-02-19 21:12:55,5.002706,TOP,30,1,127,0,0.000000
1771535575,2026-02-19 21:12:55,5.002706,TOP,30,2,126,195,38.978907
1771535575,2026-02-19 21:12:55,5.002706,TOP,34,1,106,0,0.000000
1771535575,2026-02-19 21:12:55,5.002706,TOP,34,2,107,0,0.000000
1771535575,2026-02-19 21:12:55,5.002706,TOP,74,1,108,91,18.190157
1771535575,2026-02-19 21:12:55,5.002706,TOP,74,2,110,191,38.179340
1771535575,2026-02-19 21:12:55,5.002706,TOP,47,1,112,13,2.598594
1771535575,2026-02-19 21:12:55,5.002706,TOP,47,2,114,226,45.175554
1771535575,2026-02-19 21:12:55,5.002706,TOP,115,1,116,50,9.994592
1771535575,2026-02-19 21:12:55,5.002706,TOP,115,2,118,213,42.576960
1771535575,2026-02-19 21:12:55,5.002706,TOP,46,1,119,0,0.000000
1771535575,2026-02-19 21:12:55,5.002706,TOP,46,2,117,13,2.598594
1771535575,2026-02-19 21:12:55,5.002706,TOP,167,1,115,133,26.585613
1771535575,2026-02-19 21:12:55,5.002706,TOP,167,2,113,90,17.990265
1771535575,2026-02-19 21:12:55,5.002706,TOP,90,1,111,207,41.377609
1771535575,2026-02-19 21:12:55,5.002706,TOP,90,2,109,10,1.998918
1771535575,2026-02-19 21:12:55,5.002706,TOP,302,1,120,0,0.000000
1771535575,2026-02-19 21:12:55,5.002706,TOP,302,2,121,0,0.000000
1771535575,2026-02-19 21:12:55,5.002706,TOP,62,1,122,0,0.000000
1771535575,2026-02-19 21:12:55,5.002706,TOP,62,2,123,0,0.000000
1771535575,2026-02-19 21:12:55,5.002706,TOP,44,1,124,0,0.000000
1771535575,2026-02-19 21:12:55,5.002706,TOP,44,2,125,0,0.000000
1771535575,2026-02-19 21:12:55,5.002706,TOP,61,1,55,162,32.382476
1771535575,2026-02-19 21:12:55,5.002706,TOP,61,2,51,1,0.199892
1771535575,2026-02-19 21:12:55,5.002706,BARREL,26,1,24,58,11.593726
1771535575,2026-02-19 21:12:55,5.002706,BARREL,26,2,25,56,11.193942
1771535575,2026-02-19 21:12:55,5.002706,BARREL,66,1,26,59,11.793618
1771535575,2026-02-19 21:12:55,5.002706,BARREL,66,2,27,32,6.396539
1771535575,2026-02-19 21:12:55,5.002706,BARREL,10,1,28,60,11.993510
1771535575,2026-02-19 21:12:55,5.002706,BARREL,10,2,29,46,9.195024
1771535575,2026-02-19 21:12:55,5.002706,BARREL,58,1,30,0,0.000000
1771535575,2026-02-19 21:12:55,5.002706,BARREL,58,2,31,0,0.000000
1771535575,2026-02-19 21:12:55,5.002706,BARREL,306,1,32,49,9.794700
1771535575,2026-02-19 21:12:55,5.002706,BARREL,306,2,33,37,7.395998
1771535575,2026-02-19 21:12:55,5.002706,BARREL,9,1,34,44,8.795241
1771535575,2026-02-19 21:12:55,5.002706,BARREL,9,2,35,0,0.000000
1771535575,2026-02-19 21:12:55,5.002706,BARREL,57,1,36,50,9.994592
1771535575,2026-02-19 21:12:55,5.002706,BARREL,57,2,37,15,2.998377
1771535575,2026-02-19 21:12:55,5.002706,BARREL,79,1,38,44,8.795241
1771535575,2026-02-19 21:12:55,5.002706,BARREL,79,2,39,53,10.594267
1771535575,2026-02-19 21:12:55,5.002706,BARREL,116,1,40,0,0.000000
1771535575,2026-02-19 21:12:55,5.002706,BARREL,116,2,41,57,11.393834
1771535575,2026-02-19 21:12:55,5.002706,BARREL,13,1,42,0,0.000000
1771535575,2026-02-19 21:12:55,5.002706,BARREL,13,2,43,0,0.000000
1771535575,2026-02-19 21:12:55,5.002706,BARREL,76,1,44,55,10.994051
1771535575,2026-02-19 21:12:55,5.002706,BARREL,76,2,45,37,7.395998
1771535575,2026-02-19 21:12:55,5.002706,BARREL,17,1,46,18,3.598053
1771535575,2026-02-19 21:12:55,5.002706,BARREL,17,2,47,41,8.195565
1771535575,2026-02-19 21:12:55,5.002706,BARREL,125,1,48,56,11.193942
1771535575,2026-02-19 21:12:55,5.002706,BARREL,125,2,49,26,5.197188
1771535575,2026-02-19 21:12:55,5.002706,BARREL,104,1,52,1,0.199892
1771535575,2026-02-19 21:12:55,5.002706,BARREL,104,2,53,448,89.551540
1771535575,2026-02-19 21:12:55,5.002706,BARREL,37,1,64,0,0.000000
1771535575,2026-02-19 21:12:55,5.002706,BARREL,37,2,65,0,0.000000
1771535575,2026-02-19 21:12:55,5.002706,BARREL,70,1,66,61,12.193402
1771535575,2026-02-19 21:12:55,5.002706,BARREL,70,2,67,0,0.000000
1771535575,2026-02-19 21:12:55,5.002706,BARREL,28,1,68,57,11.393834
1771535575,2026-02-19 21:12:55,5.002706,BARREL,28,2,69,64,12.793077
1771535575,2026-02-19 21:12:55,5.002706,BARREL,54,1,70,46,9.195024
1771535575,2026-02-19 21:12:55,5.002706,BARREL,54,2,71,0,0.000000
1771535575,2026-02-19 21:12:55,5.002706,BARREL,25,1,72,61,12.193402
1771535575,2026-02-19 21:12:55,5.002706,BARREL,25,2,73,0,0.000000
1771535575,2026-02-19 21:12:55,5.002706,BARREL,301,1,74,52,10.394375
1771535575,2026-02-19 21:12:55,5.002706,BARREL,301,2,75,72,14.392212
1771535575,2026-02-19 21:12:55,5.002706,BARREL,304,1,76,58,11.593726
1771535575,2026-02-19 21:12:55,5.002706,BARREL,304,2,77,54,10.794159
1771535575,2026-02-19 21:12:55,5.002706,BARREL,22,1,78,2011,401.982470
1771535575,2026-02-19 21:12:55,5.002706,BARREL,22,2,79,65,12.992969
1771535575,2026-02-19 21:12:55,5.002706,BARREL,4,1,80,64,12.793077
1771535575,2026-02-19 21:12:55,5.002706,BARREL,4,2,81,70,13.992428
1771535575,2026-02-19 21:12:55,5.002706,BARREL,12,1,82,42,8.395457
1771535575,2026-02-19 21:12:55,5.002706,BARREL,12,2,83,36,7.196106
1771535575,2026-02-19 21:12:55,5.002706,BARREL,99,1,84,61,12.193402
1771535575,2026-02-19 21:12:55,5.002706,BARREL,99,2,85,0,0.000000
1771535575,2026-02-19 21:12:55,5.002706,BARREL,56,1,86,60,11.993510
1771535575,2026-02-19 21:12:55,5.002706,BARREL,56,2,87,62,12.393293
1771535575,2026-02-19 21:12:55,5.002706,BARREL,122,1,88,36,7.196106
1771535575,2026-02-19 21:12:55,5.002706,BARREL,122,2,89,46,9.195024
1771535575,2026-02-19 21:12:55,5.002706,BARREL,55,1,90,39,7.795781
1771535575,2026-02-19 21:12:55,5.002706,BARREL,55,2,91,18,3.598053
1771535575,2026-02-19 21:12:55,5.002706,BARREL,83,1,92,11,2.198810
1771535575,2026-02-19 21:12:55,5.002706,BARREL,83,2,93,0,0.000000
1771535575,2026-02-19 21:12:55,5.002706,BARREL,97,1,94,10,1.998918
1771535575,2026-02-19 21:12:55,5.002706,BARREL,97,2,95,53,10.594267
1771535575,2026-02-19 21:12:55,5.002706,BARREL,84,1,96,51,10.194483
1771535575,2026-02-19 21:12:55,5.002706,BARREL,84,2,97,38,7.595890
1771535575,2026-02-19 21:12:55,5.002706,BARREL,305,1,98,74,14.791995
1771535575,2026-02-19 21:12:55,5.002706,BARREL,305,2,99,64,12.793077
1771535575,2026-02-19 21:12:55,5.002706,BARREL,2,1,100,25,4.997296
1771535575,2026-02-19 21:12:55,5.002706,BARREL,2,2,101,46,9.195024
1771535575,2026-02-19 21:12:55,5.002706,BARREL,45,1,102,53,10.594267
1771535575,2026-02-19 21:12:55,5.002706,BARREL,45,2,103,35,6.996214
1771535575,2026-02-19 21:12:55,5.002706,BARREL,77,1,-1,0,0.000000
1771535575,2026-02-19 21:12:55,5.002706,BARREL,77,2,-1,0,0.000000
1771535575,2026-02-19 21:12:55,5.002706,BOTTOM,11,1,2,41,8.195565
1771535575,2026-02-19 21:12:55,5.002706,BOTTOM,11,2,3,81,16.191238
1771535575,2026-02-19 21:12:55,5.002706,BOTTOM,38,1,4,173,34.581287
1771535575,2026-02-19 21:12:55,5.002706,BOTTOM,38,2,5,248,49.573174
1771535575,2026-02-19 21:12:55,5.002706,BOTTOM,96,1,6,206,41.177717
1771535575,2026-02-19 21:12:55,5.002706,BOTTOM,96,2,7,640,127.930771
1771535575,2026-02-19 21:12:55,5.002706,BOTTOM,307,1,8,151,30.183666
1771535575,2026-02-19 21:12:55,5.002706,BOTTOM,307,2,9,762,152.317575
1771535575,2026-02-19 21:12:55,5.002706,BOTTOM,52,1,10,99,19.789291
1771535575,2026-02-19 21:12:55,5.002706,BOTTOM,52,2,11,180,35.980529
1771535575,2026-02-19 21:12:55,5.002706,BOTTOM,102,1,12,140,27.984856
1771535575,2026-02-19 21:12:55,5.002706,BOTTOM,102,2,13,297,59.367874
1771535575,2026-02-19 21:12:55,5.002706,BOTTOM,124,2,14,10,1.998918
1771535575,2026-02-19 21:12:55,5.002706,BOTTOM,124,1,15,101,20.189075
1771535575,2026-02-19 21:12:55,5.002706,BOTTOM,48,2,16,244,48.773607
1771535575,2026-02-19 21:12:55,5.002706,BOTTOM,48,1,17,147,29.384099
1771535575,2026-02-19 21:12:55,5.002706,BOTTOM,75,2,18,0,0.000000
1771535575,2026-02-19 21:12:55,5.002706,BOTTOM,75,1,19,12,2.398702
1771535575,2026-02-19 21:12:55,5.002706,BOTTOM,109,2,20,189,37.779556
1771535575,2026-02-19 21:12:55,5.002706,BOTTOM,109,1,21,181,36.180421
1771535575,2026-02-19 21:12:55,5.002706,BOTTOM,123,2,22,38,7.595890
1771535575,2026-02-19 21:12:55,5.002706,BOTTOM,123,1,23,10,1.998918
1771535580,2026-02-19 21:13:00,5.000899,TOP,103,1,63,0,0.000000
1771535580,2026-02-19 21:13:00,5.000899,TOP,103,2,62,0,0.000000
1771535580,2026-02-19 21:13:00,5.000899,TOP,300,1,58,0,0.000000
1771535580,2026-02-19 21:13:00,5.000899,TOP,300,2,59,0,0.000000
1771535580,2026-02-19 21:13:00,5.000899,TOP,80,1,60,214,42.792305
1771535580,2026-02-19 21:13:00,5.000899,TOP,80,2,61,209,41.792485
1771535580,2026-02-19 21:13:00,5.000899,TOP,303,1,50,200,39.992809
1771535580,2026-02-19 21:13:00,5.000899,TOP,303,2,57,105,20.996225
1771535580,2026-02-19 21:13:00,5.000899,TOP,88,1,56,32,6.398849
1771535580,2026-02-19 21:13:00,5.000899,TOP,88,2,54,2,0.399928
1771535580,2026-02-19 21:13:00,5.000899,TOP,30,1,127,0,0.000000
1771535580,2026-02-19 21:13:00,5.000899,TOP,30,2,126,210,41.992449
1771535580,2026-02-19 21:13:00,5.000899,TOP,34,1,106,0,0.000000
1771535580,2026-02-19 21:13:00,5.000899,TOP,34,2,107,0,0.000000
1771535580,2026-02-19 21:13:00,5.000899,TOP,74,1,108,92,18.396692
1771535580,2026-02-19 21:13:00,5.000899,TOP,74,2,110,207,41.392557
1771535580,2026-02-19 21:13:00,5.000899,TOP,47,1,112,19,3.799317
1771535580,2026-02-19 21:13:00,5.000899,TOP,47,2,114,180,35.993528
1771535580,2026-02-19 21:13:00,5.000899,TOP,115,1,116,39,7.798598
1771535580,2026-02-19 21:13:00,5.000899,TOP,115,2,118,221,44.192054
1771535580,2026-02-19 21:13:00,5.000899,TOP,46,1,119,0,0.000000
1771535580,2026-02-19 21:13:00,5.000899,TOP,46,2,117,6,1.199784
1771535580,2026-02-19 21:13:00,5.000899,TOP,167,1,115,133,26.595218
1771535580,2026-02-19 21:13:00,5.000899,TOP,167,2,113,82,16.397052
1771535580,2026-02-19 21:13:00,5.000899,TOP,90,1,111,183,36.593420
1771535580,2026-02-19 21:13:00,5.000899,TOP,90,2,109,11,2.199604
1771535580,2026-02-19 21:13:00,5.000899,TOP,302,1,120,0,0.000000
1771535580,2026-02-19 21:13:00,5.000899,TOP,302,2,121,0,0.000000
1771535580,2026-02-19 21:13:00,5.000899,TOP,62,1,122,0,0.000000
1771535580,2026-02-19 21:13:00,5.000899,TOP,62,2,123,0,0.000000
1771535580,2026-02-19 21:13:00,5.000899,TOP,44,1,124,0,0.000000
1771535580,2026-02-19 21:13:00,5.000899,TOP,44,2,125,0,0.000000
1771535580,2026-02-19 21:13:00,5.000899,TOP,61,1,55,152,30.394535
1771535580,2026-02-19 21:13:00,5.000899,TOP,61,2,51,1,0.199964
1771535580,2026-02-19 21:13:00,5.000899,BARREL,26,1,24,58,11.597915
1771535580,2026-02-19 21:13:00,5.000899,BARREL,26,2,25,38,7.598634
1771535580,2026-02-19 21:13:00,5.000899,BARREL,66,1,26,49,9.798238
1771535580,2026-02-19 21:13:00,5.000899,BARREL,66,2,27,36,7.198706
1771535580,2026-02-19 21:13:00,5.000899,BARREL,10,1,28,57,11.397951
1771535580,2026-02-19 21:13:00,5.000899,BARREL,10,2,29,40,7.998562
1771535580,2026-02-19 21:13:00,5.000899,BARREL,58,1,30,0,0.000000
1771535580,2026-02-19 21:13:00,5.000899,BARREL,58,2,31,0,0.000000
1771535580,2026-02-19 21:13:00,5.000899,BARREL,306,1,32,64,12.797699
1771535580,2026-02-19 21:13:00,5.000899,BARREL,306,2,33,40,7.998562
1771535580,2026-02-19 21:13:00,5.000899,BARREL,9,1,34,35,6.998742
1771535580,2026-02-19 21:13:00,5.000899,BARREL,9,2,35,0,0.000000
1771535580,2026-02-19 21:13:00,5.000899,BARREL,57,1,36,60,11.997843
1771535580,2026-02-19 21:13:00,5.000899,BARREL,57,2,37,18,3.599353
1771535580,2026-02-19 21:13:00,5.000899,BARREL,79,1,38,44,8.798418
1771535580,2026-02-19 21:13:00,5.000899,BARREL,79,2,39,56,11.197986
1771535580,2026-02-19 21:13:00,5.000899,BARREL,116,1,40,0,0.000000
1771535580,2026-02-19 21:13:00,5.000899,BARREL,116,2,41,61,12.197807
1771535580,2026-02-19 21:13:00,5.000899,BARREL,13,1,42,0,0.000000
1771535580,2026-02-19 21:13:00,5.000899,BARREL,13,2,43,0,0.000000
1771535580,2026-02-19 21:13:00,5.000899,BARREL,76,1,44,59,11.797879
1771535580,2026-02-19 21:13:00,5.000899,BARREL,76,2,45,40,7.998562
1771535580,2026-02-19 21:13:00,5.000899,BARREL,17,1,46,16,3.199425
1771535580,2026-02-19 21:13:00,5.000899,BARREL,17,2,47,45,8.998382
1771535580,2026-02-19 21:13:00,5.000899,BARREL,125,1,48,49,9.798238
1771535580,2026-02-19 21:13:00,5.000899,BARREL,125,2,49,14,2.799497
1771535580,2026-02-19 21:13:00,5.000899,BARREL,104,1,52,0,0.000000
1771535580,2026-02-19 21:13:00,5.000899,BARREL,104,2,53,440,87.984179
1771535580,2026-02-19 21:13:00,5.000899,BARREL,37,1,64,0,0.000000
1771535580,2026-02-19 21:13:00,5.000899,BARREL,37,2,65,0,0.000000
1771535580,2026-02-19 21:13:00,5.000899,BARREL,70,1,66,60,11.997843
1771535580,2026-02-19 21:13:00,5.000899,BARREL,70,2,67,1,0.199964
1771535580,2026-02-19 21:13:00,5.000899,BARREL,28,1,68,65,12.997663
1771535580,2026-02-19 21:13:00,5.000899,BARREL,28,2,69,65,12.997663
1771535580,2026-02-19 21:13:00,5.000899,BARREL,54,1,70,43,8.598454
1771535580,2026-02-19 21:13:00,5.000899,BARREL,54,2,71,0,0.000000
1771535580,2026-02-19 21:13:00,5.000899,BARREL,25,1,72,51,10.198166
1771535580,2026-02-19 21:13:00,5.000899,BARREL,25,2,73,0,0.000000
1771535580,2026-02-19 21:13:00,5.000899,BARREL,301,1,74,54,10.798058
1771535580,2026-02-19 21:13:00,5.000899,BARREL,301,2,75,59,11.797879
1771535580,2026-02-19 21:13:00,5.000899,BARREL,304,1,76,67,13.397591
1771535580,2026-02-19 21:13:00,5.000899,BARREL,304,2,77,54,10.798058
1771535580,2026-02-19 21:13:00,5.000899,BARREL,22,1,78,2291,458.117625
1771535580,2026-02-19 21:13:00,5.000899,BARREL,22,2,79,74,14.797339
1771535580,2026-02-19 21:13:00,5.000899,BARREL,4,1,80,55,10.998022
1771535580,2026-02-19 21:13:00,5.000899,BARREL,4,2,81,47,9.398310
1771535580,2026-02-19 21:13:00,5.000899,BARREL,12,1,82,52,10.398130
1771535580,2026-02-19 21:13:00,5.000899,BARREL,12,2,83,54,10.798058
1771535580,2026-02-19 21:13:00,5.000899,BARREL,99,1,84,64,12.797699
1771535580,2026-02-19 21:13:00,5.000899,BARREL,99,2,85,0,0.000000
1771535580,2026-02-19 21:13:00,5.000899,BARREL,56,1,86,49,9.798238
1771535580,2026-02-19 21:13:00,5.000899,BARREL,56,2,87,57,11.397951
1771535580,2026-02-19 21:13:00,5.000899,BARREL,122,1,88,23,4.599173
1771535580,2026-02-19 21:13:00,5.000899,BARREL,122,2,89,48,9.598274
1771535580,2026-02-19 21:13:00,5.000899,BARREL,55,1,90,41,8.198526
1771535580,2026-02-19 21:13:00,5.000899,BARREL,55,2,91,6,1.199784
1771535580,2026-02-19 21:13:00,5.000899,BARREL,83,1,92,14,2.799497
1771535580,2026-02-19 21:13:00,5.000899,BARREL,83,2,93,0,0.000000
1771535580,2026-02-19 21:13:00,5.000899,BARREL,97,1,94,6,1.199784
1771535580,2026-02-19 21:13:00,5.000899,BARREL,97,2,95,52,10.398130
1771535580,2026-02-19 21:13:00,5.000899,BARREL,84,1,96,63,12.597735
1771535580,2026-02-19 21:13:00,5.000899,BARREL,84,2,97,43,8.598454
1771535580,2026-02-19 21:13:00,5.000899,BARREL,305,1,98,51,10.198166
1771535580,2026-02-19 21:13:00,5.000899,BARREL,305,2,99,58,11.597915
1771535580,2026-02-19 21:13:00,5.000899,BARREL,2,1,100,21,4.199245
1771535580,2026-02-19 21:13:00,5.000899,BARREL,2,2,101,66,13.197627
1771535580,2026-02-19 21:13:00,5.000899,BARREL,45,1,102,53,10.598094
1771535580,2026-02-19 21:13:00,5.000899,BARREL,45,2,103,36,7.198706
1771535580,2026-02-19 21:13:00,5.000899,BARREL,77,1,-1,0,0.000000
1771535580,2026-02-19 21:13:00,5.000899,BARREL,77,2,-1,0,0.000000
1771535580,2026-02-19 21:13:00,5.000899,BOTTOM,11,1,2,50,9.998202
1771535580,2026-02-19 21:13:00,5.000899,BOTTOM,11,2,3,66,13.197627
1771535580,2026-02-19 21:13:00,5.000899,BOTTOM,38,1,4,163,32.594139
1771535580,2026-02-19 21:13:00,5.000899,BOTTOM,38,2,5,200,39.992809
1771535580,2026-02-19 21:13:00,5.000899,BOTTOM,96,1,6,209,41.792485
1771535580,2026-02-19 21:13:00,5.000899,BOTTOM,96,2,7,559,111.779901
1771535580,2026-02-19 21:13:00,5.000899,BOTTOM,307,1,8,161,32.194211
1771535580,2026-02-19 21:13:00,5.000899,BOTTOM,307,2,9,704,140.774687
1771535580,2026-02-19 21:13:00,5.000899,BOTTOM,52,1,10,93,18.596656
1771535580,2026-02-19 21:13:00,5.000899,BOTTOM,52,2,11,185,36.993348
1771535580,2026-02-19 21:13:00,5.000899,BOTTOM,102,1,12,121,24.195649
1771535580,2026-02-19 21:13:00,5.000899,BOTTOM,102,2,13,265,52.990472
1771535580,2026-02-19 21:13:00,5.000899,BOTTOM,124,2,14,17,3.399389
1771535580,2026-02-19 21:13:00,5.000899,BOTTOM,124,1,15,108,21.596117
1771535580,2026-02-19 21:13:00,5.000899,BOTTOM,48,2,16,285,56.989753
1771535580,2026-02-19 21:13:00,5.000899,BOTTOM,48,1,17,138,27.595038
1771535580,2026-02-19 21:13:00,5.000899,BOTTOM,75,2,18,0,0.000000
1771535580,2026-02-19 21:13:00,5.000899,BOTTOM,75,1,19,12,2.399569
1771535580,2026-02-19 21:13:00,5.000899,BOTTOM,109,2,20,196,39.192953
1771535580,2026-02-19 21:13:00,5.000899,BOTTOM,109,1,21,202,40.392737
1771535580,2026-02-19 21:13:00,5.000899,BOTTOM,123,2,22,30,5.998921
1771535580,2026-02-19 21:13:00,5.000899,BOTTOM,123,1,23,18,3.599353
1771535585,2026-02-19 21:13:05,5.000962,TOP,103,1,63,0,0.000000
1771535585,2026-02-19 21:13:05,5.000962,TOP,103,2,62,0,0.000000
1771535585,2026-02-19 21:13:05,5.000962,TOP,300,1,58,0,0.000000
1771535585,2026-02-19 21:13:05,5.000962,TOP,300,2,59,0,0.000000
1771535585,2026-02-19 21:13:05,5.000962,TOP,80,1,60,222,44.391463
1771535585,2026-02-19 21:13:05,5.000962,TOP,80,2,61,189,37.792732
1771535585,2026-02-19 21:13:05,5.000962,TOP,303,1,50,221,44.191502
1771535585,2026-02-19 21:13:05,5.000962,TOP,303,2,57,109,21.795808
1771535585,2026-02-19 21:13:05,5.000962,TOP,88,1,56,42,8.398385
1771535585,2026-02-19 21:13:05,5.000962,TOP,88,2,54,3,0.599885
1771535585,2026-02-19 21:13:05,5.000962,TOP,30,1,127,0,0.000000
1771535585,2026-02-19 21:13:05,5.000962,TOP,30,2,126,142,28.394539
1771535585,2026-02-19 21:13:05,5.000962,TOP,34,1,106,0,0.000000
1771535585,2026-02-19 21:13:05,5.000962,TOP,34,2,107,0,0.000000
1771535585,2026-02-19 21:13:05,5.000962,TOP,74,1,108,89,17.796578
1771535585,2026-02-19 21:13:05,5.000962,TOP,74,2,110,230,45.991156
1771535585,2026-02-19 21:13:05,5.000962,TOP,47,1,112,9,1.799654
1771535585,2026-02-19 21:13:05,5.000962,TOP,47,2,114,225,44.991348
1771535585,2026-02-19 21:13:05,5.000962,TOP,115,1,116,46,9.198231
1771535585,2026-02-19 21:13:05,5.000962,TOP,115,2,118,208,41.592002
1771535585,2026-02-19 21:13:05,5.000962,TOP,46,1,119,0,0.000000
1771535585,2026-02-19 21:13:05,5.000962,TOP,46,2,117,8,1.599692
1771535585,2026-02-19 21:13:05,5.000962,TOP,167,1,115,122,24.395309
1771535585,2026-02-19 21:13:05,5.000962,TOP,167,2,113,63,12.597577
1771535585,2026-02-19 21:13:05,5.000962,TOP,90,1,111,205,40.992117
1771535585,2026-02-19 21:13:05,5.000962,TOP,90,2,109,3,0.599885
1771535585,2026-02-19 21:13:05,5.000962,TOP,302,1,120,0,0.000000
1771535585,2026-02-19 21:13:05,5.000962,TOP,302,2,121,0,0.000000
1771535585,2026-02-19 21:13:05,5.000962,TOP,62,1,122,0,0.000000
1771535585,2026-02-19 21:13:05,5.000962,TOP,62,2,123,0,0.000000
1771535585,2026-02-19 21:13:05,5.000962,TOP,44,1,124,0,0.000000
1771535585,2026-02-19 21:13:05,5.000962,TOP,44,2,125,0,0.000000
1771535585,2026-02-19 21:13:05,5.000962,TOP,61,1,55,164,32.793693
1771535585,2026-02-19 21:13:05,5.000962,TOP,61,2,51,2,0.399923
1771535585,2026-02-19 21:13:05,5.000962,BARREL,26,1,24,63,12.597577
1771535585,2026-02-19 21:13:05,5.000962,BARREL,26,2,25,33,6.598731
1771535585,2026-02-19 21:13:05,5.000962,BARREL,66,1,26,68,13.597385
1771535585,2026-02-19 21:13:05,5.000962,BARREL,66,2,27,31,6.198808
1771535585,2026-02-19 21:13:05,5.000962,BARREL,10,1,28,66,13.197462
1771535585,2026-02-19 21:13:05,5.000962,BARREL,10,2,29,46,9.198231
1771535585,2026-02-19 21:13:05,5.000962,BARREL,58,1,30,0,0.000000
1771535585,2026-02-19 21:13:05,5.000962,BARREL,58,2,31,0,0.000000
1771535585,2026-02-19 21:13:05,5.000962,BARREL,306,1,32,46,9.198231
1771535585,2026-02-19 21:13:05,5.000962,BARREL,306,2,33,42,8.398385
1771535585,2026-02-19 21:13:05,5.000962,BARREL,9,1,34,37,7.398577
1771535585,2026-02-19 21:13:05,5.000962,BARREL,9,2,35,0,0.000000
1771535585,2026-02-19 21:13:05,5.000962,BARREL,57,1,36,56,11.197847
1771535585,2026-02-19 21:13:05,5.000962,BARREL,57,2,37,18,3.599308
1771535585,2026-02-19 21:13:05,5.000962,BARREL,79,1,38,46,9.198231
1771535585,2026-02-19 21:13:05,5.000962,BARREL,79,2,39,69,13.797347
1771535585,2026-02-19 21:13:05,5.000962,BARREL,116,1,40,0,0.000000
1771535585,2026-02-19 21:13:05,5.000962,BARREL,116,2,41,68,13.597385
1771535585,2026-02-19 21:13:05,5.000962,BARREL,13,1,42,0,0.000000
1771535585,2026-02-19 21:13:05,5.000962,BARREL,13,2,43,0,0.000000
1771535585,2026-02-19 21:13:05,5.000962,BARREL,76,1,44,73,14.597193
1771535585,2026-02-19 21:13:05,5.000962,BARREL,76,2,45,38,7.598539
1771535585,2026-02-19 21:13:05,5.000962,BARREL,17,1,46,22,4.399154
1771535585,2026-02-19 21:13:05,5.000962,BARREL,17,2,47,51,10.198039
1771535585,2026-02-19 21:13:05,5.000962,BARREL,125,1,48,53,10.597962
1771535585,2026-02-19 21:13:05,5.000962,BARREL,125,2,49,21,4.199192
1771535585,2026-02-19 21:13:05,5.000962,BARREL,104,1,52,0,0.000000
1771535585,2026-02-19 21:13:05,5.000962,BARREL,104,2,53,465,92.982119
1771535585,2026-02-19 21:13:05,5.000962,BARREL,37,1,64,1,0.199962
1771535585,2026-02-19 21:13:05,5.000962,BARREL,37,2,65,1,0.199962
1771535585,2026-02-19 21:13:05,5.000962,BARREL,70,1,66,46,9.198231
1771535585,2026-02-19 21:13:05,5.000962,BARREL,70,2,67,1,0.199962
1771535585,2026-02-19 21:13:05,5.000962,BARREL,28,1,68,58,11.597770
1771535585,2026-02-19 21:13:05,5.000962,BARREL,28,2,69,64,12.797539
1771535585,2026-02-19 21:13:05,5.000962,BARREL,54,1,70,41,8.198423
1771535585,2026-02-19 21:13:05,5.000962,BARREL,54,2,71,1,0.199962
1771535585,2026-02-19 21:13:05,5.000962,BARREL,25,1,72,53,10.597962
1771535585,2026-02-19 21:13:05,5.000962,BARREL,25,2,73,0,0.000000
1771535585,2026-02-19 21:13:05,5.000962,BARREL,301,1,74,55,10.997885
1771535585,2026-02-19 21:13:05,5.000962,BARREL,301,2,75,65,12.997500
1771535585,2026-02-19 21:13:05,5.000962,BARREL,304,1,76,50,9.998077
1771535585,2026-02-19 21:13:05,5.000962,BARREL,304,2,77,39,7.798500
1771535585,2026-02-19 21:13:05,5.000962,BARREL,22,1,78,2043,408.521438
1771535585,2026-02-19 21:13:05,5.000962,BARREL,22,2,79,66,13.197462
1771535585,2026-02-19 21:13:05,5.000962,BARREL,4,1,80,38,7.598539
1771535585,2026-02-19 21:13:05,5.000962,BARREL,4,2,81,62,12.397616
1771535585,2026-02-19 21:13:05,5.000962,BARREL,12,1,82,54,10.797923
1771535585,2026-02-19 21:13:05,5.000962,BARREL,12,2,83,46,9.198231
1771535585,2026-02-19 21:13:05,5.000962,BARREL,99,1,84,71,14.197270
1771535585,2026-02-19 21:13:05,5.000962,BARREL,99,2,85,0,0.000000
1771535585,2026-02-19 21:13:05,5.000962,BARREL,56,1,86,49,9.798116
1771535585,2026-02-19 21:13:05,5.000962,BARREL,56,2,87,79,15.796962
1771535585,2026-02-19 21:13:05,5.000962,BARREL,122,1,88,27,5.398962
1771535585,2026-02-19 21:13:05,5.000962,BARREL,122,2,89,55,10.997885
1771535585,2026-02-19 21:13:05,5.000962,BARREL,55,1,90,44,8.798308
1771535585,2026-02-19 21:13:05,5.000962,BARREL,55,2,91,14,2.799462
1771535585,2026-02-19 21:13:05,5.000962,BARREL,83,1,92,21,4.199192
1771535585,2026-02-19 21:13:05,5.000962,BARREL,83,2,93,0,0.000000
1771535585,2026-02-19 21:13:05,5.000962,BARREL,97,1,94,11,2.199577
1771535585,2026-02-19 21:13:05,5.000962,BARREL,97,2,95,34,6.798693
1771535585,2026-02-19 21:13:05,5.000962,BARREL,84,1,96,62,12.397616
1771535585,2026-02-19 21:13:05,5.000962,BARREL,84,2,97,27,5.398962
1771535585,2026-02-19 21:13:05,5.000962,BARREL,305,1,98,52,10.398000
1771535585,2026-02-19 21:13:05,5.000962,BARREL,305,2,99,63,12.597577
1771535585,2026-02-19 21:13:05,5.000962,BARREL,2,1,100,31,6.198808
1771535585,2026-02-19 21:13:05,5.000962,BARREL,2,2,101,44,8.798308
1771535585,2026-02-19 21:13:05,5.000962,BARREL,45,1,102,63,12.597577
1771535585,2026-02-19 21:13:05,5.000962,BARREL,45,2,103,39,7.798500
1771535585,2026-02-19 21:13:05,5.000962,BARREL,77,1,-1,0,0.000000
1771535585,2026-02-19 21:13:05,5.000962,BARREL,77,2,-1,0,0.000000
1771535585,2026-02-19 21:13:05,5.000962,BOTTOM,11,1,2,41,8.198423
1771535585,2026-02-19 21:13:05,5.000962,BOTTOM,11,2,3,74,14.797154
1771535585,2026-02-19 21:13:05,5.000962,BOTTOM,38,1,4,157,31.393963
1771535585,2026-02-19 21:13:05,5.000962,BOTTOM,38,2,5,220,43.991540
1771535585,2026-02-19 21:13:05,5.000962,BOTTOM,96,1,6,202,40.392232
1771535585,2026-02-19 21:13:05,5.000962,BOTTOM,96,2,7,476,95.181696
1771535585,2026-02-19 21:13:05,5.000962,BOTTOM,307,1,8,178,35.593155
1771535585,2026-02-19 21:13:05,5.000962,BOTTOM,307,2,9,645,128.975197
1771535585,2026-02-19 21:13:05,5.000962,BOTTOM,52,1,10,115,22.995578
1771535585,2026-02-19 21:13:05,5.000962,BOTTOM,52,2,11,181,36.193040
1771535585,2026-02-19 21:13:05,5.000962,BOTTOM,102,1,12,129,25.795039
1771535585,2026-02-19 21:13:05,5.000962,BOTTOM,102,2,13,282,56.389156
1771535585,2026-02-19 21:13:05,5.000962,BOTTOM,124,2,14,16,3.199385
1771535585,2026-02-19 21:13:05,5.000962,BOTTOM,124,1,15,109,21.795808
1771535585,2026-02-19 21:13:05,5.000962,BOTTOM,48,2,16,272,54.389540
1771535585,2026-02-19 21:13:05,5.000962,BOTTOM,48,1,17,125,24.995193
1771535585,2026-02-19 21:13:05,5.000962,BOTTOM,75,2,18,0,0.000000
1771535585,2026-02-19 21:13:05,5.000962,BOTTOM,75,1,19,13,2.599500
1771535585,2026-02-19 21:13:05,5.000962,BOTTOM,109,2,20,180,35.993078
1771535585,2026-02-19 21:13:05,5.000962,BOTTOM,109,1,21,165,32.993655
1771535585,2026-02-19 21:13:05,5.000962,BOTTOM,123,2,22,48,9.598154
1771535585,2026-02-19 21:13:05,5.000962,BOTTOM,123,1,23,17,3.399346
1771535590,2026-02-19 21:13:10,5.003935,TOP,103,1,63,0,0.000000
1771535590,2026-02-19 21:13:10,5.003935,TOP,103,2,62,0,0.000000
1771535590,2026-02-19 21:13:10,5.003935,TOP,300,1,58,0,0.000000
1771535590,2026-02-19 21:13:10,5.003935,TOP,300,2,59,0,0.000000
1771535590,2026-02-19 21:13:10,5.003935,TOP,80,1,60,218,43.565709
1771535590,2026-02-19 21:13:10,5.003935,TOP,80,2,61,204,40.767912
1771535590,2026-02-19 21:13:10,5.003935,TOP,303,1,50,252,50.360361
1771535590,2026-02-19 21:13:10,5.003935,TOP,303,2,57,114,22.782068
1771535590,2026-02-19 21:13:10,5.003935,TOP,88,1,56,27,5.395753
1771535590,2026-02-19 21:13:10,5.003935,TOP,88,2,54,3,0.599528
1771535590,2026-02-19 21:13:10,5.003935,TOP,30,1,127,0,0.000000
1771535590,2026-02-19 21:13:10,5.003935,TOP,30,2,126,161,32.174675
1771535590,2026-02-19 21:13:10,5.003935,TOP,34,1,106,0,0.000000
1771535590,2026-02-19 21:13:10,5.003935,TOP,34,2,107,0,0.000000
1771535590,2026-02-19 21:13:10,5.003935,TOP,74,1,108,110,21.982697
1771535590,2026-02-19 21:13:10,5.003935,TOP,74,2,110,213,42.566496
1771535590,2026-02-19 21:13:10,5.003935,TOP,47,1,112,11,2.198270
1771535590,2026-02-19 21:13:10,5.003935,TOP,47,2,114,214,42.766339
1771535590,2026-02-19 21:13:10,5.003935,TOP,115,1,116,44,8.793079
1771535590,2026-02-19 21:13:10,5.003935,TOP,115,2,118,208,41.567282
1771535590,2026-02-19 21:13:10,5.003935,TOP,46,1,119,0,0.000000
1771535590,2026-02-19 21:13:10,5.003935,TOP,46,2,117,13,2.597955
1771535590,2026-02-19 21:13:10,5.003935,TOP,167,1,115,113,22.582226
1771535590,2026-02-19 21:13:10,5.003935,TOP,167,2,113,97,19.384742
1771535590,2026-02-19 21:13:10,5.003935,TOP,90,1,111,208,41.567282
1771535590,2026-02-19 21:13:10,5.003935,TOP,90,2,109,7,1.398899
1771535590,2026-02-19 21:13:10,5.003935,TOP,302,1,120,0,0.000000
1771535590,2026-02-19 21:13:10,5.003935,TOP,302,2,121,0,0.000000
1771535590,2026-02-19 21:13:10,5.003935,TOP,62,1,122,0,0.000000
1771535590,2026-02-19 21:13:10,5.003935,TOP,62,2,123,0,0.000000
1771535590,2026-02-19 21:13:10,5.003935,TOP,44,1,124,0,0.000000
1771535590,2026-02-19 21:13:10,5.003935,TOP,44,2,125,0,0.000000
1771535590,2026-02-19 21:13:10,5.003935,TOP,61,1,55,188,37.570428
1771535590,2026-02-19 21:13:10,5.003935,TOP,61,2,51,0,0.000000
1771535590,2026-02-19 21:13:10,5.003935,BARREL,26,1,24,46,9.192764
1771535590,2026-02-19 21:13:10,5.003935,BARREL,26,2,25,40,7.993708
1771535590,2026-02-19 21:13:10,5.003935,BARREL,66,1,26,61,12.190405
1771535590,2026-02-19 21:13:10,5.003935,BARREL,66,2,27,36,7.194337
1771535590,2026-02-19 21:13:10,5.003935,BARREL,10,1,28,56,11.191191
1771535590,2026-02-19 21:13:10,5.003935,BARREL,10,2,29,39,7.793865
1771535590,2026-02-19 21:13:10,5.003935,BARREL,58,1,30,0,0.000000
1771535590,2026-02-19 21:13:10,5.003935,BARREL,58,2,31,0,0.000000
1771535590,2026-02-19 21:13:10,5.003935,BARREL,306,1,32,42,8.393394
1771535590,2026-02-19 21:13:10,5.003935,BARREL,306,2,33,31,6.195124
1771535590,2026-02-19 21:13:10,5.003935,BARREL,9,1,34,44,8.793079
1771535590,2026-02-19 21:13:10,5.003935,BARREL,9,2,35,0,0.000000
1771535590,2026-02-19 21:13:10,5.003935,BARREL,57,1,36,60,11.990562
1771535590,2026-02-19 21:13:10,5.003935,BARREL,57,2,37,18,3.597169
1771535590,2026-02-19 21:13:10,5.003935,BARREL,79,1,38,34,6.794652
1771535590,2026-02-19 21:13:10,5.003935,BARREL,79,2,39,60,11.990562
1771535590,2026-02-19 21:13:10,5.003935,BARREL,116,1,40,0,0.000000
1771535590,2026-02-19 21:13:10,5.003935,BARREL,116,2,41,60,11.990562
1771535590,2026-02-19 21:13:10,5.003935,BARREL,13,1,42,0,0.000000
1771535590,2026-02-19 21:13:10,5.003935,BARREL,13,2,43,0,0.000000
1771535590,2026-02-19 21:13:10,5.003935,BARREL,76,1,44,69,13.789147
1771535590,2026-02-19 21:13:10,5.003935,BARREL,76,2,45,34,6.794652
1771535590,2026-02-19 21:13:10,5.003935,BARREL,17,1,46,19,3.797011
1771535590,2026-02-19 21:13:10,5.003935,BARREL,17,2,47,49,9.792292
1771535590,2026-02-19 21:13:10,5.003935,BARREL,125,1,48,47,9.392607
1771535590,2026-02-19 21:13:10,5.003935,BARREL,125,2,49,14,2.797798
1771535590,2026-02-19 21:13:10,5.003935,BARREL,104,1,52,0,0.000000
1771535590,2026-02-19 21:13:10,5.003935,BARREL,104,2,53,556,111.112543
1771535590,2026-02-19 21:13:10,5.003935,BARREL,37,1,64,0,0.000000
1771535590,2026-02-19 21:13:10,5.003935,BARREL,37,2,65,0,0.000000
1771535590,2026-02-19 21:13:10,5.003935,BARREL,70,1,66,55,10.991349
1771535590,2026-02-19 21:13:10,5.003935,BARREL,70,2,67,0,0.000000
1771535590,2026-02-19 21:13:10,5.003935,BARREL,28,1,68,50,9.992135
1771535590,2026-02-19 21:13:10,5.003935,BARREL,28,2,69,64,12.789933
1771535590,2026-02-19 21:13:10,5.003935,BARREL,54,1,70,46,9.192764
1771535590,2026-02-19 21:13:10,5.003935,BARREL,54,2,71,0,0.000000
1771535590,2026-02-19 21:13:10,5.003935,BARREL,25,1,72,65,12.989776
1771535590,2026-02-19 21:13:10,5.003935,BARREL,25,2,73,0,0.000000
1771535590,2026-02-19 21:13:10,5.003935,BARREL,301,1,74,52,10.391821
1771535590,2026-02-19 21:13:10,5.003935,BARREL,301,2,75,56,11.191191
1771535590,2026-02-19 21:13:10,5.003935,BARREL,304,1,76,59,11.790720
1771535590,2026-02-19 21:13:10,5.003935,BARREL,304,2,77,44,8.793079
1771535590,2026-02-19 21:13:10,5.003935,BARREL,22,1,78,1764,352.522530
1771535590,2026-02-19 21:13:10,5.003935,BARREL,22,2,79,57,11.391034
1771535590,2026-02-19 21:13:10,5.003935,BARREL,4,1,80,44,8.793079
1771535590,2026-02-19 21:13:10,5.003935,BARREL,4,2,81,62,12.390248
1771535590,2026-02-19 21:13:10,5.003935,BARREL,12,1,82,61,12.190405
1771535590,2026-02-19 21:13:10,5.003935,BARREL,12,2,83,44,8.793079
1771535590,2026-02-19 21:13:10,5.003935,BARREL,99,1,84,54,10.791506
1771535590,2026-02-19 21:13:10,5.003935,BARREL,99,2,85,0,0.000000
1771535590,2026-02-19 21:13:10,5.003935,BARREL,56,1,86,65,12.989776
1771535590,2026-02-19 21:13:10,5.003935,BARREL,56,2,87,74,14.788360
1771535590,2026-02-19 21:13:10,5.003935,BARREL,122,1,88,41,8.193551
1771535590,2026-02-19 21:13:10,5.003935,BARREL,122,2,89,43,8.593236
1771535590,2026-02-19 21:13:10,5.003935,BARREL,55,1,90,37,7.394180
1771535590,2026-02-19 21:13:10,5.003935,BARREL,55,2,91,11,2.198270
1771535590,2026-02-19 21:13:10,5.003935,BARREL,83,1,92,16,3.197483
1771535590,2026-02-19 21:13:10,5.003935,BARREL,83,2,93,0,0.000000
1771535590,2026-02-19 21:13:10,5.003935,BARREL,97,1,94,12,2.398112
1771535590,2026-02-19 21:13:10,5.003935,BARREL,97,2,95,58,11.590877
1771535590,2026-02-19 21:13:10,5.003935,BARREL,84,1,96,43,8.593236
1771535590,2026-02-19 21:13:10,5.003935,BARREL,84,2,97,36,7.194337
1771535590,2026-02-19 21:13:10,5.003935,BARREL,305,1,98,51,10.191978
1771535590,2026-02-19 21:13:10,5.003935,BARREL,305,2,99,62,12.390248
1771535590,2026-02-19 21:13:10,5.003935,BARREL,2,1,100,28,5.595596
1771535590,2026-02-19 21:13:10,5.003935,BARREL,2,2,101,61,12.190405
1771535590,2026-02-19 21:13:10,5.003935,BARREL,45,1,102,63,12.590090
1771535590,2026-02-19 21:13:10,5.003935,BARREL,45,2,103,38,7.594023
1771535590,2026-02-19 21:13:10,5.003935,BARREL,77,1,-1,0,0.000000
1771535590,2026-02-19 21:13:10,5.003935,BARREL,77,2,-1,0,0.000000
1771535590,2026-02-19 21:13:10,5.003935,BOTTOM,11,1,2,44,8.793079
1771535590,2026-02-19 21:13:10,5.003935,BOTTOM,11,2,3,62,12.390248
1771535590,2026-02-19 21:13:10,5.003935,BOTTOM,38,1,4,192,38.369799
1771535590,2026-02-19 21:13:10,5.003935,BOTTOM,38,2,5,225,44.964608
1771535590,2026-02-19 21:13:10,5.003935,BOTTOM,96,1,6,189,37.770271
1771535590,2026-02-19 21:13:10,5.003935,BOTTOM,96,2,7,487,97.323397
1771535590,2026-02-19 21:13:10,5.003935,BOTTOM,307,1,8,473,94.525599
1771535590,2026-02-19 21:13:10,5.003935,BOTTOM,307,2,9,683,136.492567
1771535590,2026-02-19 21:13:10,5.003935,BOTTOM,52,1,10,100,19.984270
1771535590,2026-02-19 21:13:10,5.003935,BOTTOM,52,2,11,165,32.974046
1771535590,2026-02-19 21:13:10,5.003935,BOTTOM,102,1,12,142,28.377664
1771535590,2026-02-19 21:13:10,5.003935,BOTTOM,102,2,13,296,59.153440
1771535590,2026-02-19 21:13:10,5.003935,BOTTOM,124,2,14,14,2.797798
1771535590,2026-02-19 21:13:10,5.003935,BOTTOM,124,1,15,127,25.380023
1771535590,2026-02-19 21:13:10,5.003935,BOTTOM,48,2,16,287,57.354856
1771535590,2026-02-19 21:13:10,5.003935,BOTTOM,48,1,17,130,25.979552
1771535590,2026-02-19 21:13:10,5.003935,BOTTOM,75,2,18,0,0.000000
1771535590,2026-02-19 21:13:10,5.003935,BOTTOM,75,1,19,12,2.398112
1771535590,2026-02-19 21:13:10,5.003935,BOTTOM,109,2,20,158,31.575147
1771535590,2026-02-19 21:13:10,5.003935,BOTTOM,109,1,21,187,37.370586
1771535590,2026-02-19 21:13:10,5.003935,BOTTOM,123,2,22,43,8.593236
1771535590,2026-02-19 21:13:10,5.003935,BOTTOM,123,1,23,16,3.197483
1771535595,2026-02-19 21:13:15,5.000909,TOP,103,1,63,0,0.000000
1771535595,2026-02-19 21:13:15,5.000909,TOP,103,2,62,0,0.000000
1771535595,2026-02-19 21:13:15,5.000909,TOP,300,1,58,0,0.000000
1771535595,2026-02-19 21:13:15,5.000909,TOP,300,2,59,0,0.000000
1771535595,2026-02-19 21:13:15,5.000909,TOP,80,1,60,177,35.393566
1771535595,2026-02-19 21:13:15,5.000909,TOP,80,2,61,208,41.592440
1771535595,2026-02-19 21:13:15,5.000909,TOP,303,1,50,206,41.192512
1771535595,2026-02-19 21:13:15,5.000909,TOP,303,2,57,112,22.395929
1771535595,2026-02-19 21:13:15,5.000909,TOP,88,1,56,45,8.998364
1771535595,2026-02-19 21:13:15,5.000909,TOP,88,2,54,3,0.599891
1771535595,2026-02-19 21:13:15,5.000909,TOP,30,1,127,0,0.000000
1771535595,2026-02-19 21:13:15,5.000909,TOP,30,2,126,167,33.393930
1771535595,2026-02-19 21:13:15,5.000909,TOP,34,1,106,0,0.000000
1771535595,2026-02-19 21:13:15,5.000909,TOP,34,2,107,0,0.000000
1771535595,2026-02-19 21:13:15,5.000909,TOP,74,1,108,87,17.396838
1771535595,2026-02-19 21:13:15,5.000909,TOP,74,2,110,207,41.392476
1771535595,2026-02-19 21:13:15,5.000909,TOP,47,1,112,22,4.399200
1771535595,2026-02-19 21:13:15,5.000909,TOP,47,2,114,207,41.392476
1771535595,2026-02-19 21:13:15,5.000909,TOP,115,1,116,42,8.398473
1771535595,2026-02-19 21:13:15,5.000909,TOP,115,2,118,209,41.792403
1771535595,2026-02-19 21:13:15,5.000909,TOP,46,1,119,0,0.000000
1771535595,2026-02-19 21:13:15,5.000909,TOP,46,2,117,6,1.199782
1771535595,2026-02-19 21:13:15,5.000909,TOP,167,1,115,116,23.195784
1771535595,2026-02-19 21:13:15,5.000909,TOP,167,2,113,95,18.996547
1771535595,2026-02-19 21:13:15,5.000909,TOP,90,1,111,201,40.192694
1771535595,2026-02-19 21:13:15,5.000909,TOP,90,2,109,5,0.999818
1771535595,2026-02-19 21:13:15,5.000909,TOP,302,1,120,0,0.000000
1771535595,2026-02-19 21:13:15,5.000909,TOP,302,2,121,0,0.000000
1771535595,2026-02-19 21:13:15,5.000909,TOP,62,1,122,0,0.000000
1771535595,2026-02-19 21:13:15,5.000909,TOP,62,2,123,0,0.000000
1771535595,2026-02-19 21:13:15,5.000909,TOP,44,1,124,0,0.000000
1771535595,2026-02-19 21:13:15,5.000909,TOP,44,2,125,0,0.000000
1771535595,2026-02-19 21:13:15,5.000909,TOP,61,1,55,170,33.993821
1771535595,2026-02-19 21:13:15,5.000909,TOP,61,2,51,0,0.000000
1771535595,2026-02-19 21:13:15,5.000909,BARREL,26,1,24,59,11.797855
1771535595,2026-02-19 21:13:15,5.000909,BARREL,26,2,25,48,9.598255
1771535595,2026-02-19 21:13:15,5.000909,BARREL,66,1,26,59,11.797855
1771535595,2026-02-19 21:13:15,5.000909,BARREL,66,2,27,30,5.998910
1771535595,2026-02-19 21:13:15,5.000909,BARREL,10,1,28,57,11.397928
1771535595,2026-02-19 21:13:15,5.000909,BARREL,10,2,29,50,9.998183
1771535595,2026-02-19 21:13:15,5.000909,BARREL,58,1,30,0,0.000000
1771535595,2026-02-19 21:13:15,5.000909,BARREL,58,2,31,0,0.000000
1771535595,2026-02-19 21:13:15,5.000909,BARREL,306,1,32,56,11.197965
1771535595,2026-02-19 21:13:15,5.000909,BARREL,306,2,33,35,6.998728
1771535595,2026-02-19 21:13:15,5.000909,BARREL,9,1,34,34,6.798764
1771535595,2026-02-19 21:13:15,5.000909,BARREL,9,2,35,0,0.000000
1771535595,2026-02-19 21:13:15,5.000909,BARREL,57,1,36,48,9.598255
1771535595,2026-02-19 21:13:15,5.000909,BARREL,57,2,37,24,4.799128
1771535595,2026-02-19 21:13:15,5.000909,BARREL,79,1,38,47,9.398292
1771535595,2026-02-19 21:13:15,5.000909,BARREL,79,2,39,64,12.797674
1771535595,2026-02-19 21:13:15,5.000909,BARREL,116,1,40,0,0.000000
1771535595,2026-02-19 21:13:15,5.000909,BARREL,116,2,41,63,12.597710
1771535595,2026-02-19 21:13:15,5.000909,BARREL,13,1,42,0,0.000000
1771535595,2026-02-19 21:13:15,5.000909,BARREL,13,2,43,0,0.000000
1771535595,2026-02-19 21:13:15,5.000909,BARREL,76,1,44,52,10.398110
1771535595,2026-02-19 21:13:15,5.000909,BARREL,76,2,45,37,7.398655
1771535595,2026-02-19 21:13:15,5.000909,BARREL,17,1,46,20,3.999273
1771535595,2026-02-19 21:13:15,5.000909,BARREL,17,2,47,41,8.198510
1771535595,2026-02-19 21:13:15,5.000909,BARREL,125,1,48,52,10.398110
1771535595,2026-02-19 21:13:15,5.000909,BARREL,125,2,49,13,2.599527
1771535595,2026-02-19 21:13:15,5.000909,BARREL,104,1,52,0,0.000000
1771535595,2026-02-19 21:13:15,5.000909,BARREL,104,2,53,477,95.382662
1771535595,2026-02-19 21:13:15,5.000909,BARREL,37,1,64,0,0.000000
1771535595,2026-02-19 21:13:15,5.000909,BARREL,37,2,65,0,0.000000
1771535595,2026-02-19 21:13:15,5.000909,BARREL,70,1,66,65,12.997637
1771535595,2026-02-19 21:13:15,5.000909,BARREL,70,2,67,0,0.000000
1771535595,2026-02-19 21:13:15,5.000909,BARREL,28,1,68,50,9.998183
1771535595,2026-02-19 21:13:15,5.000909,BARREL,28,2,69,69,13.797492
1771535595,2026-02-19 21:13:15,5.000909,BARREL,54,1,70,41,8.198510
1771535595,2026-02-19 21:13:15,5.000909,BARREL,54,2,71,0,0.000000
1771535595,2026-02-19 21:13:15,5.000909,BARREL,25,1,72,54,10.798037
1771535595,2026-02-19 21:13:15,5.000909,BARREL,25,2,73,0,0.000000
1771535595,2026-02-19 21:13:15,5.000909,BARREL,301,1,74,56,11.197965
1771535595,2026-02-19 21:13:15,5.000909,BARREL,301,2,75,80,15.997092
1771535595,2026-02-19 21:13:15,5.000909,BARREL,304,1,76,55,10.998001
1771535595,2026-02-19 21:13:15,5.000909,BARREL,304,2,77,51,10.198146
1771535595,2026-02-19 21:13:15,5.000909,BARREL,22,1,78,1762,352.335956
1771535595,2026-02-19 21:13:15,5.000909,BARREL,22,2,79,57,11.397928
1771535595,2026-02-19 21:13:15,5.000909,BARREL,4,1,80,42,8.398473
1771535595,2026-02-19 21:13:15,5.000909,BARREL,4,2,81,53,10.598074
1771535595,2026-02-19 21:13:15,5.000909,BARREL,12,1,82,72,14.397383
1771535595,2026-02-19 21:13:15,5.000909,BARREL,12,2,83,49,9.798219
1771535595,2026-02-19 21:13:15,5.000909,BARREL,99,1,84,55,10.998001
1771535595,2026-02-19 21:13:15,5.000909,BARREL,99,2,85,0,0.000000
1771535595,2026-02-19 21:13:15,5.000909,BARREL,56,1,86,61,12.197783
1771535595,2026-02-19 21:13:15,5.000909,BARREL,56,2,87,83,16.596983
1771535595,2026-02-19 21:13:15,5.000909,BARREL,122,1,88,36,7.198691
1771535595,2026-02-19 21:13:15,5.000909,BARREL,122,2,89,45,8.998364
1771535595,2026-02-19 21:13:15,5.000909,BARREL,55,1,90,41,8.198510
1771535595,2026-02-19 21:13:15,5.000909,BARREL,55,2,91,7,1.399746
1771535595,2026-02-19 21:13:15,5.000909,BARREL,83,1,92,12,2.399564
1771535595,2026-02-19 21:13:15,5.000909,BARREL,83,2,93,0,0.000000
1771535595,2026-02-19 21:13:15,5.000909,BARREL,97,1,94,8,1.599709
1771535595,2026-02-19 21:13:15,5.000909,BARREL,97,2,95,46,9.198328
1771535595,2026-02-19 21:13:15,5.000909,BARREL,84,1,96,61,12.197783
1771535595,2026-02-19 21:13:15,5.000909,BARREL,84,2,97,43,8.598437
1771535595,2026-02-19 21:13:15,5.000909,BARREL,305,1,98,56,11.197965
1771535595,2026-02-19 21:13:15,5.000909,BARREL,305,2,99,55,10.998001
1771535595,2026-02-19 21:13:15,5.000909,BARREL,2,1,100,34,6.798764
1771535595,2026-02-19 21:13:15,5.000909,BARREL,2,2,101,53,10.598074
1771535595,2026-02-19 21:13:15,5.000909,BARREL,45,1,102,71,14.197419
1771535595,2026-02-19 21:13:15,5.000909,BARREL,45,2,103,47,9.398292
1771535595,2026-02-19 21:13:15,5.000909,BARREL,77,1,-1,0,0.000000
1771535595,2026-02-19 21:13:15,5.000909,BARREL,77,2,-1,0,0.000000
1771535595,2026-02-19 21:13:15,5.000909,BOTTOM,11,1,2,44,8.798401
1771535595,2026-02-19 21:13:15,5.000909,BOTTOM,11,2,3,65,12.997637
1771535595,2026-02-19 21:13:15,5.000909,BOTTOM,38,1,4,196,39.192876
1771535595,2026-02-19 21:13:15,5.000909,BOTTOM,38,2,5,251,50.190877
1771535595,2026-02-19 21:13:15,5.000909,BOTTOM,96,1,6,191,38.193058
1771535595,2026-02-19 21:13:15,5.000909,BOTTOM,96,2,7,579,115.778955
1771535595,2026-02-19 21:13:15,5.000909,BOTTOM,307,1,8,367,73.386660
1771535595,2026-02-19 21:13:15,5.000909,BOTTOM,307,2,9,726,145.173612
1771535595,2026-02-19 21:13:15,5.000909,BOTTOM,52,1,10,114,22.795856
1771535595,2026-02-19 21:13:15,5.000909,BOTTOM,52,2,11,217,43.392113
1771535595,2026-02-19 21:13:15,5.000909,BOTTOM,102,1,12,124,24.795493
1771535595,2026-02-19 21:13:15,5.000909,BOTTOM,102,2,13,268,53.590259
1771535595,2026-02-19 21:13:15,5.000909,BOTTOM,124,2,14,14,2.799491
1771535595,2026-02-19 21:13:15,5.000909,BOTTOM,124,1,15,119,23.795675
1771535595,2026-02-19 21:13:15,5.000909,BOTTOM,48,2,16,298,59.589168
1771535595,2026-02-19 21:13:15,5.000909,BOTTOM,48,1,17,131,26.195238
1771535595,2026-02-19 21:13:15,5.000909,BOTTOM,75,2,18,0,0.000000
1771535595,2026-02-19 21:13:15,5.000909,BOTTOM,75,1,19,8,1.599709
1771535595,2026-02-19 21:13:15,5.000909,BOTTOM,109,2,20,182,36.393385
1771535595,2026-02-19 21:13:15,5.000909,BOTTOM,109,1,21,189,37.793130
1771535595,2026-02-19 21:13:15,5.000909,BOTTOM,123,2,22,49,9.798219
1771535595,2026-02-19 21:13:15,5.000909,BOTTOM,123,1,23,19,3.799309
1771535600,2026-02-19 21:13:20,5.000885,TOP,103,1,63,0,0.000000
1771535600,2026-02-19 21:13:20,5.000885,TOP,103,2,62,0,0.000000
1771535600,2026-02-19 21:13:20,5.000885,TOP,300,1,58,0,0.000000
1771535600,2026-02-19 21:13:20,5.000885,TOP,300,2,59,0,0.000000
1771535600,2026-02-19 21:13:20,5.000885,TOP,80,1,60,201,40.192888
1771535600,2026-02-19 21:13:20,5.000885,TOP,80,2,61,186,37.193419
1771535600,2026-02-19 21:13:20,5.000885,TOP,303,1,50,221,44.192181
1771535600,2026-02-19 21:13:20,5.000885,TOP,303,2,57,119,23.795790
1771535600,2026-02-19 21:13:20,5.000885,TOP,88,1,56,37,7.398691
1771535600,2026-02-19 21:13:20,5.000885,TOP,88,2,54,1,0.199965
1771535600,2026-02-19 21:13:20,5.000885,TOP,30,1,127,0,0.000000
1771535600,2026-02-19 21:13:20,5.000885,TOP,30,2,126,181,36.193596
1771535600,2026-02-19 21:13:20,5.000885,TOP,34,1,106,0,0.000000
1771535600,2026-02-19 21:13:20,5.000885,TOP,34,2,107,0,0.000000
1771535600,2026-02-19 21:13:20,5.000885,TOP,74,1,108,79,15.797205
1771535600,2026-02-19 21:13:20,5.000885,TOP,74,2,110,183,36.593525
1771535600,2026-02-19 21:13:20,5.000885,TOP,47,1,112,17,3.399399
1771535600,2026-02-19 21:13:20,5.000885,TOP,47,2,114,227,45.391968
1771535600,2026-02-19 21:13:20,5.000885,TOP,115,1,116,38,7.598655
1771535600,2026-02-19 21:13:20,5.000885,TOP,115,2,118,212,42.392499
1771535600,2026-02-19 21:13:20,5.000885,TOP,46,1,119,0,0.000000
1771535600,2026-02-19 21:13:20,5.000885,TOP,46,2,117,11,2.199611
1771535600,2026-02-19 21:13:20,5.000885,TOP,167,1,115,129,25.795436
1771535600,2026-02-19 21:13:20,5.000885,TOP,167,2,113,82,16.397099
1771535600,2026-02-19 21:13:20,5.000885,TOP,90,1,111,209,41.792605
1771535600,2026-02-19 21:13:20,5.000885,TOP,90,2,109,7,1.399752
1771535600,2026-02-19 21:13:20,5.000885,TOP,302,1,120,0,0.000000
1771535600,2026-02-19 21:13:20,5.000885,TOP,302,2,121,0,0.000000
1771535600,2026-02-19 21:13:20,5.000885,TOP,62,1,122,0,0.000000
1771535600,2026-02-19 21:13:20,5.000885,TOP,62,2,123,0,0.000000
1771535600,2026-02-19 21:13:20,5.000885,TOP,44,1,124,0,0.000000
1771535600,2026-02-19 21:13:20,5.000885,TOP,44,2,125,0,0.000000
1771535600,2026-02-19 21:13:20,5.000885,TOP,61,1,55,166,33.194127
1771535600,2026-02-19 21:13:20,5.000885,TOP,61,2,51,0,0.000000
1771535600,2026-02-19 21:13:20,5.000885,BARREL,26,1,24,63,12.597771
1771535600,2026-02-19 21:13:20,5.000885,BARREL,26,2,25,46,9.198372
1771535600,2026-02-19 21:13:20,5.000885,BARREL,66,1,26,61,12.197842
1771535600,2026-02-19 21:13:20,5.000885,BARREL,66,2,27,35,6.998762
1771535600,2026-02-19 21:13:20,5.000885,BARREL,10,1,28,53,10.598125
1771535600,2026-02-19 21:13:20,5.000885,BARREL,10,2,29,44,8.798443
1771535600,2026-02-19 21:13:20,5.000885,BARREL,58,1,30,0,0.000000
1771535600,2026-02-19 21:13:20,5.000885,BARREL,58,2,31,0,0.000000
1771535600,2026-02-19 21:13:20,5.000885,BARREL,306,1,32,62,12.397806
1771535600,2026-02-19 21:13:20,5.000885,BARREL,306,2,33,39,7.798620
1771535600,2026-02-19 21:13:20,5.000885,BARREL,9,1,34,22,4.399222
1771535600,2026-02-19 21:13:20,5.000885,BARREL,9,2,35,0,0.000000
1771535600,2026-02-19 21:13:20,5.000885,BARREL,57,1,36,49,9.798266
1771535600,2026-02-19 21:13:20,5.000885,BARREL,57,2,37,14,2.799505
1771535600,2026-02-19 21:13:20,5.000885,BARREL,79,1,38,33,6.598832
1771535600,2026-02-19 21:13:20,5.000885,BARREL,79,2,39,68,13.597594
1771535600,2026-02-19 21:13:20,5.000885,BARREL,116,1,40,0,0.000000
1771535600,2026-02-19 21:13:20,5.000885,BARREL,116,2,41,63,12.597771
1771535600,2026-02-19 21:13:20,5.000885,BARREL,13,1,42,0,0.000000
1771535600,2026-02-19 21:13:20,5.000885,BARREL,13,2,43,0,0.000000
1771535600,2026-02-19 21:13:20,5.000885,BARREL,76,1,44,65,12.997700
1771535600,2026-02-19 21:13:20,5.000885,BARREL,76,2,45,46,9.198372
1771535600,2026-02-19 21:13:20,5.000885,BARREL,17,1,46,28,5.599009
1771535600,2026-02-19 21:13:20,5.000885,BARREL,17,2,47,69,13.797559
1771535600,2026-02-19 21:13:20,5.000885,BARREL,125,1,48,60,11.997877
1771535600,2026-02-19 21:13:20,5.000885,BARREL,125,2,49,19,3.799328
1771535600,2026-02-19 21:13:20,5.000885,BARREL,104,1,52,0,0.000000
1771535600,2026-02-19 21:13:20,5.000885,BARREL,104,2,53,474,94.783229
1771535600,2026-02-19 21:13:20,5.000885,BARREL,37,1,64,0,0.000000
1771535600,2026-02-19 21:13:20,5.000885,BARREL,37,2,65,0,0.000000
1771535600,2026-02-19 21:13:20,5.000885,BARREL,70,1,66,45,8.998408
1771535600,2026-02-19 21:13:20,5.000885,BARREL,70,2,67,0,0.000000
1771535600,2026-02-19 21:13:20,5.000885,BARREL,28,1,68,59,11.797912
1771535600,2026-02-19 21:13:20,5.000885,BARREL,28,2,69,54,10.798089
1771535600,2026-02-19 21:13:20,5.000885,BARREL,54,1,70,37,7.398691
1771535600,2026-02-19 21:13:20,5.000885,BARREL,54,2,71,0,0.000000
1771535600,2026-02-19 21:13:20,5.000885,BARREL,25,1,72,76,15.197311
1771535600,2026-02-19 21:13:20,5.000885,BARREL,25,2,73,0,0.000000
1771535600,2026-02-19 21:13:20,5.000885,BARREL,301,1,74,48,9.598302
1771535600,2026-02-19 21:13:20,5.000885,BARREL,301,2,75,52,10.398160
1771535600,2026-02-19 21:13:20,5.000885,BARREL,304,1,76,46,9.198372
1771535600,2026-02-19 21:13:20,5.000885,BARREL,304,2,77,46,9.198372
1771535600,2026-02-19 21:13:20,5.000885,BARREL,22,1,78,2007,401.328989
1771535600,2026-02-19 21:13:20,5.000885,BARREL,22,2,79,65,12.997700
1771535600,2026-02-19 21:13:20,5.000885,BARREL,4,1,80,55,10.998054
1771535600,2026-02-19 21:13:20,5.000885,BARREL,4,2,81,69,13.797559
1771535600,2026-02-19 21:13:20,5.000885,BARREL,12,1,82,56,11.198019
1771535600,2026-02-19 21:13:20,5.000885,BARREL,12,2,83,39,7.798620
1771535600,2026-02-19 21:13:20,5.000885,BARREL,99,1,84,71,14.197488
1771535600,2026-02-19 21:13:20,5.000885,BARREL,99,2,85,0,0.000000
1771535600,2026-02-19 21:13:20,5.000885,BARREL,56,1,86,55,10.998054
1771535600,2026-02-19 21:13:20,5.000885,BARREL,56,2,87,71,14.197488
1771535600,2026-02-19 21:13:20,5.000885,BARREL,122,1,88,35,6.998762
1771535600,2026-02-19 21:13:20,5.000885,BARREL,122,2,89,45,8.998408
1771535600,2026-02-19 21:13:20,5.000885,BARREL,55,1,90,41,8.198549
1771535600,2026-02-19 21:13:20,5.000885,BARREL,55,2,91,10,1.999646
1771535600,2026-02-19 21:13:20,5.000885,BARREL,83,1,92,17,3.399399
1771535600,2026-02-19 21:13:20,5.000885,BARREL,83,2,93,0,0.000000
1771535600,2026-02-19 21:13:20,5.000885,BARREL,97,1,94,9,1.799682
1771535600,2026-02-19 21:13:20,5.000885,BARREL,97,2,95,45,8.998408
1771535600,2026-02-19 21:13:20,5.000885,BARREL,84,1,96,52,10.398160
1771535600,2026-02-19 21:13:20,5.000885,BARREL,84,2,97,30,5.998939
1771535600,2026-02-19 21:13:20,5.000885,BARREL,305,1,98,61,12.197842
1771535600,2026-02-19 21:13:20,5.000885,BARREL,305,2,99,41,8.198549
1771535600,2026-02-19 21:13:20,5.000885,BARREL,2,1,100,28,5.599009
1771535600,2026-02-19 21:13:20,5.000885,BARREL,2,2,101,53,10.598125
1771535600,2026-02-19 21:13:20,5.000885,BARREL,45,1,102,52,10.398160
1771535600,2026-02-19 21:13:20,5.000885,BARREL,45,2,103,35,6.998762
1771535600,2026-02-19 21:13:20,5.000885,BARREL,77,1,-1,0,0.000000
1771535600,2026-02-19 21:13:20,5.000885,BARREL,77,2,-1,0,0.000000
1771535600,2026-02-19 21:13:20,5.000885,BOTTOM,11,1,2,51,10.198196
1771535600,2026-02-19 21:13:20,5.000885,BOTTOM,11,2,3,81,16.197134
1771535600,2026-02-19 21:13:20,5.000885,BOTTOM,38,1,4,138,27.595117
1771535600,2026-02-19 21:13:20,5.000885,BOTTOM,38,2,5,242,48.391438
1771535600,2026-02-19 21:13:20,5.000885,BOTTOM,96,1,6,199,39.792959
1771535600,2026-02-19 21:13:20,5.000885,BOTTOM,96,2,7,529,105.781283
1771535600,2026-02-19 21:13:20,5.000885,BOTTOM,307,1,8,129,25.795436
1771535600,2026-02-19 21:13:20,5.000885,BOTTOM,307,2,9,659,131.776683
1771535600,2026-02-19 21:13:20,5.000885,BOTTOM,52,1,10,117,23.395860
1771535600,2026-02-19 21:13:20,5.000885,BOTTOM,52,2,11,207,41.392676
1771535600,2026-02-19 21:13:20,5.000885,BOTTOM,102,1,12,132,26.395330
1771535600,2026-02-19 21:13:20,5.000885,BOTTOM,102,2,13,279,55.790128
1771535600,2026-02-19 21:13:20,5.000885,BOTTOM,124,2,14,18,3.599363
1771535600,2026-02-19 21:13:20,5.000885,BOTTOM,124,1,15,117,23.395860
1771535600,2026-02-19 21:13:20,5.000885,BOTTOM,48,2,16,297,59.389492
1771535600,2026-02-19 21:13:20,5.000885,BOTTOM,48,1,17,128,25.595471
1771535600,2026-02-19 21:13:20,5.000885,BOTTOM,75,2,18,0,0.000000
1771535600,2026-02-19 21:13:20,5.000885,BOTTOM,75,1,19,6,1.199788
1771535600,2026-02-19 21:13:20,5.000885,BOTTOM,109,2,20,177,35.393737
1771535600,2026-02-19 21:13:20,5.000885,BOTTOM,109,1,21,202,40.392853
1771535600,2026-02-19 21:13:20,5.000885,BOTTOM,123,2,22,37,7.398691
1771535600,2026-02-19 21:13:20,5.000885,BOTTOM,123,1,23,13,2.599540
1771535605,2026-02-19 21:13:25,5.000881,TOP,103,1,63,0,0.000000
1771535605,2026-02-19 21:13:25,5.000881,TOP,103,2,62,0,0.000000
1771535605,2026-02-19 21:13:25,5.000881,TOP,300,1,58,0,0.000000
1771535605,2026-02-19 21:13:25,5.000881,TOP,300,2,59,0,0.000000
1771535605,2026-02-19 21:13:25,5.000881,TOP,80,1,60,212,42.392532
1771535605,2026-02-19 21:13:25,5.000881,TOP,80,2,61,223,44.592145
1771535605,2026-02-19 21:13:25,5.000881,TOP,303,1,50,237,47.391652
1771535605,2026-02-19 21:13:25,5.000881,TOP,303,2,57,119,23.795808
1771535605,2026-02-19 21:13:25,5.000881,TOP,88,1,56,29,5.798978
1771535605,2026-02-19 21:13:25,5.000881,TOP,88,2,54,1,0.199965
1771535605,2026-02-19 21:13:25,5.000881,TOP,30,1,127,0,0.000000
1771535605,2026-02-19 21:13:25,5.000881,TOP,30,2,126,152,30.394646
1771535605,2026-02-19 21:13:25,5.000881,TOP,34,1,106,0,0.000000
1771535605,2026-02-19 21:13:25,5.000881,TOP,34,2,107,0,0.000000
1771535605,2026-02-19 21:13:25,5.000881,TOP,74,1,108,84,16.797041
1771535605,2026-02-19 21:13:25,5.000881,TOP,74,2,110,207,41.392708
1771535605,2026-02-19 21:13:25,5.000881,TOP,47,1,112,15,2.999472
1771535605,2026-02-19 21:13:25,5.000881,TOP,47,2,114,207,41.392708
1771535605,2026-02-19 21:13:25,5.000881,TOP,115,1,116,56,11.198027
1771535605,2026-02-19 21:13:25,5.000881,TOP,115,2,118,211,42.192568
1771535605,2026-02-19 21:13:25,5.000881,TOP,46,1,119,0,0.000000
1771535605,2026-02-19 21:13:25,5.000881,TOP,46,2,117,12,2.399577
1771535605,2026-02-19 21:13:25,5.000881,TOP,167,1,115,125,24.995597
1771535605,2026-02-19 21:13:25,5.000881,TOP,167,2,113,88,17.596900
1771535605,2026-02-19 21:13:25,5.000881,TOP,90,1,111,221,44.192215
1771535605,2026-02-19 21:13:25,5.000881,TOP,90,2,109,3,0.599894
1771535605,2026-02-19 21:13:25,5.000881,TOP,302,1,120,0,0.000000
1771535605,2026-02-19 21:13:25,5.000881,TOP,302,2,121,0,0.000000
1771535605,2026-02-19 21:13:25,5.000881,TOP,62,1,122,0,0.000000
1771535605,2026-02-19 21:13:25,5.000881,TOP,62,2,123,0,0.000000
1771535605,2026-02-19 21:13:25,5.000881,TOP,44,1,124,0,0.000000
1771535605,2026-02-19 21:13:25,5.000881,TOP,44,2,125,0,0.000000
1771535605,2026-02-19 21:13:25,5.000881,TOP,61,1,55,163,32.594258
1771535605,2026-02-19 21:13:25,5.000881,TOP,61,2,51,0,0.000000
1771535605,2026-02-19 21:13:25,5.000881,BARREL,26,1,24,57,11.397992
1771535605,2026-02-19 21:13:25,5.000881,BARREL,26,2,25,37,7.398697
1771535605,2026-02-19 21:13:25,5.000881,BARREL,66,1,26,64,12.797746
1771535605,2026-02-19 21:13:25,5.000881,BARREL,66,2,27,47,9.398344
1771535605,2026-02-19 21:13:25,5.000881,BARREL,10,1,28,49,9.798274
1771535605,2026-02-19 21:13:25,5.000881,BARREL,10,2,29,37,7.398697
1771535605,2026-02-19 21:13:25,5.000881,BARREL,58,1,30,0,0.000000
1771535605,2026-02-19 21:13:25,5.000881,BARREL,58,2,31,0,0.000000
1771535605,2026-02-19 21:13:25,5.000881,BARREL,306,1,32,43,8.598485
1771535605,2026-02-19 21:13:25,5.000881,BARREL,306,2,33,37,7.398697
1771535605,2026-02-19 21:13:25,5.000881,BARREL,9,1,34,34,6.798802
1771535605,2026-02-19 21:13:25,5.000881,BARREL,9,2,35,0,0.000000
1771535605,2026-02-19 21:13:25,5.000881,BARREL,57,1,36,57,11.397992
1771535605,2026-02-19 21:13:25,5.000881,BARREL,57,2,37,15,2.999472
1771535605,2026-02-19 21:13:25,5.000881,BARREL,79,1,38,43,8.598485
1771535605,2026-02-19 21:13:25,5.000881,BARREL,79,2,39,63,12.597781
1771535605,2026-02-19 21:13:25,5.000881,BARREL,116,1,40,0,0.000000
1771535605,2026-02-19 21:13:25,5.000881,BARREL,116,2,41,82,16.397112
1771535605,2026-02-19 21:13:25,5.000881,BARREL,13,1,42,0,0.000000
1771535605,2026-02-19 21:13:25,5.000881,BARREL,13,2,43,0,0.000000
1771535605,2026-02-19 21:13:25,5.000881,BARREL,76,1,44,66,13.197675
1771535605,2026-02-19 21:13:25,5.000881,BARREL,76,2,45,35,6.998767
1771535605,2026-02-19 21:13:25,5.000881,BARREL,17,1,46,12,2.399577
1771535605,2026-02-19 21:13:25,5.000881,BARREL,17,2,47,54,10.798098
1771535605,2026-02-19 21:13:25,5.000881,BARREL,125,1,48,61,12.197851
1771535605,2026-02-19 21:13:25,5.000881,BARREL,125,2,49,27,5.399049
1771535605,2026-02-19 21:13:25,5.000881,BARREL,104,1,52,0,0.000000
1771535605,2026-02-19 21:13:25,5.000881,BARREL,104,2,53,452,90.384078
1771535605,2026-02-19 21:13:25,5.000881,BARREL,37,1,64,0,0.000000
1771535605,2026-02-19 21:13:25,5.000881,BARREL,37,2,65,0,0.000000
1771535605,2026-02-19 21:13:25,5.000881,BARREL,70,1,66,63,12.597781
1771535605,2026-02-19 21:13:25,5.000881,BARREL,70,2,67,0,0.000000
1771535605,2026-02-19 21:13:25,5.000881,BARREL,28,1,68,43,8.598485
1771535605,2026-02-19 21:13:25,5.000881,BARREL,28,2,69,60,11.997887
1771535605,2026-02-19 21:13:25,5.000881,BARREL,54,1,70,49,9.798274
1771535605,2026-02-19 21:13:25,5.000881,BARREL,54,2,71,0,0.000000
1771535605,2026-02-19 21:13:25,5.000881,BARREL,25,1,72,55,10.998063
1771535605,2026-02-19 21:13:25,5.000881,BARREL,25,2,73,0,0.000000
1771535605,2026-02-19 21:13:25,5.000881,BARREL,301,1,74,47,9.398344
1771535605,2026-02-19 21:13:25,5.000881,BARREL,301,2,75,59,11.797922
1771535605,2026-02-19 21:13:25,5.000881,BARREL,304,1,76,53,10.598133
1771535605,2026-02-19 21:13:25,5.000881,BARREL,304,2,77,40,7.998591
1771535605,2026-02-19 21:13:25,5.000881,BARREL,22,1,78,1393,278.550932
1771535605,2026-02-19 21:13:25,5.000881,BARREL,22,2,79,45,8.998415
1771535605,2026-02-19 21:13:25,5.000881,BARREL,4,1,80,68,13.597605
1771535605,2026-02-19 21:13:25,5.000881,BARREL,4,2,81,59,11.797922
1771535605,2026-02-19 21:13:25,5.000881,BARREL,12,1,82,50,9.998239
1771535605,2026-02-19 21:13:25,5.000881,BARREL,12,2,83,58,11.597957
1771535605,2026-02-19 21:13:25,5.000881,BARREL,99,1,84,67,13.397640
1771535605,2026-02-19 21:13:25,5.000881,BARREL,99,2,85,0,0.000000
1771535605,2026-02-19 21:13:25,5.000881,BARREL,56,1,86,61,12.197851
1771535605,2026-02-19 21:13:25,5.000881,BARREL,56,2,87,61,12.197851
1771535605,2026-02-19 21:13:25,5.000881,BARREL,122,1,88,33,6.598838
1771535605,2026-02-19 21:13:25,5.000881,BARREL,122,2,89,50,9.998239
1771535605,2026-02-19 21:13:25,5.000881,BARREL,55,1,90,35,6.998767
1771535605,2026-02-19 21:13:25,5.000881,BARREL,55,2,91,13,2.599542
1771535605,2026-02-19 21:13:25,5.000881,BARREL,83,1,92,14,2.799507
1771535605,2026-02-19 21:13:25,5.000881,BARREL,83,2,93,0,0.000000
1771535605,2026-02-19 21:13:25,5.000881,BARREL,97,1,94,6,1.199789
1771535605,2026-02-19 21:13:25,5.000881,BARREL,97,2,95,58,11.597957
1771535605,2026-02-19 21:13:25,5.000881,BARREL,84,1,96,55,10.998063
1771535605,2026-02-19 21:13:25,5.000881,BARREL,84,2,97,31,6.198908
1771535605,2026-02-19 21:13:25,5.000881,BARREL,305,1,98,41,8.198556
1771535605,2026-02-19 21:13:25,5.000881,BARREL,305,2,99,66,13.197675
1771535605,2026-02-19 21:13:25,5.000881,BARREL,2,1,100,31,6.198908
1771535605,2026-02-19 21:13:25,5.000881,BARREL,2,2,101,58,11.597957
1771535605,2026-02-19 21:13:25,5.000881,BARREL,45,1,102,66,13.197675
1771535605,2026-02-19 21:13:25,5.000881,BARREL,45,2,103,27,5.399049
1771535605,2026-02-19 21:13:25,5.000881,BARREL,77,1,-1,0,0.000000
1771535605,2026-02-19 21:13:25,5.000881,BARREL,77,2,-1,0,0.000000
1771535605,2026-02-19 21:13:25,5.000881,BOTTOM,11,1,2,45,8.998415
1771535605,2026-02-19 21:13:25,5.000881,BOTTOM,11,2,3,71,14.197499
1771535605,2026-02-19 21:13:25,5.000881,BOTTOM,38,1,4,170,33.994012
1771535605,2026-02-19 21:13:25,5.000881,BOTTOM,38,2,5,287,57.389890
1771535605,2026-02-19 21:13:25,5.000881,BOTTOM,96,1,6,185,36.993483
1771535605,2026-02-19 21:13:25,5.000881,BOTTOM,96,2,7,591,118.179182
1771535605,2026-02-19 21:13:25,5.000881,BOTTOM,307,1,8,140,27.995069
1771535605,2026-02-19 21:13:25,5.000881,BOTTOM,307,2,9,692,138.375624
1771535605,2026-02-19 21:13:25,5.000881,BOTTOM,52,1,10,112,22.396055
1771535605,2026-02-19 21:13:25,5.000881,BOTTOM,52,2,11,182,36.393589
1771535605,2026-02-19 21:13:25,5.000881,BOTTOM,102,1,12,123,24.595667
1771535605,2026-02-19 21:13:25,5.000881,BOTTOM,102,2,13,281,56.190102
1771535605,2026-02-19 21:13:25,5.000881,BOTTOM,124,2,14,15,2.999472
1771535605,2026-02-19 21:13:25,5.000881,BOTTOM,124,1,15,113,22.596020
1771535605,2026-02-19 21:13:25,5.000881,BOTTOM,48,2,16,287,57.389890
1771535605,2026-02-19 21:13:25,5.000881,BOTTOM,48,1,17,138,27.595139
1771535605,2026-02-19 21:13:25,5.000881,BOTTOM,75,2,18,0,0.000000
1771535605,2026-02-19 21:13:25,5.000881,BOTTOM,75,1,19,9,1.799683
1771535605,2026-02-19 21:13:25,5.000881,BOTTOM,109,2,20,167,33.394117
1771535605,2026-02-19 21:13:25,5.000881,BOTTOM,109,1,21,206,41.192744
1771535605,2026-02-19 21:13:25,5.000881,BOTTOM,123,2,22,42,8.398521
1771535605,2026-02-19 21:13:25,5.000881,BOTTOM,123,1,23,17,3.399401
1771535610,2026-02-19 21:13:30,5.000898,TOP,103,1,63,0,0.000000
1771535610,2026-02-19 21:13:30,5.000898,TOP,103,2,62,0,0.000000
1771535610,2026-02-19 21:13:30,5.000898,TOP,300,1,58,0,0.000000
1771535610,2026-02-19 21:13:30,5.000898,TOP,300,2,59,0,0.000000
1771535610,2026-02-19 21:13:30,5.000898,TOP,80,1,60,212,42.392385
1771535610,2026-02-19 21:13:30,5.000898,TOP,80,2,61,212,42.392385
1771535610,2026-02-19 21:13:30,5.000898,TOP,303,1,50,218,43.592169
1771535610,2026-02-19 21:13:30,5.000898,TOP,303,2,57,95,18.996588
1771535610,2026-02-19 21:13:30,5.000898,TOP,88,1,56,35,6.998743
1771535610,2026-02-19 21:13:30,5.000898,TOP,88,2,54,4,0.799856
1771535610,2026-02-19 21:13:30,5.000898,TOP,30,1,127,0,0.000000
1771535610,2026-02-19 21:13:30,5.000898,TOP,30,2,126,180,35.993534
1771535610,2026-02-19 21:13:30,5.000898,TOP,34,1,106,0,0.000000
1771535610,2026-02-19 21:13:30,5.000898,TOP,34,2,107,0,0.000000
1771535610,2026-02-19 21:13:30,5.000898,TOP,74,1,108,106,21.196192
1771535610,2026-02-19 21:13:30,5.000898,TOP,74,2,110,217,43.392205
1771535610,2026-02-19 21:13:30,5.000898,TOP,47,1,112,10,1.999641
1771535610,2026-02-19 21:13:30,5.000898,TOP,47,2,114,230,45.991738
1771535610,2026-02-19 21:13:30,5.000898,TOP,115,1,116,59,11.797881
1771535610,2026-02-19 21:13:30,5.000898,TOP,115,2,118,224,44.791954
1771535610,2026-02-19 21:13:30,5.000898,TOP,46,1,119,0,0.000000
1771535610,2026-02-19 21:13:30,5.000898,TOP,46,2,117,13,2.599533
1771535610,2026-02-19 21:13:30,5.000898,TOP,167,1,115,120,23.995689
1771535610,2026-02-19 21:13:30,5.000898,TOP,167,2,113,81,16.197090
1771535610,2026-02-19 21:13:30,5.000898,TOP,90,1,111,190,37.993175
1771535610,2026-02-19 21:13:30,5.000898,TOP,90,2,109,9,1.799677
1771535610,2026-02-19 21:13:30,5.000898,TOP,302,1,120,0,0.000000
1771535610,2026-02-19 21:13:30,5.000898,TOP,302,2,121,0,0.000000
1771535610,2026-02-19 21:13:30,5.000898,TOP,62,1,122,0,0.000000
1771535610,2026-02-19 21:13:30,5.000898,TOP,62,2,123,0,0.000000
1771535610,2026-02-19 21:13:30,5.000898,TOP,44,1,124,0,0.000000
1771535610,2026-02-19 21:13:30,5.000898,TOP,44,2,125,0,0.000000
1771535610,2026-02-19 21:13:30,5.000898,TOP,61,1,55,177,35.393642
1771535610,2026-02-19 21:13:30,5.000898,TOP,61,2,51,0,0.000000
1771535610,2026-02-19 21:13:30,5.000898,BARREL,26,1,24,52,10.398132
1771535610,2026-02-19 21:13:30,5.000898,BARREL,26,2,25,36,7.198707
1771535610,2026-02-19 21:13:30,5.000898,BARREL,66,1,26,59,11.797881
1771535610,2026-02-19 21:13:30,5.000898,BARREL,66,2,27,28,5.598994
1771535610,2026-02-19 21:13:30,5.000898,BARREL,10,1,28,71,14.197450
1771535610,2026-02-19 21:13:30,5.000898,BARREL,10,2,29,41,8.198527
1771535610,2026-02-19 21:13:30,5.000898,BARREL,58,1,30,0,0.000000
1771535610,2026-02-19 21:13:30,5.000898,BARREL,58,2,31,0,0.000000
1771535610,2026-02-19 21:13:30,5.000898,BARREL,306,1,32,47,9.398312
1771535610,2026-02-19 21:13:30,5.000898,BARREL,306,2,33,37,7.398671
1771535610,2026-02-19 21:13:30,5.000898,BARREL,9,1,34,40,7.998563
1771535610,2026-02-19 21:13:30,5.000898,BARREL,9,2,35,1,0.199964
1771535610,2026-02-19 21:13:30,5.000898,BARREL,57,1,36,66,13.197629
1771535610,2026-02-19 21:13:30,5.000898,BARREL,57,2,37,17,3.399389
1771535610,2026-02-19 21:13:30,5.000898,BARREL,79,1,38,39,7.798599
1771535610,2026-02-19 21:13:30,5.000898,BARREL,79,2,39,66,13.197629
1771535610,2026-02-19 21:13:30,5.000898,BARREL,116,1,40,0,0.000000
1771535610,2026-02-19 21:13:30,5.000898,BARREL,116,2,41,57,11.397953
1771535610,2026-02-19 21:13:30,5.000898,BARREL,13,1,42,1,0.199964
1771535610,2026-02-19 21:13:30,5.000898,BARREL,13,2,43,0,0.000000
1771535610,2026-02-19 21:13:30,5.000898,BARREL,76,1,44,56,11.197988
1771535610,2026-02-19 21:13:30,5.000898,BARREL,76,2,45,35,6.998743
1771535610,2026-02-19 21:13:30,5.000898,BARREL,17,1,46,22,4.399210
1771535610,2026-02-19 21:13:30,5.000898,BARREL,17,2,47,53,10.598096
1771535610,2026-02-19 21:13:30,5.000898,BARREL,125,1,48,56,11.197988
1771535610,2026-02-19 21:13:30,5.000898,BARREL,125,2,49,17,3.399389
1771535610,2026-02-19 21:13:30,5.000898,BARREL,104,1,52,0,0.000000
1771535610,2026-02-19 21:13:30,5.000898,BARREL,104,2,53,494,98.782255
1771535610,2026-02-19 21:13:30,5.000898,BARREL,37,1,64,0,0.000000
1771535610,2026-02-19 21:13:30,5.000898,BARREL,37,2,65,0,0.000000
1771535610,2026-02-19 21:13:30,5.000898,BARREL,70,1,66,58,11.597917
1771535610,2026-02-19 21:13:30,5.000898,BARREL,70,2,67,0,0.000000
1771535610,2026-02-19 21:13:30,5.000898,BARREL,28,1,68,48,9.598276
1771535610,2026-02-19 21:13:30,5.000898,BARREL,28,2,69,71,14.197450
1771535610,2026-02-19 21:13:30,5.000898,BARREL,54,1,70,59,11.797881
1771535610,2026-02-19 21:13:30,5.000898,BARREL,54,2,71,0,0.000000
1771535610,2026-02-19 21:13:30,5.000898,BARREL,25,1,72,51,10.198168
1771535610,2026-02-19 21:13:30,5.000898,BARREL,25,2,73,0,0.000000
1771535610,2026-02-19 21:13:30,5.000898,BARREL,301,1,74,56,11.197988
1771535610,2026-02-19 21:13:30,5.000898,BARREL,301,2,75,68,13.597557
1771535610,2026-02-19 21:13:30,5.000898,BARREL,304,1,76,47,9.398312
1771535610,2026-02-19 21:13:30,5.000898,BARREL,304,2,77,53,10.598096
1771535610,2026-02-19 21:13:30,5.000898,BARREL,22,1,78,1547,309.344430
1771535610,2026-02-19 21:13:30,5.000898,BARREL,22,2,79,50,9.998204
1771535610,2026-02-19 21:13:30,5.000898,BARREL,4,1,80,53,10.598096
1771535610,2026-02-19 21:13:30,5.000898,BARREL,4,2,81,70,13.997486
1771535610,2026-02-19 21:13:30,5.000898,BARREL,12,1,82,58,11.597917
1771535610,2026-02-19 21:13:30,5.000898,BARREL,12,2,83,59,11.797881
1771535610,2026-02-19 21:13:30,5.000898,BARREL,99,1,84,60,11.997845
1771535610,2026-02-19 21:13:30,5.000898,BARREL,99,2,85,0,0.000000
1771535610,2026-02-19 21:13:30,5.000898,BARREL,56,1,86,54,10.798060
1771535610,2026-02-19 21:13:30,5.000898,BARREL,56,2,87,68,13.597557
1771535610,2026-02-19 21:13:30,5.000898,BARREL,122,1,88,37,7.398671
1771535610,2026-02-19 21:13:30,5.000898,BARREL,122,2,89,44,8.798419
1771535610,2026-02-19 21:13:30,5.000898,BARREL,55,1,90,53,10.598096
1771535610,2026-02-19 21:13:30,5.000898,BARREL,55,2,91,8,1.599713
1771535610,2026-02-19 21:13:30,5.000898,BARREL,83,1,92,23,4.599174
1771535610,2026-02-19 21:13:30,5.000898,BARREL,83,2,93,0,0.000000
1771535610,2026-02-19 21:13:30,5.000898,BARREL,97,1,94,11,2.199605
1771535610,2026-02-19 21:13:30,5.000898,BARREL,97,2,95,54,10.798060
1771535610,2026-02-19 21:13:30,5.000898,BARREL,84,1,96,48,9.598276
1771535610,2026-02-19 21:13:30,5.000898,BARREL,84,2,97,36,7.198707
1771535610,2026-02-19 21:13:30,5.000898,BARREL,305,1,98,73,14.597378
1771535610,2026-02-19 21:13:30,5.000898,BARREL,305,2,99,50,9.998204
1771535610,2026-02-19 21:13:30,5.000898,BARREL,2,1,100,33,6.598815
1771535610,2026-02-19 21:13:30,5.000898,BARREL,2,2,101,49,9.798240
1771535610,2026-02-19 21:13:30,5.000898,BARREL,45,1,102,46,9.198348
1771535610,2026-02-19 21:13:30,5.000898,BARREL,45,2,103,41,8.198527
1771535610,2026-02-19 21:13:30,5.000898,BARREL,77,1,-1,0,0.000000
1771535610,2026-02-19 21:13:30,5.000898,BARREL,77,2,-1,0,0.000000
1771535610,2026-02-19 21:13:30,5.000898,BOTTOM,11,1,2,49,9.798240
1771535610,2026-02-19 21:13:30,5.000898,BOTTOM,11,2,3,69,13.797521
1771535610,2026-02-19 21:13:30,5.000898,BOTTOM,38,1,4,159,31.794289
1771535610,2026-02-19 21:13:30,5.000898,BOTTOM,38,2,5,283,56.589834
1771535610,2026-02-19 21:13:30,5.000898,BOTTOM,96,1,6,183,36.593426
1771535610,2026-02-19 21:13:30,5.000898,BOTTOM,96,2,7,536,107.180746
1771535610,2026-02-19 21:13:30,5.000898,BOTTOM,307,1,8,150,29.994612
1771535610,2026-02-19 21:13:30,5.000898,BOTTOM,307,2,9,663,132.576184
1771535610,2026-02-19 21:13:30,5.000898,BOTTOM,52,1,10,118,23.595761
1771535610,2026-02-19 21:13:30,5.000898,BOTTOM,52,2,11,217,43.392205
1771535610,2026-02-19 21:13:30,5.000898,BOTTOM,102,1,12,140,27.994971
1771535610,2026-02-19 21:13:30,5.000898,BOTTOM,102,2,13,313,62.588757
1771535610,2026-02-19 21:13:30,5.000898,BOTTOM,124,2,14,13,2.599533
1771535610,2026-02-19 21:13:30,5.000898,BOTTOM,124,1,15,83,16.597019
1771535610,2026-02-19 21:13:30,5.000898,BOTTOM,48,2,16,288,57.589655
1771535610,2026-02-19 21:13:30,5.000898,BOTTOM,48,1,17,140,27.994971
1771535610,2026-02-19 21:13:30,5.000898,BOTTOM,75,2,18,0,0.000000
1771535610,2026-02-19 21:13:30,5.000898,BOTTOM,75,1,19,9,1.799677
1771535610,2026-02-19 21:13:30,5.000898,BOTTOM,109,2,20,185,36.993355
1771535610,2026-02-19 21:13:30,5.000898,BOTTOM,109,1,21,179,35.793570
1771535610,2026-02-19 21:13:30,5.000898,BOTTOM,123,2,22,44,8.798419
1771535610,2026-02-19 21:13:30,5.000898,BOTTOM,123,1,23,14,2.799497
1771535615,2026-02-19 21:13:35,5.000883,TOP,103,1,63,0,0.000000
1771535615,2026-02-19 21:13:35,5.000883,TOP,103,2,62,0,0.000000
1771535615,2026-02-19 21:13:35,5.000883,TOP,300,1,58,0,0.000000
1771535615,2026-02-19 21:13:35,5.000883,TOP,300,2,59,0,0.000000
1771535615,2026-02-19 21:13:35,5.000883,TOP,80,1,60,199,39.792974
1771535615,2026-02-19 21:13:35,5.000883,TOP,80,2,61,243,48.591420
1771535615,2026-02-19 21:13:35,5.000883,TOP,303,1,50,236,47.191667
1771535615,2026-02-19 21:13:35,5.000883,TOP,303,2,57,108,21.596187
1771535615,2026-02-19 21:13:35,5.000883,TOP,88,1,56,33,6.598835
1771535615,2026-02-19 21:13:35,5.000883,TOP,88,2,54,2,0.399929
1771535615,2026-02-19 21:13:35,5.000883,TOP,30,1,127,0,0.000000
1771535615,2026-02-19 21:13:35,5.000883,TOP,30,2,126,204,40.792797
1771535615,2026-02-19 21:13:35,5.000883,TOP,34,1,106,0,0.000000
1771535615,2026-02-19 21:13:35,5.000883,TOP,34,2,107,0,0.000000
1771535615,2026-02-19 21:13:35,5.000883,TOP,74,1,108,93,18.596716
1771535615,2026-02-19 21:13:35,5.000883,TOP,74,2,110,212,42.392515
1771535615,2026-02-19 21:13:35,5.000883,TOP,47,1,112,19,3.799329
1771535615,2026-02-19 21:13:35,5.000883,TOP,47,2,114,239,47.791562
1771535615,2026-02-19 21:13:35,5.000883,TOP,115,1,116,32,6.398870
1771535615,2026-02-19 21:13:35,5.000883,TOP,115,2,118,229,45.791915
1771535615,2026-02-19 21:13:35,5.000883,TOP,46,1,119,0,0.000000
1771535615,2026-02-19 21:13:35,5.000883,TOP,46,2,117,4,0.799859
1771535615,2026-02-19 21:13:35,5.000883,TOP,167,1,115,97,19.396575
1771535615,2026-02-19 21:13:35,5.000883,TOP,167,2,113,98,19.596540
1771535615,2026-02-19 21:13:35,5.000883,TOP,90,1,111,204,40.792797
1771535615,2026-02-19 21:13:35,5.000883,TOP,90,2,109,15,2.999470
1771535615,2026-02-19 21:13:35,5.000883,TOP,302,1,120,0,0.000000
1771535615,2026-02-19 21:13:35,5.000883,TOP,302,2,121,0,0.000000
1771535615,2026-02-19 21:13:35,5.000883,TOP,62,1,122,0,0.000000
1771535615,2026-02-19 21:13:35,5.000883,TOP,62,2,123,0,0.000000
1771535615,2026-02-19 21:13:35,5.000883,TOP,44,1,124,0,0.000000
1771535615,2026-02-19 21:13:35,5.000883,TOP,44,2,125,0,0.000000
1771535615,2026-02-19 21:13:35,5.000883,TOP,61,1,55,155,30.994527
1771535615,2026-02-19 21:13:35,5.000883,TOP,61,2,51,2,0.399929
1771535615,2026-02-19 21:13:35,5.000883,BARREL,26,1,24,60,11.997882
1771535615,2026-02-19 21:13:35,5.000883,BARREL,26,2,25,45,8.998411
1771535615,2026-02-19 21:13:35,5.000883,BARREL,66,1,26,60,11.997882
1771535615,2026-02-19 21:13:35,5.000883,BARREL,66,2,27,36,7.198729
1771535615,2026-02-19 21:13:35,5.000883,BARREL,10,1,28,50,9.998235
1771535615,2026-02-19 21:13:35,5.000883,BARREL,10,2,29,47,9.398341
1771535615,2026-02-19 21:13:35,5.000883,BARREL,58,1,30,0,0.000000
1771535615,2026-02-19 21:13:35,5.000883,BARREL,58,2,31,0,0.000000
1771535615,2026-02-19 21:13:35,5.000883,BARREL,306,1,32,47,9.398341
1771535615,2026-02-19 21:13:35,5.000883,BARREL,306,2,33,36,7.198729
1771535615,2026-02-19 21:13:35,5.000883,BARREL,9,1,34,29,5.798976
1771535615,2026-02-19 21:13:35,5.000883,BARREL,9,2,35,0,0.000000
1771535615,2026-02-19 21:13:35,5.000883,BARREL,57,1,36,57,11.397987
1771535615,2026-02-19 21:13:35,5.000883,BARREL,57,2,37,16,3.199435
1771535615,2026-02-19 21:13:35,5.000883,BARREL,79,1,38,43,8.598482
1771535615,2026-02-19 21:13:35,5.000883,BARREL,79,2,39,73,14.597423
1771535615,2026-02-19 21:13:35,5.000883,BARREL,116,1,40,0,0.000000
1771535615,2026-02-19 21:13:35,5.000883,BARREL,116,2,41,66,13.197670
1771535615,2026-02-19 21:13:35,5.000883,BARREL,13,1,42,0,0.000000
1771535615,2026-02-19 21:13:35,5.000883,BARREL,13,2,43,0,0.000000
1771535615,2026-02-19 21:13:35,5.000883,BARREL,76,1,44,54,10.798093
1771535615,2026-02-19 21:13:35,5.000883,BARREL,76,2,45,41,8.198552
1771535615,2026-02-19 21:13:35,5.000883,BARREL,17,1,46,18,3.599364
1771535615,2026-02-19 21:13:35,5.000883,BARREL,17,2,47,50,9.998235
1771535615,2026-02-19 21:13:35,5.000883,BARREL,125,1,48,42,8.398517
1771535615,2026-02-19 21:13:35,5.000883,BARREL,125,2,49,24,4.799153
1771535615,2026-02-19 21:13:35,5.000883,BARREL,104,1,52,0,0.000000
1771535615,2026-02-19 21:13:35,5.000883,BARREL,104,2,53,445,88.984288
1771535615,2026-02-19 21:13:35,5.000883,BARREL,37,1,64,0,0.000000
1771535615,2026-02-19 21:13:35,5.000883,BARREL,37,2,65,0,0.000000
1771535615,2026-02-19 21:13:35,5.000883,BARREL,70,1,66,39,7.798623
1771535615,2026-02-19 21:13:35,5.000883,BARREL,70,2,67,0,0.000000
1771535615,2026-02-19 21:13:35,5.000883,BARREL,28,1,68,52,10.398164
1771535615,2026-02-19 21:13:35,5.000883,BARREL,28,2,69,62,12.397811
1771535615,2026-02-19 21:13:35,5.000883,BARREL,54,1,70,44,8.798446
1771535615,2026-02-19 21:13:35,5.000883,BARREL,54,2,71,0,0.000000
1771535615,2026-02-19 21:13:35,5.000883,BARREL,25,1,72,53,10.598129
1771535615,2026-02-19 21:13:35,5.000883,BARREL,25,2,73,0,0.000000
1771535615,2026-02-19 21:13:35,5.000883,BARREL,301,1,74,53,10.598129
1771535615,2026-02-19 21:13:35,5.000883,BARREL,301,2,75,74,14.797387
1771535615,2026-02-19 21:13:35,5.000883,BARREL,304,1,76,49,9.798270
1771535615,2026-02-19 21:13:35,5.000883,BARREL,304,2,77,51,10.198199
1771535615,2026-02-19 21:13:35,5.000883,BARREL,22,1,78,1766,353.137647
1771535615,2026-02-19 21:13:35,5.000883,BARREL,22,2,79,57,11.397987
1771535615,2026-02-19 21:13:35,5.000883,BARREL,4,1,80,62,12.397811
1771535615,2026-02-19 21:13:35,5.000883,BARREL,4,2,81,68,13.597599
1771535615,2026-02-19 21:13:35,5.000883,BARREL,12,1,82,64,12.797740
1771535615,2026-02-19 21:13:35,5.000883,BARREL,12,2,83,36,7.198729
1771535615,2026-02-19 21:13:35,5.000883,BARREL,99,1,84,53,10.598129
1771535615,2026-02-19 21:13:35,5.000883,BARREL,99,2,85,0,0.000000
1771535615,2026-02-19 21:13:35,5.000883,BARREL,56,1,86,54,10.798093
1771535615,2026-02-19 21:13:35,5.000883,BARREL,56,2,87,74,14.797387
1771535615,2026-02-19 21:13:35,5.000883,BARREL,122,1,88,26,5.199082
1771535615,2026-02-19 21:13:35,5.000883,BARREL,122,2,89,42,8.398517
1771535615,2026-02-19 21:13:35,5.000883,BARREL,55,1,90,32,6.398870
1771535615,2026-02-19 21:13:35,5.000883,BARREL,55,2,91,5,0.999823
1771535615,2026-02-19 21:13:35,5.000883,BARREL,83,1,92,8,1.599718
1771535615,2026-02-19 21:13:35,5.000883,BARREL,83,2,93,0,0.000000
1771535615,2026-02-19 21:13:35,5.000883,BARREL,97,1,94,9,1.799682
1771535615,2026-02-19 21:13:35,5.000883,BARREL,97,2,95,50,9.998235
1771535615,2026-02-19 21:13:35,5.000883,BARREL,84,1,96,63,12.597776
1771535615,2026-02-19 21:13:35,5.000883,BARREL,84,2,97,34,6.798800
1771535615,2026-02-19 21:13:35,5.000883,BARREL,305,1,98,74,14.797387
1771535615,2026-02-19 21:13:35,5.000883,BARREL,305,2,99,58,11.597952
1771535615,2026-02-19 21:13:35,5.000883,BARREL,2,1,100,29,5.798976
1771535615,2026-02-19 21:13:35,5.000883,BARREL,2,2,101,43,8.598482
1771535615,2026-02-19 21:13:35,5.000883,BARREL,45,1,102,60,11.997882
1771535615,2026-02-19 21:13:35,5.000883,BARREL,45,2,103,33,6.598835
1771535615,2026-02-19 21:13:35,5.000883,BARREL,77,1,-1,0,0.000000
1771535615,2026-02-19 21:13:35,5.000883,BARREL,77,2,-1,0,0.000000
1771535615,2026-02-19 21:13:35,5.000883,BOTTOM,11,1,2,35,6.998764
1771535615,2026-02-19 21:13:35,5.000883,BOTTOM,11,2,3,62,12.397811
1771535615,2026-02-19 21:13:35,5.000883,BOTTOM,38,1,4,170,33.993998
1771535615,2026-02-19 21:13:35,5.000883,BOTTOM,38,2,5,316,63.188843
1771535615,2026-02-19 21:13:35,5.000883,BOTTOM,96,1,6,185,36.993468
1771535615,2026-02-19 21:13:35,5.000883,BOTTOM,96,2,7,518,103.581711
1771535615,2026-02-19 21:13:35,5.000883,BOTTOM,307,1,8,125,24.995587
1771535615,2026-02-19 21:13:35,5.000883,BOTTOM,307,2,9,661,132.176662
1771535615,2026-02-19 21:13:35,5.000883,BOTTOM,52,1,10,107,21.396222
1771535615,2026-02-19 21:13:35,5.000883,BOTTOM,52,2,11,173,34.593892
1771535615,2026-02-19 21:13:35,5.000883,BOTTOM,102,1,12,179,35.793680
1771535615,2026-02-19 21:13:35,5.000883,BOTTOM,102,2,13,280,55.990114
1771535615,2026-02-19 21:13:35,5.000883,BOTTOM,124,2,14,22,4.399223
1771535615,2026-02-19 21:13:35,5.000883,BOTTOM,124,1,15,126,25.195551
1771535615,2026-02-19 21:13:35,5.000883,BOTTOM,48,2,16,292,58.389690
1771535615,2026-02-19 21:13:35,5.000883,BOTTOM,48,1,17,135,26.995234
1771535615,2026-02-19 21:13:35,5.000883,BOTTOM,75,2,18,0,0.000000
1771535615,2026-02-19 21:13:35,5.000883,BOTTOM,75,1,19,10,1.999647
1771535615,2026-02-19 21:13:35,5.000883,BOTTOM,109,2,20,167,33.394104
1771535615,2026-02-19 21:13:35,5.000883,BOTTOM,109,1,21,157,31.394457
1771535615,2026-02-19 21:13:35,5.000883,BOTTOM,123,2,22,43,8.598482
1771535615,2026-02-19 21:13:35,5.000883,BOTTOM,123,1,23,20,3.999294
1771535620,2026-02-19 21:13:40,5.000885,TOP,103,1,63,0,0.000000
1771535620,2026-02-19 21:13:40,5.000885,TOP,103,2,62,0,0.000000
1771535620,2026-02-19 21:13:40,5.000885,TOP,300,1,58,0,0.000000
1771535620,2026-02-19 21:13:40,5.000885,TOP,300,2,59,0,0.000000
1771535620,2026-02-19 21:13:40,5.000885,TOP,80,1,60,195,38.993096
1771535620,2026-02-19 21:13:40,5.000885,TOP,80,2,61,211,42.192529
1771535620,2026-02-19 21:13:40,5.000885,TOP,303,1,50,199,39.792954
1771535620,2026-02-19 21:13:40,5.000885,TOP,303,2,57,120,23.995751
1771535620,2026-02-19 21:13:40,5.000885,TOP,88,1,56,32,6.398867
1771535620,2026-02-19 21:13:40,5.000885,TOP,88,2,54,5,0.999823
1771535620,2026-02-19 21:13:40,5.000885,TOP,30,1,127,0,0.000000
1771535620,2026-02-19 21:13:40,5.000885,TOP,30,2,126,166,33.194123
1771535620,2026-02-19 21:13:40,5.000885,TOP,34,1,106,0,0.000000
1771535620,2026-02-19 21:13:40,5.000885,TOP,34,2,107,0,0.000000
1771535620,2026-02-19 21:13:40,5.000885,TOP,74,1,108,97,19.396566
1771535620,2026-02-19 21:13:40,5.000885,TOP,74,2,110,210,41.992565
1771535620,2026-02-19 21:13:40,5.000885,TOP,47,1,112,20,3.999292
1771535620,2026-02-19 21:13:40,5.000885,TOP,47,2,114,205,40.992742
1771535620,2026-02-19 21:13:40,5.000885,TOP,115,1,116,51,10.198194
1771535620,2026-02-19 21:13:40,5.000885,TOP,115,2,118,230,45.991857
1771535620,2026-02-19 21:13:40,5.000885,TOP,46,1,119,0,0.000000
1771535620,2026-02-19 21:13:40,5.000885,TOP,46,2,117,15,2.999469
1771535620,2026-02-19 21:13:40,5.000885,TOP,167,1,115,140,27.995043
1771535620,2026-02-19 21:13:40,5.000885,TOP,167,2,113,96,19.196601
1771535620,2026-02-19 21:13:40,5.000885,TOP,90,1,111,199,39.792954
1771535620,2026-02-19 21:13:40,5.000885,TOP,90,2,109,9,1.799681
1771535620,2026-02-19 21:13:40,5.000885,TOP,302,1,120,1,0.199965
1771535620,2026-02-19 21:13:40,5.000885,TOP,302,2,121,0,0.000000
1771535620,2026-02-19 21:13:40,5.000885,TOP,62,1,122,0,0.000000
1771535620,2026-02-19 21:13:40,5.000885,TOP,62,2,123,0,0.000000
1771535620,2026-02-19 21:13:40,5.000885,TOP,44,1,124,0,0.000000
1771535620,2026-02-19 21:13:40,5.000885,TOP,44,2,125,0,0.000000
1771535620,2026-02-19 21:13:40,5.000885,TOP,61,1,55,156,31.194477
1771535620,2026-02-19 21:13:40,5.000885,TOP,61,2,51,0,0.000000
1771535620,2026-02-19 21:13:40,5.000885,BARREL,26,1,24,52,10.398159
1771535620,2026-02-19 21:13:40,5.000885,BARREL,26,2,25,32,6.398867
1771535620,2026-02-19 21:13:40,5.000885,BARREL,66,1,26,61,12.197840
1771535620,2026-02-19 21:13:40,5.000885,BARREL,66,2,27,33,6.598832
1771535620,2026-02-19 21:13:40,5.000885,BARREL,10,1,28,42,8.398513
1771535620,2026-02-19 21:13:40,5.000885,BARREL,10,2,29,45,8.998407
1771535620,2026-02-19 21:13:40,5.000885,BARREL,58,1,30,0,0.000000
1771535620,2026-02-19 21:13:40,5.000885,BARREL,58,2,31,0,0.000000
1771535620,2026-02-19 21:13:40,5.000885,BARREL,306,1,32,51,10.198194
1771535620,2026-02-19 21:13:40,5.000885,BARREL,306,2,33,42,8.398513
1771535620,2026-02-19 21:13:40,5.000885,BARREL,9,1,34,40,7.998584
1771535620,2026-02-19 21:13:40,5.000885,BARREL,9,2,35,0,0.000000
1771535620,2026-02-19 21:13:40,5.000885,BARREL,57,1,36,52,10.398159
1771535620,2026-02-19 21:13:40,5.000885,BARREL,57,2,37,21,4.199256
1771535620,2026-02-19 21:13:40,5.000885,BARREL,79,1,38,46,9.198371
1771535620,2026-02-19 21:13:40,5.000885,BARREL,79,2,39,68,13.597592
1771535620,2026-02-19 21:13:40,5.000885,BARREL,116,1,40,0,0.000000
1771535620,2026-02-19 21:13:40,5.000885,BARREL,116,2,41,57,11.397982
1771535620,2026-02-19 21:13:40,5.000885,BARREL,13,1,42,0,0.000000
1771535620,2026-02-19 21:13:40,5.000885,BARREL,13,2,43,0,0.000000
1771535620,2026-02-19 21:13:40,5.000885,BARREL,76,1,44,71,14.197486
1771535620,2026-02-19 21:13:40,5.000885,BARREL,76,2,45,33,6.598832
1771535620,2026-02-19 21:13:40,5.000885,BARREL,17,1,46,21,4.199256
1771535620,2026-02-19 21:13:40,5.000885,BARREL,17,2,47,46,9.198371
1771535620,2026-02-19 21:13:40,5.000885,BARREL,125,1,48,62,12.397805
1771535620,2026-02-19 21:13:40,5.000885,BARREL,125,2,49,17,3.399398
1771535620,2026-02-19 21:13:40,5.000885,BARREL,104,1,52,0,0.000000
1771535620,2026-02-19 21:13:40,5.000885,BARREL,104,2,53,449,89.784103
1771535620,2026-02-19 21:13:40,5.000885,BARREL,37,1,64,1,0.199965
1771535620,2026-02-19 21:13:40,5.000885,BARREL,37,2,65,1,0.199965
1771535620,2026-02-19 21:13:40,5.000885,BARREL,70,1,66,42,8.398513
1771535620,2026-02-19 21:13:40,5.000885,BARREL,70,2,67,0,0.000000
1771535620,2026-02-19 21:13:40,5.000885,BARREL,28,1,68,60,11.997876
1771535620,2026-02-19 21:13:40,5.000885,BARREL,28,2,69,58,11.597946
1771535620,2026-02-19 21:13:40,5.000885,BARREL,54,1,70,38,7.598655
1771535620,2026-02-19 21:13:40,5.000885,BARREL,54,2,71,0,0.000000
1771535620,2026-02-19 21:13:40,5.000885,BARREL,25,1,72,63,12.597769
1771535620,2026-02-19 21:13:40,5.000885,BARREL,25,2,73,0,0.000000
1771535620,2026-02-19 21:13:40,5.000885,BARREL,301,1,74,47,9.398336
1771535620,2026-02-19 21:13:40,5.000885,BARREL,301,2,75,60,11.997876
1771535620,2026-02-19 21:13:40,5.000885,BARREL,304,1,76,70,13.997522
1771535620,2026-02-19 21:13:40,5.000885,BARREL,304,2,77,55,10.998053
1771535620,2026-02-19 21:13:40,5.000885,BARREL,22,1,78,1732,346.338677
1771535620,2026-02-19 21:13:40,5.000885,BARREL,22,2,79,56,11.198017
1771535620,2026-02-19 21:13:40,5.000885,BARREL,4,1,80,48,9.598301
1771535620,2026-02-19 21:13:40,5.000885,BARREL,4,2,81,75,14.997345
1771535620,2026-02-19 21:13:40,5.000885,BARREL,12,1,82,62,12.397805
1771535620,2026-02-19 21:13:40,5.000885,BARREL,12,2,83,56,11.198017
1771535620,2026-02-19 21:13:40,5.000885,BARREL,99,1,84,69,13.797557
1771535620,2026-02-19 21:13:40,5.000885,BARREL,99,2,85,0,0.000000
1771535620,2026-02-19 21:13:40,5.000885,BARREL,56,1,86,57,11.397982
1771535620,2026-02-19 21:13:40,5.000885,BARREL,56,2,87,79,15.797203
1771535620,2026-02-19 21:13:40,5.000885,BARREL,122,1,88,29,5.798973
1771535620,2026-02-19 21:13:40,5.000885,BARREL,122,2,89,58,11.597946
1771535620,2026-02-19 21:13:40,5.000885,BARREL,55,1,90,29,5.798973
1771535620,2026-02-19 21:13:40,5.000885,BARREL,55,2,91,15,2.999469
1771535620,2026-02-19 21:13:40,5.000885,BARREL,83,1,92,18,3.599363
1771535620,2026-02-19 21:13:40,5.000885,BARREL,83,2,93,0,0.000000
1771535620,2026-02-19 21:13:40,5.000885,BARREL,97,1,94,9,1.799681
1771535620,2026-02-19 21:13:40,5.000885,BARREL,97,2,95,49,9.798265
1771535620,2026-02-19 21:13:40,5.000885,BARREL,84,1,96,50,9.998230
1771535620,2026-02-19 21:13:40,5.000885,BARREL,84,2,97,28,5.599009
1771535620,2026-02-19 21:13:40,5.000885,BARREL,305,1,98,50,9.998230
1771535620,2026-02-19 21:13:40,5.000885,BARREL,305,2,99,49,9.798265
1771535620,2026-02-19 21:13:40,5.000885,BARREL,2,1,100,33,6.598832
1771535620,2026-02-19 21:13:40,5.000885,BARREL,2,2,101,58,11.597946
1771535620,2026-02-19 21:13:40,5.000885,BARREL,45,1,102,47,9.398336
1771535620,2026-02-19 21:13:40,5.000885,BARREL,45,2,103,46,9.198371
1771535620,2026-02-19 21:13:40,5.000885,BARREL,77,1,-1,0,0.000000
1771535620,2026-02-19 21:13:40,5.000885,BARREL,77,2,-1,0,0.000000
1771535620,2026-02-19 21:13:40,5.000885,BOTTOM,11,1,2,49,9.798265
1771535620,2026-02-19 21:13:40,5.000885,BOTTOM,11,2,3,79,15.797203
1771535620,2026-02-19 21:13:40,5.000885,BOTTOM,38,1,4,177,35.393733
1771535620,2026-02-19 21:13:40,5.000885,BOTTOM,38,2,5,309,61.789060
1771535620,2026-02-19 21:13:40,5.000885,BOTTOM,96,1,6,226,45.191998
1771535620,2026-02-19 21:13:40,5.000885,BOTTOM,96,2,7,941,188.166683
1771535620,2026-02-19 21:13:40,5.000885,BOTTOM,307,1,8,158,31.594406
1771535620,2026-02-19 21:13:40,5.000885,BOTTOM,307,2,9,662,132.376561
1771535620,2026-02-19 21:13:40,5.000885,BOTTOM,52,1,10,106,21.196247
1771535620,2026-02-19 21:13:40,5.000885,BOTTOM,52,2,11,223,44.592104
1771535620,2026-02-19 21:13:40,5.000885,BOTTOM,102,1,12,163,32.594229
1771535620,2026-02-19 21:13:40,5.000885,BOTTOM,102,2,13,268,53.590511
1771535620,2026-02-19 21:13:40,5.000885,BOTTOM,124,2,14,18,3.599363
1771535620,2026-02-19 21:13:40,5.000885,BOTTOM,124,1,15,98,19.596530
1771535620,2026-02-19 21:13:40,5.000885,BOTTOM,48,2,16,290,57.989732
1771535620,2026-02-19 21:13:40,5.000885,BOTTOM,48,1,17,131,26.195362
1771535620,2026-02-19 21:13:40,5.000885,BOTTOM,75,2,18,0,0.000000
1771535620,2026-02-19 21:13:40,5.000885,BOTTOM,75,1,19,7,1.399752
1771535620,2026-02-19 21:13:40,5.000885,BOTTOM,109,2,20,175,34.993804
1771535620,2026-02-19 21:13:40,5.000885,BOTTOM,109,1,21,230,45.991857
1771535620,2026-02-19 21:13:40,5.000885,BOTTOM,123,2,22,40,7.998584
1771535620,2026-02-19 21:13:40,5.000885,BOTTOM,123,1,23,21,4.199256
1771535625,2026-02-19 21:13:45,5.000989,TOP,103,1,63,0,0.000000
1771535625,2026-02-19 21:13:45,5.000989,TOP,103,2,62,0,0.000000
1771535625,2026-02-19 21:13:45,5.000989,TOP,300,1,58,0,0.000000
1771535625,2026-02-19 21:13:45,5.000989,TOP,300,2,59,0,0.000000
1771535625,2026-02-19 21:13:45,5.000989,TOP,80,1,60,229,45.790942
1771535625,2026-02-19 21:13:45,5.000989,TOP,80,2,61,188,37.592563
1771535625,2026-02-19 21:13:45,5.000989,TOP,303,1,50,187,37.392603
1771535625,2026-02-19 21:13:45,5.000989,TOP,303,2,57,122,24.395174
1771535625,2026-02-19 21:13:45,5.000989,TOP,88,1,56,30,5.998813
1771535625,2026-02-19 21:13:45,5.000989,TOP,88,2,54,1,0.199960
1771535625,2026-02-19 21:13:45,5.000989,TOP,30,1,127,0,0.000000
1771535625,2026-02-19 21:13:45,5.000989,TOP,30,2,126,172,34.393196
1771535625,2026-02-19 21:13:45,5.000989,TOP,34,1,106,0,0.000000
1771535625,2026-02-19 21:13:45,5.000989,TOP,34,2,107,0,0.000000
1771535625,2026-02-19 21:13:45,5.000989,TOP,74,1,108,91,18.196400
1771535625,2026-02-19 21:13:45,5.000989,TOP,74,2,110,174,34.793117
1771535625,2026-02-19 21:13:45,5.000989,TOP,47,1,112,12,2.399525
1771535625,2026-02-19 21:13:45,5.000989,TOP,47,2,114,247,49.390230
1771535625,2026-02-19 21:13:45,5.000989,TOP,115,1,116,44,8.798260
1771535625,2026-02-19 21:13:45,5.000989,TOP,115,2,118,207,41.391812
1771535625,2026-02-19 21:13:45,5.000989,TOP,46,1,119,0,0.000000
1771535625,2026-02-19 21:13:45,5.000989,TOP,46,2,117,11,2.199565
1771535625,2026-02-19 21:13:45,5.000989,TOP,167,1,115,126,25.195016
1771535625,2026-02-19 21:13:45,5.000989,TOP,167,2,113,72,14.397152
1771535625,2026-02-19 21:13:45,5.000989,TOP,90,1,111,210,41.991693
1771535625,2026-02-19 21:13:45,5.000989,TOP,90,2,109,14,2.799446
1771535625,2026-02-19 21:13:45,5.000989,TOP,302,1,120,0,0.000000
1771535625,2026-02-19 21:13:45,5.000989,TOP,302,2,121,0,0.000000
1771535625,2026-02-19 21:13:45,5.000989,TOP,62,1,122,0,0.000000
1771535625,2026-02-19 21:13:45,5.000989,TOP,62,2,123,0,0.000000
1771535625,2026-02-19 21:13:45,5.000989,TOP,44,1,124,0,0.000000
1771535625,2026-02-19 21:13:45,5.000989,TOP,44,2,125,0,0.000000
1771535625,2026-02-19 21:13:45,5.000989,TOP,61,1,55,148,29.594146
1771535625,2026-02-19 21:13:45,5.000989,TOP,61,2,51,0,0.000000
1771535625,2026-02-19 21:13:45,5.000989,BARREL,26,1,24,46,9.198180
1771535625,2026-02-19 21:13:45,5.000989,BARREL,26,2,25,39,7.798457
1771535625,2026-02-19 21:13:45,5.000989,BARREL,66,1,26,69,13.797271
1771535625,2026-02-19 21:13:45,5.000989,BARREL,66,2,27,36,7.198576
1771535625,2026-02-19 21:13:45,5.000989,BARREL,10,1,28,52,10.397943
1771535625,2026-02-19 21:13:45,5.000989,BARREL,10,2,29,53,10.597904
1771535625,2026-02-19 21:13:45,5.000989,BARREL,58,1,30,0,0.000000
1771535625,2026-02-19 21:13:45,5.000989,BARREL,58,2,31,0,0.000000
1771535625,2026-02-19 21:13:45,5.000989,BARREL,306,1,32,58,11.597706
1771535625,2026-02-19 21:13:45,5.000989,BARREL,306,2,33,32,6.398734
1771535625,2026-02-19 21:13:45,5.000989,BARREL,9,1,34,46,9.198180
1771535625,2026-02-19 21:13:45,5.000989,BARREL,9,2,35,0,0.000000
1771535625,2026-02-19 21:13:45,5.000989,BARREL,57,1,36,50,9.998022
1771535625,2026-02-19 21:13:45,5.000989,BARREL,57,2,37,28,5.598892
1771535625,2026-02-19 21:13:45,5.000989,BARREL,79,1,38,39,7.798457
1771535625,2026-02-19 21:13:45,5.000989,BARREL,79,2,39,74,14.797073
1771535625,2026-02-19 21:13:45,5.000989,BARREL,116,1,40,0,0.000000
1771535625,2026-02-19 21:13:45,5.000989,BARREL,116,2,41,66,13.197389
1771535625,2026-02-19 21:13:45,5.000989,BARREL,13,1,42,0,0.000000
1771535625,2026-02-19 21:13:45,5.000989,BARREL,13,2,43,0,0.000000
1771535625,2026-02-19 21:13:45,5.000989,BARREL,76,1,44,58,11.597706
1771535625,2026-02-19 21:13:45,5.000989,BARREL,76,2,45,40,7.998418
1771535625,2026-02-19 21:13:45,5.000989,BARREL,17,1,46,19,3.799248
1771535625,2026-02-19 21:13:45,5.000989,BARREL,17,2,47,51,10.197983
1771535625,2026-02-19 21:13:45,5.000989,BARREL,125,1,48,52,10.397943
1771535625,2026-02-19 21:13:45,5.000989,BARREL,125,2,49,21,4.199169
1771535625,2026-02-19 21:13:45,5.000989,BARREL,104,1,52,0,0.000000
1771535625,2026-02-19 21:13:45,5.000989,BARREL,104,2,53,421,84.183347
1771535625,2026-02-19 21:13:45,5.000989,BARREL,37,1,64,0,0.000000
1771535625,2026-02-19 21:13:45,5.000989,BARREL,37,2,65,0,0.000000
1771535625,2026-02-19 21:13:45,5.000989,BARREL,70,1,66,62,12.397548
1771535625,2026-02-19 21:13:45,5.000989,BARREL,70,2,67,0,0.000000
1771535625,2026-02-19 21:13:45,5.000989,BARREL,28,1,68,60,11.997627
1771535625,2026-02-19 21:13:45,5.000989,BARREL,28,2,69,60,11.997627
1771535625,2026-02-19 21:13:45,5.000989,BARREL,54,1,70,37,7.398536
1771535625,2026-02-19 21:13:45,5.000989,BARREL,54,2,71,0,0.000000
1771535625,2026-02-19 21:13:45,5.000989,BARREL,25,1,72,50,9.998022
1771535625,2026-02-19 21:13:45,5.000989,BARREL,25,2,73,0,0.000000
1771535625,2026-02-19 21:13:45,5.000989,BARREL,301,1,74,51,10.197983
1771535625,2026-02-19 21:13:45,5.000989,BARREL,301,2,75,51,10.197983
1771535625,2026-02-19 21:13:45,5.000989,BARREL,304,1,76,67,13.397350
1771535625,2026-02-19 21:13:45,5.000989,BARREL,304,2,77,53,10.597904
1771535625,2026-02-19 21:13:45,5.000989,BARREL,22,1,78,1792,358.329115
1771535625,2026-02-19 21:13:45,5.000989,BARREL,22,2,79,58,11.597706
1771535625,2026-02-19 21:13:45,5.000989,BARREL,4,1,80,59,11.797666
1771535625,2026-02-19 21:13:45,5.000989,BARREL,4,2,81,64,12.797468
1771535625,2026-02-19 21:13:45,5.000989,BARREL,12,1,82,60,11.997627
1771535625,2026-02-19 21:13:45,5.000989,BARREL,12,2,83,53,10.597904
1771535625,2026-02-19 21:13:45,5.000989,BARREL,99,1,84,70,13.997231
1771535625,2026-02-19 21:13:45,5.000989,BARREL,99,2,85,0,0.000000
1771535625,2026-02-19 21:13:45,5.000989,BARREL,56,1,86,59,11.797666
1771535625,2026-02-19 21:13:45,5.000989,BARREL,56,2,87,75,14.997033
1771535625,2026-02-19 21:13:45,5.000989,BARREL,122,1,88,40,7.998418
1771535625,2026-02-19 21:13:45,5.000989,BARREL,122,2,89,54,10.797864
1771535625,2026-02-19 21:13:45,5.000989,BARREL,55,1,90,35,6.998616
1771535625,2026-02-19 21:13:45,5.000989,BARREL,55,2,91,14,2.799446
1771535625,2026-02-19 21:13:45,5.000989,BARREL,83,1,92,13,2.599486
1771535625,2026-02-19 21:13:45,5.000989,BARREL,83,2,93,0,0.000000
1771535625,2026-02-19 21:13:45,5.000989,BARREL,97,1,94,17,3.399328
1771535625,2026-02-19 21:13:45,5.000989,BARREL,97,2,95,60,11.997627
1771535625,2026-02-19 21:13:45,5.000989,BARREL,84,1,96,56,11.197785
1771535625,2026-02-19 21:13:45,5.000989,BARREL,84,2,97,41,8.198378
1771535625,2026-02-19 21:13:45,5.000989,BARREL,305,1,98,79,15.796875
1771535625,2026-02-19 21:13:45,5.000989,BARREL,305,2,99,56,11.197785
1771535625,2026-02-19 21:13:45,5.000989,BARREL,2,1,100,30,5.998813
1771535625,2026-02-19 21:13:45,5.000989,BARREL,2,2,101,49,9.798062
1771535625,2026-02-19 21:13:45,5.000989,BARREL,45,1,102,54,10.797864
1771535625,2026-02-19 21:13:45,5.000989,BARREL,45,2,103,41,8.198378
1771535625,2026-02-19 21:13:45,5.000989,BARREL,77,1,-1,0,0.000000
1771535625,2026-02-19 21:13:45,5.000989,BARREL,77,2,-1,0,0.000000
1771535625,2026-02-19 21:13:45,5.000989,BOTTOM,11,1,2,41,8.198378
1771535625,2026-02-19 21:13:45,5.000989,BOTTOM,11,2,3,79,15.796875
1771535625,2026-02-19 21:13:45,5.000989,BOTTOM,38,1,4,132,26.394779
1771535625,2026-02-19 21:13:45,5.000989,BOTTOM,38,2,5,347,69.386274
1771535625,2026-02-19 21:13:45,5.000989,BOTTOM,96,1,6,212,42.391614
1771535625,2026-02-19 21:13:45,5.000989,BOTTOM,96,2,7,1362,272.346125
1771535625,2026-02-19 21:13:45,5.000989,BOTTOM,307,1,8,150,29.994067
1771535625,2026-02-19 21:13:45,5.000989,BOTTOM,307,2,9,655,130.974091
1771535625,2026-02-19 21:13:45,5.000989,BOTTOM,52,1,10,86,17.196598
1771535625,2026-02-19 21:13:45,5.000989,BOTTOM,52,2,11,193,38.592366
1771535625,2026-02-19 21:13:45,5.000989,BOTTOM,102,1,12,143,28.594343
1771535625,2026-02-19 21:13:45,5.000989,BOTTOM,102,2,13,283,56.588806
1771535625,2026-02-19 21:13:45,5.000989,BOTTOM,124,2,14,26,5.198972
1771535625,2026-02-19 21:13:45,5.000989,BOTTOM,124,1,15,108,21.595728
1771535625,2026-02-19 21:13:45,5.000989,BOTTOM,48,2,16,307,61.387856
1771535625,2026-02-19 21:13:45,5.000989,BOTTOM,48,1,17,125,24.995055
1771535625,2026-02-19 21:13:45,5.000989,BOTTOM,75,2,18,0,0.000000
1771535625,2026-02-19 21:13:45,5.000989,BOTTOM,75,1,19,11,2.199565
1771535625,2026-02-19 21:13:45,5.000989,BOTTOM,109,2,20,173,34.593157
1771535625,2026-02-19 21:13:45,5.000989,BOTTOM,109,1,21,200,39.992089
1771535625,2026-02-19 21:13:45,5.000989,BOTTOM,123,2,22,48,9.598101
1771535625,2026-02-19 21:13:45,5.000989,BOTTOM,123,1,23,15,2.999407
1771535630,2026-02-19 21:13:50,5.000931,TOP,103,1,63,0,0.000000
1771535630,2026-02-19 21:13:50,5.000931,TOP,103,2,62,0,0.000000
1771535630,2026-02-19 21:13:50,5.000931,TOP,300,1,58,0,0.000000
1771535630,2026-02-19 21:13:50,5.000931,TOP,300,2,59,0,0.000000
1771535630,2026-02-19 21:13:50,5.000931,TOP,80,1,60,201,40.192515
1771535630,2026-02-19 21:13:50,5.000931,TOP,80,2,61,232,46.391360
1771535630,2026-02-19 21:13:50,5.000931,TOP,303,1,50,194,38.792776
1771535630,2026-02-19 21:13:50,5.000931,TOP,303,2,57,112,22.395829
1771535630,2026-02-19 21:13:50,5.000931,TOP,88,1,56,37,7.398622
1771535630,2026-02-19 21:13:50,5.000931,TOP,88,2,54,3,0.599888
1771535630,2026-02-19 21:13:50,5.000931,TOP,30,1,127,0,0.000000
1771535630,2026-02-19 21:13:50,5.000931,TOP,30,2,126,182,36.393222
1771535630,2026-02-19 21:13:50,5.000931,TOP,34,1,106,0,0.000000
1771535630,2026-02-19 21:13:50,5.000931,TOP,34,2,107,0,0.000000
1771535630,2026-02-19 21:13:50,5.000931,TOP,74,1,108,85,16.996835
1771535630,2026-02-19 21:13:50,5.000931,TOP,74,2,110,204,40.792403
1771535630,2026-02-19 21:13:50,5.000931,TOP,47,1,112,22,4.399181
1771535630,2026-02-19 21:13:50,5.000931,TOP,47,2,114,211,42.192142
1771535630,2026-02-19 21:13:50,5.000931,TOP,115,1,116,50,9.998138
1771535630,2026-02-19 21:13:50,5.000931,TOP,115,2,118,225,44.991621
1771535630,2026-02-19 21:13:50,5.000931,TOP,46,1,119,0,0.000000
1771535630,2026-02-19 21:13:50,5.000931,TOP,46,2,117,16,3.199404
1771535630,2026-02-19 21:13:50,5.000931,TOP,167,1,115,139,27.794824
1771535630,2026-02-19 21:13:50,5.000931,TOP,167,2,113,86,17.196797
1771535630,2026-02-19 21:13:50,5.000931,TOP,90,1,111,223,44.591696
1771535630,2026-02-19 21:13:50,5.000931,TOP,90,2,109,10,1.999628
1771535630,2026-02-19 21:13:50,5.000931,TOP,302,1,120,0,0.000000
1771535630,2026-02-19 21:13:50,5.000931,TOP,302,2,121,0,0.000000
1771535630,2026-02-19 21:13:50,5.000931,TOP,62,1,122,0,0.000000
1771535630,2026-02-19 21:13:50,5.000931,TOP,62,2,123,0,0.000000
1771535630,2026-02-19 21:13:50,5.000931,TOP,44,1,124,0,0.000000
1771535630,2026-02-19 21:13:50,5.000931,TOP,44,2,125,0,0.000000
1771535630,2026-02-19 21:13:50,5.000931,TOP,61,1,55,163,32.593930
1771535630,2026-02-19 21:13:50,5.000931,TOP,61,2,51,3,0.599888
1771535630,2026-02-19 21:13:50,5.000931,BARREL,26,1,24,55,10.997952
1771535630,2026-02-19 21:13:50,5.000931,BARREL,26,2,25,38,7.598585
1771535630,2026-02-19 21:13:50,5.000931,BARREL,66,1,26,57,11.397877
1771535630,2026-02-19 21:13:50,5.000931,BARREL,66,2,27,29,5.798920
1771535630,2026-02-19 21:13:50,5.000931,BARREL,10,1,28,56,11.197915
1771535630,2026-02-19 21:13:50,5.000931,BARREL,10,2,29,50,9.998138
1771535630,2026-02-19 21:13:50,5.000931,BARREL,58,1,30,0,0.000000
1771535630,2026-02-19 21:13:50,5.000931,BARREL,58,2,31,0,0.000000
1771535630,2026-02-19 21:13:50,5.000931,BARREL,306,1,32,45,8.998324
1771535630,2026-02-19 21:13:50,5.000931,BARREL,306,2,33,34,6.798734
1771535630,2026-02-19 21:13:50,5.000931,BARREL,9,1,34,28,5.598957
1771535630,2026-02-19 21:13:50,5.000931,BARREL,9,2,35,0,0.000000
1771535630,2026-02-19 21:13:50,5.000931,BARREL,57,1,36,53,10.598026
1771535630,2026-02-19 21:13:50,5.000931,BARREL,57,2,37,12,2.399553
1771535630,2026-02-19 21:13:50,5.000931,BARREL,79,1,38,48,9.598213
1771535630,2026-02-19 21:13:50,5.000931,BARREL,79,2,39,75,14.997207
1771535630,2026-02-19 21:13:50,5.000931,BARREL,116,1,40,0,0.000000
1771535630,2026-02-19 21:13:50,5.000931,BARREL,116,2,41,63,12.597654
1771535630,2026-02-19 21:13:50,5.000931,BARREL,13,1,42,0,0.000000
1771535630,2026-02-19 21:13:50,5.000931,BARREL,13,2,43,0,0.000000
1771535630,2026-02-19 21:13:50,5.000931,BARREL,76,1,44,70,13.997393
1771535630,2026-02-19 21:13:50,5.000931,BARREL,76,2,45,51,10.198101
1771535630,2026-02-19 21:13:50,5.000931,BARREL,17,1,46,24,4.799106
1771535630,2026-02-19 21:13:50,5.000931,BARREL,17,2,47,49,9.798175
1771535630,2026-02-19 21:13:50,5.000931,BARREL,125,1,48,55,10.997952
1771535630,2026-02-19 21:13:50,5.000931,BARREL,125,2,49,27,5.398995
1771535630,2026-02-19 21:13:50,5.000931,BARREL,104,1,52,2,0.399926
1771535630,2026-02-19 21:13:50,5.000931,BARREL,104,2,53,482,96.382051
1771535630,2026-02-19 21:13:50,5.000931,BARREL,37,1,64,0,0.000000
1771535630,2026-02-19 21:13:50,5.000931,BARREL,37,2,65,0,0.000000
1771535630,2026-02-19 21:13:50,5.000931,BARREL,70,1,66,39,7.798548
1771535630,2026-02-19 21:13:50,5.000931,BARREL,70,2,67,0,0.000000
1771535630,2026-02-19 21:13:50,5.000931,BARREL,28,1,68,49,9.798175
1771535630,2026-02-19 21:13:50,5.000931,BARREL,28,2,69,71,14.197356
1771535630,2026-02-19 21:13:50,5.000931,BARREL,54,1,70,45,8.998324
1771535630,2026-02-19 21:13:50,5.000931,BARREL,54,2,71,0,0.000000
1771535630,2026-02-19 21:13:50,5.000931,BARREL,25,1,72,55,10.997952
1771535630,2026-02-19 21:13:50,5.000931,BARREL,25,2,73,0,0.000000
1771535630,2026-02-19 21:13:50,5.000931,BARREL,301,1,74,37,7.398622
1771535630,2026-02-19 21:13:50,5.000931,BARREL,301,2,75,61,12.197728
1771535630,2026-02-19 21:13:50,5.000931,BARREL,304,1,76,50,9.998138
1771535630,2026-02-19 21:13:50,5.000931,BARREL,304,2,77,49,9.798175
1771535630,2026-02-19 21:13:50,5.000931,BARREL,22,1,78,1579,315.741199
1771535630,2026-02-19 21:13:50,5.000931,BARREL,22,2,79,51,10.198101
1771535630,2026-02-19 21:13:50,5.000931,BARREL,4,1,80,51,10.198101
1771535630,2026-02-19 21:13:50,5.000931,BARREL,4,2,81,61,12.197728
1771535630,2026-02-19 21:13:50,5.000931,BARREL,12,1,82,62,12.397691
1771535630,2026-02-19 21:13:50,5.000931,BARREL,12,2,83,57,11.397877
1771535630,2026-02-19 21:13:50,5.000931,BARREL,99,1,84,65,12.997579
1771535630,2026-02-19 21:13:50,5.000931,BARREL,99,2,85,0,0.000000
1771535630,2026-02-19 21:13:50,5.000931,BARREL,56,1,86,54,10.797989
1771535630,2026-02-19 21:13:50,5.000931,BARREL,56,2,87,73,14.597282
1771535630,2026-02-19 21:13:50,5.000931,BARREL,122,1,88,37,7.398622
1771535630,2026-02-19 21:13:50,5.000931,BARREL,122,2,89,47,9.398250
1771535630,2026-02-19 21:13:50,5.000931,BARREL,55,1,90,38,7.598585
1771535630,2026-02-19 21:13:50,5.000931,BARREL,55,2,91,12,2.399553
1771535630,2026-02-19 21:13:50,5.000931,BARREL,83,1,92,10,1.999628
1771535630,2026-02-19 21:13:50,5.000931,BARREL,83,2,93,0,0.000000
1771535630,2026-02-19 21:13:50,5.000931,BARREL,97,1,94,4,0.799851
1771535630,2026-02-19 21:13:50,5.000931,BARREL,97,2,95,58,11.597840
1771535630,2026-02-19 21:13:50,5.000931,BARREL,84,1,96,65,12.997579
1771535630,2026-02-19 21:13:50,5.000931,BARREL,84,2,97,38,7.598585
1771535630,2026-02-19 21:13:50,5.000931,BARREL,305,1,98,48,9.598213
1771535630,2026-02-19 21:13:50,5.000931,BARREL,305,2,99,49,9.798175
1771535630,2026-02-19 21:13:50,5.000931,BARREL,2,1,100,36,7.198659
1771535630,2026-02-19 21:13:50,5.000931,BARREL,2,2,101,50,9.998138
1771535630,2026-02-19 21:13:50,5.000931,BARREL,45,1,102,47,9.398250
1771535630,2026-02-19 21:13:50,5.000931,BARREL,45,2,103,38,7.598585
1771535630,2026-02-19 21:13:50,5.000931,BARREL,77,1,-1,0,0.000000
1771535630,2026-02-19 21:13:50,5.000931,BARREL,77,2,-1,0,0.000000
1771535630,2026-02-19 21:13:50,5.000931,BOTTOM,11,1,2,51,10.198101
1771535630,2026-02-19 21:13:50,5.000931,BOTTOM,11,2,3,76,15.197170
1771535630,2026-02-19 21:13:50,5.000931,BOTTOM,38,1,4,140,27.994786
1771535630,2026-02-19 21:13:50,5.000931,BOTTOM,38,2,5,339,67.787376
1771535630,2026-02-19 21:13:50,5.000931,BOTTOM,96,1,6,196,39.192701
1771535630,2026-02-19 21:13:50,5.000931,BOTTOM,96,2,7,899,179.766522
1771535630,2026-02-19 21:13:50,5.000931,BOTTOM,307,1,8,154,30.794265
1771535630,2026-02-19 21:13:50,5.000931,BOTTOM,307,2,9,707,141.373672
1771535630,2026-02-19 21:13:50,5.000931,BOTTOM,52,1,10,97,19.396388
1771535630,2026-02-19 21:13:50,5.000931,BOTTOM,52,2,11,194,38.792776
1771535630,2026-02-19 21:13:50,5.000931,BOTTOM,102,1,12,149,29.794451
1771535630,2026-02-19 21:13:50,5.000931,BOTTOM,102,2,13,284,56.789424
1771535630,2026-02-19 21:13:50,5.000931,BOTTOM,124,2,14,20,3.999255
1771535630,2026-02-19 21:13:50,5.000931,BOTTOM,124,1,15,126,25.195308
1771535630,2026-02-19 21:13:50,5.000931,BOTTOM,48,2,16,293,58.589089
1771535630,2026-02-19 21:13:50,5.000931,BOTTOM,48,1,17,131,26.195122
1771535630,2026-02-19 21:13:50,5.000931,BOTTOM,75,2,18,0,0.000000
1771535630,2026-02-19 21:13:50,5.000931,BOTTOM,75,1,19,8,1.599702
1771535630,2026-02-19 21:13:50,5.000931,BOTTOM,109,2,20,160,31.994042
1771535630,2026-02-19 21:13:50,5.000931,BOTTOM,109,1,21,209,41.792217
1771535630,2026-02-19 21:13:50,5.000931,BOTTOM,123,2,22,45,8.998324
1771535630,2026-02-19 21:13:50,5.000931,BOTTOM,123,1,23,13,2.599516
1771535635,2026-02-19 21:13:55,5.000882,TOP,103,1,63,0,0.000000
1771535635,2026-02-19 21:13:55,5.000882,TOP,103,2,62,0,0.000000
1771535635,2026-02-19 21:13:55,5.000882,TOP,300,1,58,0,0.000000
1771535635,2026-02-19 21:13:55,5.000882,TOP,300,2,59,0,0.000000
1771535635,2026-02-19 21:13:55,5.000882,TOP,80,1,60,204,40.792803
1771535635,2026-02-19 21:13:55,5.000882,TOP,80,2,61,233,46.591780
1771535635,2026-02-19 21:13:55,5.000882,TOP,303,1,50,220,43.992238
1771535635,2026-02-19 21:13:55,5.000882,TOP,303,2,57,110,21.996119
1771535635,2026-02-19 21:13:55,5.000882,TOP,88,1,56,40,7.998589
1771535635,2026-02-19 21:13:55,5.000882,TOP,88,2,54,4,0.799859
1771535635,2026-02-19 21:13:55,5.000882,TOP,30,1,127,0,0.000000
1771535635,2026-02-19 21:13:55,5.000882,TOP,30,2,126,180,35.993650
1771535635,2026-02-19 21:13:55,5.000882,TOP,34,1,106,0,0.000000
1771535635,2026-02-19 21:13:55,5.000882,TOP,34,2,107,0,0.000000
1771535635,2026-02-19 21:13:55,5.000882,TOP,74,1,108,73,14.597425
1771535635,2026-02-19 21:13:55,5.000882,TOP,74,2,110,210,41.992591
1771535635,2026-02-19 21:13:55,5.000882,TOP,47,1,112,21,4.199259
1771535635,2026-02-19 21:13:55,5.000882,TOP,47,2,114,209,41.792626
1771535635,2026-02-19 21:13:55,5.000882,TOP,115,1,116,42,8.398518
1771535635,2026-02-19 21:13:55,5.000882,TOP,115,2,118,193,38.593191
1771535635,2026-02-19 21:13:55,5.000882,TOP,46,1,119,0,0.000000
1771535635,2026-02-19 21:13:55,5.000882,TOP,46,2,117,11,2.199612
1771535635,2026-02-19 21:13:55,5.000882,TOP,167,1,115,113,22.596013
1771535635,2026-02-19 21:13:55,5.000882,TOP,167,2,113,64,12.797742
1771535635,2026-02-19 21:13:55,5.000882,TOP,90,1,111,178,35.593720
1771535635,2026-02-19 21:13:55,5.000882,TOP,90,2,109,7,1.399753
1771535635,2026-02-19 21:13:55,5.000882,TOP,302,1,120,0,0.000000
1771535635,2026-02-19 21:13:55,5.000882,TOP,302,2,121,0,0.000000
1771535635,2026-02-19 21:13:55,5.000882,TOP,62,1,122,0,0.000000
1771535635,2026-02-19 21:13:55,5.000882,TOP,62,2,123,0,0.000000
1771535635,2026-02-19 21:13:55,5.000882,TOP,44,1,124,0,0.000000
1771535635,2026-02-19 21:13:55,5.000882,TOP,44,2,125,0,0.000000
1771535635,2026-02-19 21:13:55,5.000882,TOP,61,1,55,165,32.994179
1771535635,2026-02-19 21:13:55,5.000882,TOP,61,2,51,0,0.000000
1771535635,2026-02-19 21:13:55,5.000882,BARREL,26,1,24,64,12.797742
1771535635,2026-02-19 21:13:55,5.000882,BARREL,26,2,25,39,7.798624
1771535635,2026-02-19 21:13:55,5.000882,BARREL,66,1,26,67,13.397636
1771535635,2026-02-19 21:13:55,5.000882,BARREL,66,2,27,41,8.198554
1771535635,2026-02-19 21:13:55,5.000882,BARREL,10,1,28,54,10.798095
1771535635,2026-02-19 21:13:55,5.000882,BARREL,10,2,29,39,7.798624
1771535635,2026-02-19 21:13:55,5.000882,BARREL,58,1,30,0,0.000000
1771535635,2026-02-19 21:13:55,5.000882,BARREL,58,2,31,0,0.000000
1771535635,2026-02-19 21:13:55,5.000882,BARREL,306,1,32,55,10.998060
1771535635,2026-02-19 21:13:55,5.000882,BARREL,306,2,33,30,5.998942
1771535635,2026-02-19 21:13:55,5.000882,BARREL,9,1,34,28,5.599012
1771535635,2026-02-19 21:13:55,5.000882,BARREL,9,2,35,0,0.000000
1771535635,2026-02-19 21:13:55,5.000882,BARREL,57,1,36,46,9.198377
1771535635,2026-02-19 21:13:55,5.000882,BARREL,57,2,37,13,2.599541
1771535635,2026-02-19 21:13:55,5.000882,BARREL,79,1,38,43,8.598483
1771535635,2026-02-19 21:13:55,5.000882,BARREL,79,2,39,66,13.197672
1771535635,2026-02-19 21:13:55,5.000882,BARREL,116,1,40,0,0.000000
1771535635,2026-02-19 21:13:55,5.000882,BARREL,116,2,41,74,14.797389
1771535635,2026-02-19 21:13:55,5.000882,BARREL,13,1,42,0,0.000000
1771535635,2026-02-19 21:13:55,5.000882,BARREL,13,2,43,0,0.000000
1771535635,2026-02-19 21:13:55,5.000882,BARREL,76,1,44,56,11.198024
1771535635,2026-02-19 21:13:55,5.000882,BARREL,76,2,45,40,7.998589
1771535635,2026-02-19 21:13:55,5.000882,BARREL,17,1,46,28,5.599012
1771535635,2026-02-19 21:13:55,5.000882,BARREL,17,2,47,44,8.798448
1771535635,2026-02-19 21:13:55,5.000882,BARREL,125,1,48,59,11.797918
1771535635,2026-02-19 21:13:55,5.000882,BARREL,125,2,49,16,3.199436
1771535635,2026-02-19 21:13:55,5.000882,BARREL,104,1,52,0,0.000000
1771535635,2026-02-19 21:13:55,5.000882,BARREL,104,2,53,494,98.782572
1771535635,2026-02-19 21:13:55,5.000882,BARREL,37,1,64,0,0.000000
1771535635,2026-02-19 21:13:55,5.000882,BARREL,37,2,65,0,0.000000
1771535635,2026-02-19 21:13:55,5.000882,BARREL,70,1,66,46,9.198377
1771535635,2026-02-19 21:13:55,5.000882,BARREL,70,2,67,0,0.000000
1771535635,2026-02-19 21:13:55,5.000882,BARREL,28,1,68,62,12.397813
1771535635,2026-02-19 21:13:55,5.000882,BARREL,28,2,69,61,12.197848
1771535635,2026-02-19 21:13:55,5.000882,BARREL,54,1,70,45,8.998412
1771535635,2026-02-19 21:13:55,5.000882,BARREL,54,2,71,0,0.000000
1771535635,2026-02-19 21:13:55,5.000882,BARREL,25,1,72,81,16.197142
1771535635,2026-02-19 21:13:55,5.000882,BARREL,25,2,73,0,0.000000
1771535635,2026-02-19 21:13:55,5.000882,BARREL,301,1,74,62,12.397813
1771535635,2026-02-19 21:13:55,5.000882,BARREL,301,2,75,70,13.997530
1771535635,2026-02-19 21:13:55,5.000882,BARREL,304,1,76,67,13.397636
1771535635,2026-02-19 21:13:55,5.000882,BARREL,304,2,77,54,10.798095
1771535635,2026-02-19 21:13:55,5.000882,BARREL,22,1,78,1890,377.933321
1771535635,2026-02-19 21:13:55,5.000882,BARREL,22,2,79,61,12.197848
1771535635,2026-02-19 21:13:55,5.000882,BARREL,4,1,80,59,11.797918
1771535635,2026-02-19 21:13:55,5.000882,BARREL,4,2,81,57,11.397989
1771535635,2026-02-19 21:13:55,5.000882,BARREL,12,1,82,55,10.998060
1771535635,2026-02-19 21:13:55,5.000882,BARREL,12,2,83,41,8.198554
1771535635,2026-02-19 21:13:55,5.000882,BARREL,99,1,84,71,14.197495
1771535635,2026-02-19 21:13:55,5.000882,BARREL,99,2,85,0,0.000000
1771535635,2026-02-19 21:13:55,5.000882,BARREL,56,1,86,49,9.798271
1771535635,2026-02-19 21:13:55,5.000882,BARREL,56,2,87,77,15.397283
1771535635,2026-02-19 21:13:55,5.000882,BARREL,122,1,88,23,4.599189
1771535635,2026-02-19 21:13:55,5.000882,BARREL,122,2,89,62,12.397813
1771535635,2026-02-19 21:13:55,5.000882,BARREL,55,1,90,48,9.598307
1771535635,2026-02-19 21:13:55,5.000882,BARREL,55,2,91,13,2.599541
1771535635,2026-02-19 21:13:55,5.000882,BARREL,83,1,92,23,4.599189
1771535635,2026-02-19 21:13:55,5.000882,BARREL,83,2,93,0,0.000000
1771535635,2026-02-19 21:13:55,5.000882,BARREL,97,1,94,9,1.799682
1771535635,2026-02-19 21:13:55,5.000882,BARREL,97,2,95,47,9.398342
1771535635,2026-02-19 21:13:55,5.000882,BARREL,84,1,96,51,10.198201
1771535635,2026-02-19 21:13:55,5.000882,BARREL,84,2,97,31,6.198906
1771535635,2026-02-19 21:13:55,5.000882,BARREL,305,1,98,61,12.197848
1771535635,2026-02-19 21:13:55,5.000882,BARREL,305,2,99,40,7.998589
1771535635,2026-02-19 21:13:55,5.000882,BARREL,2,1,100,28,5.599012
1771535635,2026-02-19 21:13:55,5.000882,BARREL,2,2,101,53,10.598130
1771535635,2026-02-19 21:13:55,5.000882,BARREL,45,1,102,53,10.598130
1771535635,2026-02-19 21:13:55,5.000882,BARREL,45,2,103,22,4.399224
1771535635,2026-02-19 21:13:55,5.000882,BARREL,77,1,-1,0,0.000000
1771535635,2026-02-19 21:13:55,5.000882,BARREL,77,2,-1,0,0.000000
1771535635,2026-02-19 21:13:55,5.000882,BOTTOM,11,1,2,46,9.198377
1771535635,2026-02-19 21:13:55,5.000882,BOTTOM,11,2,3,69,13.797566
1771535635,2026-02-19 21:13:55,5.000882,BOTTOM,38,1,4,170,33.994002
1771535635,2026-02-19 21:13:55,5.000882,BOTTOM,38,2,5,350,69.987652
1771535635,2026-02-19 21:13:55,5.000882,BOTTOM,96,1,6,212,42.392521
1771535635,2026-02-19 21:13:55,5.000882,BOTTOM,96,2,7,615,122.978303
1771535635,2026-02-19 21:13:55,5.000882,BOTTOM,307,1,8,160,31.994355
1771535635,2026-02-19 21:13:55,5.000882,BOTTOM,307,2,9,660,131.976715
1771535635,2026-02-19 21:13:55,5.000882,BOTTOM,52,1,10,104,20.796331
1771535635,2026-02-19 21:13:55,5.000882,BOTTOM,52,2,11,183,36.593544
1771535635,2026-02-19 21:13:55,5.000882,BOTTOM,102,1,12,122,24.395696
1771535635,2026-02-19 21:13:55,5.000882,BOTTOM,102,2,13,266,53.190615
1771535635,2026-02-19 21:13:55,5.000882,BOTTOM,124,2,14,16,3.199436
1771535635,2026-02-19 21:13:55,5.000882,BOTTOM,124,1,15,101,20.196437
1771535635,2026-02-19 21:13:55,5.000882,BOTTOM,48,2,16,274,54.790333
1771535635,2026-02-19 21:13:55,5.000882,BOTTOM,48,1,17,128,25.595484
1771535635,2026-02-19 21:13:55,5.000882,BOTTOM,75,2,18,0,0.000000
1771535635,2026-02-19 21:13:55,5.000882,BOTTOM,75,1,19,9,1.799682
1771535635,2026-02-19 21:13:55,5.000882,BOTTOM,109,2,20,156,31.194496
1771535635,2026-02-19 21:13:55,5.000882,BOTTOM,109,1,21,186,37.193438
1771535635,2026-02-19 21:13:55,5.000882,BOTTOM,123,2,22,38,7.598659
1771535635,2026-02-19 21:13:55,5.000882,BOTTOM,123,1,23,19,3.799330
1771535640,2026-02-19 21:14:00,5.002496,TOP,103,1,63,0,0.000000
1771535640,2026-02-19 21:14:00,5.002496,TOP,103,2,62,0,0.000000
1771535640,2026-02-19 21:14:00,5.002496,TOP,300,1,58,0,0.000000
1771535640,2026-02-19 21:14:00,5.002496,TOP,300,2,59,0,0.000000
1771535640,2026-02-19 21:14:00,5.002496,TOP,80,1,60,195,38.980540
1771535640,2026-02-19 21:14:00,5.002496,TOP,80,2,61,184,36.781638
1771535640,2026-02-19 21:14:00,5.002496,TOP,303,1,50,194,38.780640
1771535640,2026-02-19 21:14:00,5.002496,TOP,303,2,57,94,18.790619
1771535640,2026-02-19 21:14:00,5.002496,TOP,88,1,56,22,4.397805
1771535640,2026-02-19 21:14:00,5.002496,TOP,88,2,54,4,0.799601
1771535640,2026-02-19 21:14:00,5.002496,TOP,30,1,127,0,0.000000
1771535640,2026-02-19 21:14:00,5.002496,TOP,30,2,126,183,36.581738
1771535640,2026-02-19 21:14:00,5.002496,TOP,34,1,106,0,0.000000
1771535640,2026-02-19 21:14:00,5.002496,TOP,34,2,107,0,0.000000
1771535640,2026-02-19 21:14:00,5.002496,TOP,74,1,108,76,15.192416
1771535640,2026-02-19 21:14:00,5.002496,TOP,74,2,110,234,46.776648
1771535640,2026-02-19 21:14:00,5.002496,TOP,47,1,112,25,4.997505
1771535640,2026-02-19 21:14:00,5.002496,TOP,47,2,114,230,45.977047
1771535640,2026-02-19 21:14:00,5.002496,TOP,115,1,116,46,9.195409
1771535640,2026-02-19 21:14:00,5.002496,TOP,115,2,118,219,43.778145
1771535640,2026-02-19 21:14:00,5.002496,TOP,46,1,119,0,0.000000
1771535640,2026-02-19 21:14:00,5.002496,TOP,46,2,117,7,1.399301
1771535640,2026-02-19 21:14:00,5.002496,TOP,167,1,115,125,24.987526
1771535640,2026-02-19 21:14:00,5.002496,TOP,167,2,113,81,16.191917
1771535640,2026-02-19 21:14:00,5.002496,TOP,90,1,111,212,42.378844
1771535640,2026-02-19 21:14:00,5.002496,TOP,90,2,109,9,1.799102
1771535640,2026-02-19 21:14:00,5.002496,TOP,302,1,120,0,0.000000
1771535640,2026-02-19 21:14:00,5.002496,TOP,302,2,121,0,0.000000
1771535640,2026-02-19 21:14:00,5.002496,TOP,62,1,122,0,0.000000
1771535640,2026-02-19 21:14:00,5.002496,TOP,62,2,123,0,0.000000
1771535640,2026-02-19 21:14:00,5.002496,TOP,44,1,124,0,0.000000
1771535640,2026-02-19 21:14:00,5.002496,TOP,44,2,125,0,0.000000
1771535640,2026-02-19 21:14:00,5.002496,TOP,61,1,55,173,34.582736
1771535640,2026-02-19 21:14:00,5.002496,TOP,61,2,51,0,0.000000
1771535640,2026-02-19 21:14:00,5.002496,BARREL,26,1,24,52,10.394811
1771535640,2026-02-19 21:14:00,5.002496,BARREL,26,2,25,35,6.996507
1771535640,2026-02-19 21:14:00,5.002496,BARREL,66,1,26,63,12.593713
1771535640,2026-02-19 21:14:00,5.002496,BARREL,66,2,27,43,8.595709
1771535640,2026-02-19 21:14:00,5.002496,BARREL,10,1,28,65,12.993513
1771535640,2026-02-19 21:14:00,5.002496,BARREL,10,2,29,45,8.995509
1771535640,2026-02-19 21:14:00,5.002496,BARREL,58,1,30,0,0.000000
1771535640,2026-02-19 21:14:00,5.002496,BARREL,58,2,31,0,0.000000
1771535640,2026-02-19 21:14:00,5.002496,BARREL,306,1,32,38,7.596208
1771535640,2026-02-19 21:14:00,5.002496,BARREL,306,2,33,38,7.596208
1771535640,2026-02-19 21:14:00,5.002496,BARREL,9,1,34,28,5.597206
1771535640,2026-02-19 21:14:00,5.002496,BARREL,9,2,35,0,0.000000
1771535640,2026-02-19 21:14:00,5.002496,BARREL,57,1,36,45,8.995509
1771535640,2026-02-19 21:14:00,5.002496,BARREL,57,2,37,15,2.998503
1771535640,2026-02-19 21:14:00,5.002496,BARREL,79,1,38,38,7.596208
1771535640,2026-02-19 21:14:00,5.002496,BARREL,79,2,39,66,13.193414
1771535640,2026-02-19 21:14:00,5.002496,BARREL,116,1,40,0,0.000000
1771535640,2026-02-19 21:14:00,5.002496,BARREL,116,2,41,56,11.194412
1771535640,2026-02-19 21:14:00,5.002496,BARREL,13,1,42,0,0.000000
1771535640,2026-02-19 21:14:00,5.002496,BARREL,13,2,43,0,0.000000
1771535640,2026-02-19 21:14:00,5.002496,BARREL,76,1,44,53,10.594711
1771535640,2026-02-19 21:14:00,5.002496,BARREL,76,2,45,43,8.595709
1771535640,2026-02-19 21:14:00,5.002496,BARREL,17,1,46,26,5.197405
1771535640,2026-02-19 21:14:00,5.002496,BARREL,17,2,47,49,9.795110
1771535640,2026-02-19 21:14:00,5.002496,BARREL,125,1,48,54,10.794611
1771535640,2026-02-19 21:14:00,5.002496,BARREL,125,2,49,21,4.197904
1771535640,2026-02-19 21:14:00,5.002496,BARREL,104,1,52,0,0.000000
1771535640,2026-02-19 21:14:00,5.002496,BARREL,104,2,53,515,102.948606
1771535640,2026-02-19 21:14:00,5.002496,BARREL,37,1,64,2,0.399800
1771535640,2026-02-19 21:14:00,5.002496,BARREL,37,2,65,2,0.399800
1771535640,2026-02-19 21:14:00,5.002496,BARREL,70,1,66,42,8.395809
1771535640,2026-02-19 21:14:00,5.002496,BARREL,70,2,67,0,0.000000
1771535640,2026-02-19 21:14:00,5.002496,BARREL,28,1,68,42,8.395809
1771535640,2026-02-19 21:14:00,5.002496,BARREL,28,2,69,67,13.393314
1771535640,2026-02-19 21:14:00,5.002496,BARREL,54,1,70,46,9.195409
1771535640,2026-02-19 21:14:00,5.002496,BARREL,54,2,71,0,0.000000
1771535640,2026-02-19 21:14:00,5.002496,BARREL,25,1,72,57,11.394312
1771535640,2026-02-19 21:14:00,5.002496,BARREL,25,2,73,0,0.000000
1771535640,2026-02-19 21:14:00,5.002496,BARREL,301,1,74,29,5.797106
1771535640,2026-02-19 21:14:00,5.002496,BARREL,301,2,75,70,13.993014
1771535640,2026-02-19 21:14:00,5.002496,BARREL,304,1,76,62,12.393813
1771535640,2026-02-19 21:14:00,5.002496,BARREL,304,2,77,55,10.994511
1771535640,2026-02-19 21:14:00,5.002496,BARREL,22,1,78,1950,389.805402
1771535640,2026-02-19 21:14:00,5.002496,BARREL,22,2,79,63,12.593713
1771535640,2026-02-19 21:14:00,5.002496,BARREL,4,1,80,66,13.193414
1771535640,2026-02-19 21:14:00,5.002496,BARREL,4,2,81,71,14.192915
1771535640,2026-02-19 21:14:00,5.002496,BARREL,12,1,82,51,10.194911
1771535640,2026-02-19 21:14:00,5.002496,BARREL,12,2,83,42,8.395809
1771535640,2026-02-19 21:14:00,5.002496,BARREL,99,1,84,71,14.192915
1771535640,2026-02-19 21:14:00,5.002496,BARREL,99,2,85,0,0.000000
1771535640,2026-02-19 21:14:00,5.002496,BARREL,56,1,86,55,10.994511
1771535640,2026-02-19 21:14:00,5.002496,BARREL,56,2,87,77,15.392316
1771535640,2026-02-19 21:14:00,5.002496,BARREL,122,1,88,34,6.796607
1771535640,2026-02-19 21:14:00,5.002496,BARREL,122,2,89,46,9.195409
1771535640,2026-02-19 21:14:00,5.002496,BARREL,55,1,90,36,7.196407
1771535640,2026-02-19 21:14:00,5.002496,BARREL,55,2,91,8,1.599202
1771535640,2026-02-19 21:14:00,5.002496,BARREL,83,1,92,15,2.998503
1771535640,2026-02-19 21:14:00,5.002496,BARREL,83,2,93,0,0.000000
1771535640,2026-02-19 21:14:00,5.002496,BARREL,97,1,94,7,1.399301
1771535640,2026-02-19 21:14:00,5.002496,BARREL,97,2,95,56,11.194412
1771535640,2026-02-19 21:14:00,5.002496,BARREL,84,1,96,52,10.394811
1771535640,2026-02-19 21:14:00,5.002496,BARREL,84,2,97,30,5.997006
1771535640,2026-02-19 21:14:00,5.002496,BARREL,305,1,98,52,10.394811
1771535640,2026-02-19 21:14:00,5.002496,BARREL,305,2,99,58,11.594212
1771535640,2026-02-19 21:14:00,5.002496,BARREL,2,1,100,23,4.597705
1771535640,2026-02-19 21:14:00,5.002496,BARREL,2,2,101,52,10.394811
1771535640,2026-02-19 21:14:00,5.002496,BARREL,45,1,102,48,9.595210
1771535640,2026-02-19 21:14:00,5.002496,BARREL,45,2,103,30,5.997006
1771535640,2026-02-19 21:14:00,5.002496,BARREL,77,1,-1,0,0.000000
1771535640,2026-02-19 21:14:00,5.002496,BARREL,77,2,-1,0,0.000000
1771535640,2026-02-19 21:14:00,5.002496,BOTTOM,11,1,2,34,6.796607
1771535640,2026-02-19 21:14:00,5.002496,BOTTOM,11,2,3,74,14.792615
1771535640,2026-02-19 21:14:00,5.002496,BOTTOM,38,1,4,175,34.982536
1771535640,2026-02-19 21:14:00,5.002496,BOTTOM,38,2,5,355,70.964573
1771535640,2026-02-19 21:14:00,5.002496,BOTTOM,96,1,6,208,41.579243
1771535640,2026-02-19 21:14:00,5.002496,BOTTOM,96,2,7,1545,308.845818
1771535640,2026-02-19 21:14:00,5.002496,BOTTOM,307,1,8,160,31.984033
1771535640,2026-02-19 21:14:00,5.002496,BOTTOM,307,2,9,672,134.332938
1771535640,2026-02-19 21:14:00,5.002496,BOTTOM,52,1,10,108,21.589222
1771535640,2026-02-19 21:14:00,5.002496,BOTTOM,52,2,11,200,39.980041
1771535640,2026-02-19 21:14:00,5.002496,BOTTOM,102,1,12,119,23.788125
1771535640,2026-02-19 21:14:00,5.002496,BOTTOM,102,2,13,239,47.776149
1771535640,2026-02-19 21:14:00,5.002496,BOTTOM,124,2,14,13,2.598703
1771535640,2026-02-19 21:14:00,5.002496,BOTTOM,124,1,15,124,24.787626
1771535640,2026-02-19 21:14:00,5.002496,BOTTOM,48,2,16,268,53.573255
1771535640,2026-02-19 21:14:00,5.002496,BOTTOM,48,1,17,127,25.387326
1771535640,2026-02-19 21:14:00,5.002496,BOTTOM,75,2,18,0,0.000000
1771535640,2026-02-19 21:14:00,5.002496,BOTTOM,75,1,19,4,0.799601
1771535640,2026-02-19 21:14:00,5.002496,BOTTOM,109,2,20,165,32.983534
1771535640,2026-02-19 21:14:00,5.002496,BOTTOM,109,1,21,186,37.181438
1771535640,2026-02-19 21:14:00,5.002496,BOTTOM,123,2,22,40,7.996008
1771535640,2026-02-19 21:14:00,5.002496,BOTTOM,123,1,23,8,1.599202
1771535645,2026-02-19 21:14:05,5.003229,TOP,103,1,63,0,0.000000
1771535645,2026-02-19 21:14:05,5.003229,TOP,103,2,62,0,0.000000
1771535645,2026-02-19 21:14:05,5.003229,TOP,300,1,58,0,0.000000
1771535645,2026-02-19 21:14:05,5.003229,TOP,300,2,59,0,0.000000
1771535645,2026-02-19 21:14:05,5.003229,TOP,80,1,60,191,38.175344
1771535645,2026-02-19 21:14:05,5.003229,TOP,80,2,61,173,34.577668
1771535645,2026-02-19 21:14:05,5.003229,TOP,303,1,50,201,40.174054
1771535645,2026-02-19 21:14:05,5.003229,TOP,303,2,57,83,16.589286
1771535645,2026-02-19 21:14:05,5.003229,TOP,88,1,56,41,8.194707
1771535645,2026-02-19 21:14:05,5.003229,TOP,88,2,54,4,0.799484
1771535645,2026-02-19 21:14:05,5.003229,TOP,30,1,127,0,0.000000
1771535645,2026-02-19 21:14:05,5.003229,TOP,30,2,126,177,35.377152
1771535645,2026-02-19 21:14:05,5.003229,TOP,34,1,106,0,0.000000
1771535645,2026-02-19 21:14:05,5.003229,TOP,34,2,107,0,0.000000
1771535645,2026-02-19 21:14:05,5.003229,TOP,74,1,108,109,21.785930
1771535645,2026-02-19 21:14:05,5.003229,TOP,74,2,110,180,35.976764
1771535645,2026-02-19 21:14:05,5.003229,TOP,47,1,112,25,4.996773
1771535645,2026-02-19 21:14:05,5.003229,TOP,47,2,114,217,43.371988
1771535645,2026-02-19 21:14:05,5.003229,TOP,115,1,116,39,7.794966
1771535645,2026-02-19 21:14:05,5.003229,TOP,115,2,118,214,42.772375
1771535645,2026-02-19 21:14:05,5.003229,TOP,46,1,119,0,0.000000
1771535645,2026-02-19 21:14:05,5.003229,TOP,46,2,117,8,1.598967
1771535645,2026-02-19 21:14:05,5.003229,TOP,167,1,115,111,22.185671
1771535645,2026-02-19 21:14:05,5.003229,TOP,167,2,113,86,17.188899
1771535645,2026-02-19 21:14:05,5.003229,TOP,90,1,111,196,39.174699
1771535645,2026-02-19 21:14:05,5.003229,TOP,90,2,109,5,0.999355
1771535645,2026-02-19 21:14:05,5.003229,TOP,302,1,120,0,0.000000
1771535645,2026-02-19 21:14:05,5.003229,TOP,302,2,121,0,0.000000
1771535645,2026-02-19 21:14:05,5.003229,TOP,62,1,122,0,0.000000
1771535645,2026-02-19 21:14:05,5.003229,TOP,62,2,123,0,0.000000
1771535645,2026-02-19 21:14:05,5.003229,TOP,44,1,124,0,0.000000
1771535645,2026-02-19 21:14:05,5.003229,TOP,44,2,125,0,0.000000
1771535645,2026-02-19 21:14:05,5.003229,TOP,61,1,55,187,37.375861
1771535645,2026-02-19 21:14:05,5.003229,TOP,61,2,51,0,0.000000
1771535645,2026-02-19 21:14:05,5.003229,BARREL,26,1,24,59,11.792384
1771535645,2026-02-19 21:14:05,5.003229,BARREL,26,2,25,43,8.594449
1771535645,2026-02-19 21:14:05,5.003229,BARREL,66,1,26,62,12.391997
1771535645,2026-02-19 21:14:05,5.003229,BARREL,66,2,27,37,7.395224
1771535645,2026-02-19 21:14:05,5.003229,BARREL,10,1,28,71,14.190835
1771535645,2026-02-19 21:14:05,5.003229,BARREL,10,2,29,41,8.194707
1771535645,2026-02-19 21:14:05,5.003229,BARREL,58,1,30,0,0.000000
1771535645,2026-02-19 21:14:05,5.003229,BARREL,58,2,31,0,0.000000
1771535645,2026-02-19 21:14:05,5.003229,BARREL,306,1,32,44,8.794320
1771535645,2026-02-19 21:14:05,5.003229,BARREL,306,2,33,28,5.596386
1771535645,2026-02-19 21:14:05,5.003229,BARREL,9,1,34,33,6.595740
1771535645,2026-02-19 21:14:05,5.003229,BARREL,9,2,35,0,0.000000
1771535645,2026-02-19 21:14:05,5.003229,BARREL,57,1,36,48,9.593804
1771535645,2026-02-19 21:14:05,5.003229,BARREL,57,2,37,24,4.796902
1771535645,2026-02-19 21:14:05,5.003229,BARREL,79,1,38,50,9.993546
1771535645,2026-02-19 21:14:05,5.003229,BARREL,79,2,39,57,11.392642
1771535645,2026-02-19 21:14:05,5.003229,BARREL,116,1,40,0,0.000000
1771535645,2026-02-19 21:14:05,5.003229,BARREL,116,2,41,58,11.592513
1771535645,2026-02-19 21:14:05,5.003229,BARREL,13,1,42,0,0.000000
1771535645,2026-02-19 21:14:05,5.003229,BARREL,13,2,43,0,0.000000
1771535645,2026-02-19 21:14:05,5.003229,BARREL,76,1,44,69,13.791093
1771535645,2026-02-19 21:14:05,5.003229,BARREL,76,2,45,40,7.994837
1771535645,2026-02-19 21:14:05,5.003229,BARREL,17,1,46,26,5.196644
1771535645,2026-02-19 21:14:05,5.003229,BARREL,17,2,47,53,10.593158
1771535645,2026-02-19 21:14:05,5.003229,BARREL,125,1,48,58,11.592513
1771535645,2026-02-19 21:14:05,5.003229,BARREL,125,2,49,19,3.797547
1771535645,2026-02-19 21:14:05,5.003229,BARREL,104,1,52,0,0.000000
1771535645,2026-02-19 21:14:05,5.003229,BARREL,104,2,53,560,111.927712
1771535645,2026-02-19 21:14:05,5.003229,BARREL,37,1,64,0,0.000000
1771535645,2026-02-19 21:14:05,5.003229,BARREL,37,2,65,0,0.000000
1771535645,2026-02-19 21:14:05,5.003229,BARREL,70,1,66,52,10.393288
1771535645,2026-02-19 21:14:05,5.003229,BARREL,70,2,67,1,0.199871
1771535645,2026-02-19 21:14:05,5.003229,BARREL,28,1,68,54,10.793029
1771535645,2026-02-19 21:14:05,5.003229,BARREL,28,2,69,69,13.791093
1771535645,2026-02-19 21:14:05,5.003229,BARREL,54,1,70,40,7.994837
1771535645,2026-02-19 21:14:05,5.003229,BARREL,54,2,71,0,0.000000
1771535645,2026-02-19 21:14:05,5.003229,BARREL,25,1,72,49,9.793675
1771535645,2026-02-19 21:14:05,5.003229,BARREL,25,2,73,0,0.000000
1771535645,2026-02-19 21:14:05,5.003229,BARREL,301,1,74,42,8.394578
1771535645,2026-02-19 21:14:05,5.003229,BARREL,301,2,75,62,12.391997
1771535645,2026-02-19 21:14:05,5.003229,BARREL,304,1,76,47,9.393933
1771535645,2026-02-19 21:14:05,5.003229,BARREL,304,2,77,49,9.793675
1771535645,2026-02-19 21:14:05,5.003229,BARREL,22,1,78,1393,278.420182
1771535645,2026-02-19 21:14:05,5.003229,BARREL,22,2,79,45,8.994191
1771535645,2026-02-19 21:14:05,5.003229,BARREL,4,1,80,40,7.994837
1771535645,2026-02-19 21:14:05,5.003229,BARREL,4,2,81,59,11.792384
1771535645,2026-02-19 21:14:05,5.003229,BARREL,12,1,82,48,9.593804
1771535645,2026-02-19 21:14:05,5.003229,BARREL,12,2,83,55,10.992900
1771535645,2026-02-19 21:14:05,5.003229,BARREL,99,1,84,67,13.391351
1771535645,2026-02-19 21:14:05,5.003229,BARREL,99,2,85,0,0.000000
1771535645,2026-02-19 21:14:05,5.003229,BARREL,56,1,86,46,9.194062
1771535645,2026-02-19 21:14:05,5.003229,BARREL,56,2,87,57,11.392642
1771535645,2026-02-19 21:14:05,5.003229,BARREL,122,1,88,36,7.195353
1771535645,2026-02-19 21:14:05,5.003229,BARREL,122,2,89,45,8.994191
1771535645,2026-02-19 21:14:05,5.003229,BARREL,55,1,90,43,8.594449
1771535645,2026-02-19 21:14:05,5.003229,BARREL,55,2,91,11,2.198580
1771535645,2026-02-19 21:14:05,5.003229,BARREL,83,1,92,15,2.998064
1771535645,2026-02-19 21:14:05,5.003229,BARREL,83,2,93,0,0.000000
1771535645,2026-02-19 21:14:05,5.003229,BARREL,97,1,94,9,1.798838
1771535645,2026-02-19 21:14:05,5.003229,BARREL,97,2,95,47,9.393933
1771535645,2026-02-19 21:14:05,5.003229,BARREL,84,1,96,59,11.792384
1771535645,2026-02-19 21:14:05,5.003229,BARREL,84,2,97,22,4.397160
1771535645,2026-02-19 21:14:05,5.003229,BARREL,305,1,98,49,9.793675
1771535645,2026-02-19 21:14:05,5.003229,BARREL,305,2,99,64,12.791738
1771535645,2026-02-19 21:14:05,5.003229,BARREL,2,1,100,28,5.596386
1771535645,2026-02-19 21:14:05,5.003229,BARREL,2,2,101,45,8.994191
1771535645,2026-02-19 21:14:05,5.003229,BARREL,45,1,102,58,11.592513
1771535645,2026-02-19 21:14:05,5.003229,BARREL,45,2,103,41,8.194707
1771535645,2026-02-19 21:14:05,5.003229,BARREL,77,1,-1,0,0.000000
1771535645,2026-02-19 21:14:05,5.003229,BARREL,77,2,-1,0,0.000000
1771535645,2026-02-19 21:14:05,5.003229,BOTTOM,11,1,2,27,5.396515
1771535645,2026-02-19 21:14:05,5.003229,BOTTOM,11,2,3,81,16.189544
1771535645,2026-02-19 21:14:05,5.003229,BOTTOM,38,1,4,173,34.577668
1771535645,2026-02-19 21:14:05,5.003229,BOTTOM,38,2,5,323,64.558305
1771535645,2026-02-19 21:14:05,5.003229,BOTTOM,96,1,6,202,40.373925
1771535645,2026-02-19 21:14:05,5.003229,BOTTOM,96,2,7,1796,358.968161
1771535645,2026-02-19 21:14:05,5.003229,BOTTOM,307,1,8,160,31.979346
1771535645,2026-02-19 21:14:05,5.003229,BOTTOM,307,2,9,667,133.313899
1771535645,2026-02-19 21:14:05,5.003229,BOTTOM,52,1,10,109,21.785930
1771535645,2026-02-19 21:14:05,5.003229,BOTTOM,52,2,11,183,36.576377
1771535645,2026-02-19 21:14:05,5.003229,BOTTOM,102,1,12,103,20.586704
1771535645,2026-02-19 21:14:05,5.003229,BOTTOM,102,2,13,288,57.562823
1771535645,2026-02-19 21:14:05,5.003229,BOTTOM,124,2,14,24,4.796902
1771535645,2026-02-19 21:14:05,5.003229,BOTTOM,124,1,15,100,19.987091
1771535645,2026-02-19 21:14:05,5.003229,BOTTOM,48,2,16,242,48.368761
1771535645,2026-02-19 21:14:05,5.003229,BOTTOM,48,1,17,123,24.584122
1771535645,2026-02-19 21:14:05,5.003229,BOTTOM,75,2,18,0,0.000000
1771535645,2026-02-19 21:14:05,5.003229,BOTTOM,75,1,19,8,1.598967
1771535645,2026-02-19 21:14:05,5.003229,BOTTOM,109,2,20,184,36.776248
1771535645,2026-02-19 21:14:05,5.003229,BOTTOM,109,1,21,191,38.175344
1771535645,2026-02-19 21:14:05,5.003229,BOTTOM,123,2,22,39,7.794966
1771535645,2026-02-19 21:14:05,5.003229,BOTTOM,123,1,23,12,2.398451
1771535650,2026-02-19 21:14:10,5.000880,TOP,103,1,63,0,0.000000
1771535650,2026-02-19 21:14:10,5.000880,TOP,103,2,62,0,0.000000
1771535650,2026-02-19 21:14:10,5.000880,TOP,300,1,58,0,0.000000
1771535650,2026-02-19 21:14:10,5.000880,TOP,300,2,59,0,0.000000
1771535650,2026-02-19 21:14:10,5.000880,TOP,80,1,60,184,36.793527
1771535650,2026-02-19 21:14:10,5.000880,TOP,80,2,61,213,42.592507
1771535650,2026-02-19 21:14:10,5.000880,TOP,303,1,50,189,37.793351
1771535650,2026-02-19 21:14:10,5.000880,TOP,303,2,57,133,26.595321
1771535650,2026-02-19 21:14:10,5.000880,TOP,88,1,56,29,5.798980
1771535650,2026-02-19 21:14:10,5.000880,TOP,88,2,54,1,0.199965
1771535650,2026-02-19 21:14:10,5.000880,TOP,30,1,127,0,0.000000
1771535650,2026-02-19 21:14:10,5.000880,TOP,30,2,126,185,36.993492
1771535650,2026-02-19 21:14:10,5.000880,TOP,34,1,106,0,0.000000
1771535650,2026-02-19 21:14:10,5.000880,TOP,34,2,107,0,0.000000
1771535650,2026-02-19 21:14:10,5.000880,TOP,74,1,108,98,19.596552
1771535650,2026-02-19 21:14:10,5.000880,TOP,74,2,110,233,46.591803
1771535650,2026-02-19 21:14:10,5.000880,TOP,47,1,112,11,2.199613
1771535650,2026-02-19 21:14:10,5.000880,TOP,47,2,114,231,46.191874
1771535650,2026-02-19 21:14:10,5.000880,TOP,115,1,116,41,8.198558
1771535650,2026-02-19 21:14:10,5.000880,TOP,115,2,118,213,42.592507
1771535650,2026-02-19 21:14:10,5.000880,TOP,46,1,119,0,0.000000
1771535650,2026-02-19 21:14:10,5.000880,TOP,46,2,117,5,0.999824
1771535650,2026-02-19 21:14:10,5.000880,TOP,167,1,115,123,24.595673
1771535650,2026-02-19 21:14:10,5.000880,TOP,167,2,113,63,12.597784
1771535650,2026-02-19 21:14:10,5.000880,TOP,90,1,111,206,41.192753
1771535650,2026-02-19 21:14:10,5.000880,TOP,90,2,109,13,2.599543
1771535650,2026-02-19 21:14:10,5.000880,TOP,302,1,120,0,0.000000
1771535650,2026-02-19 21:14:10,5.000880,TOP,302,2,121,0,0.000000
1771535650,2026-02-19 21:14:10,5.000880,TOP,62,1,122,0,0.000000
1771535650,2026-02-19 21:14:10,5.000880,TOP,62,2,123,0,0.000000
1771535650,2026-02-19 21:14:10,5.000880,TOP,44,1,124,0,0.000000
1771535650,2026-02-19 21:14:10,5.000880,TOP,44,2,125,0,0.000000
1771535650,2026-02-19 21:14:10,5.000880,TOP,61,1,55,164,32.794231
1771535650,2026-02-19 21:14:10,5.000880,TOP,61,2,51,1,0.199965
1771535650,2026-02-19 21:14:10,5.000880,BARREL,26,1,24,57,11.397995
1771535650,2026-02-19 21:14:10,5.000880,BARREL,26,2,25,39,7.798628
1771535650,2026-02-19 21:14:10,5.000880,BARREL,66,1,26,46,9.198382
1771535650,2026-02-19 21:14:10,5.000880,BARREL,66,2,27,39,7.798628
1771535650,2026-02-19 21:14:10,5.000880,BARREL,10,1,28,51,10.198206
1771535650,2026-02-19 21:14:10,5.000880,BARREL,10,2,29,36,7.198734
1771535650,2026-02-19 21:14:10,5.000880,BARREL,58,1,30,0,0.000000
1771535650,2026-02-19 21:14:10,5.000880,BARREL,58,2,31,0,0.000000
1771535650,2026-02-19 21:14:10,5.000880,BARREL,306,1,32,65,12.997713
1771535650,2026-02-19 21:14:10,5.000880,BARREL,306,2,33,46,9.198382
1771535650,2026-02-19 21:14:10,5.000880,BARREL,9,1,34,36,7.198734
1771535650,2026-02-19 21:14:10,5.000880,BARREL,9,2,35,0,0.000000
1771535650,2026-02-19 21:14:10,5.000880,BARREL,57,1,36,45,8.998417
1771535650,2026-02-19 21:14:10,5.000880,BARREL,57,2,37,12,2.399578
1771535650,2026-02-19 21:14:10,5.000880,BARREL,79,1,38,44,8.798452
1771535650,2026-02-19 21:14:10,5.000880,BARREL,79,2,39,68,13.597608
1771535650,2026-02-19 21:14:10,5.000880,BARREL,116,1,40,0,0.000000
1771535650,2026-02-19 21:14:10,5.000880,BARREL,116,2,41,57,11.397995
1771535650,2026-02-19 21:14:10,5.000880,BARREL,13,1,42,0,0.000000
1771535650,2026-02-19 21:14:10,5.000880,BARREL,13,2,43,0,0.000000
1771535650,2026-02-19 21:14:10,5.000880,BARREL,76,1,44,49,9.798276
1771535650,2026-02-19 21:14:10,5.000880,BARREL,76,2,45,41,8.198558
1771535650,2026-02-19 21:14:10,5.000880,BARREL,17,1,46,18,3.599367
1771535650,2026-02-19 21:14:10,5.000880,BARREL,17,2,47,50,9.998241
1771535650,2026-02-19 21:14:10,5.000880,BARREL,125,1,48,70,13.997537
1771535650,2026-02-19 21:14:10,5.000880,BARREL,125,2,49,11,2.199613
1771535650,2026-02-19 21:14:10,5.000880,BARREL,104,1,52,0,0.000000
1771535650,2026-02-19 21:14:10,5.000880,BARREL,104,2,53,478,95.583184
1771535650,2026-02-19 21:14:10,5.000880,BARREL,37,1,64,0,0.000000
1771535650,2026-02-19 21:14:10,5.000880,BARREL,37,2,65,0,0.000000
1771535650,2026-02-19 21:14:10,5.000880,BARREL,70,1,66,66,13.197678
1771535650,2026-02-19 21:14:10,5.000880,BARREL,70,2,67,0,0.000000
1771535650,2026-02-19 21:14:10,5.000880,BARREL,28,1,68,58,11.597960
1771535650,2026-02-19 21:14:10,5.000880,BARREL,28,2,69,65,12.997713
1771535650,2026-02-19 21:14:10,5.000880,BARREL,54,1,70,45,8.998417
1771535650,2026-02-19 21:14:10,5.000880,BARREL,54,2,71,0,0.000000
1771535650,2026-02-19 21:14:10,5.000880,BARREL,25,1,72,62,12.397819
1771535650,2026-02-19 21:14:10,5.000880,BARREL,25,2,73,0,0.000000
1771535650,2026-02-19 21:14:10,5.000880,BARREL,301,1,74,45,8.998417
1771535650,2026-02-19 21:14:10,5.000880,BARREL,301,2,75,65,12.997713
1771535650,2026-02-19 21:14:10,5.000880,BARREL,304,1,76,60,11.997889
1771535650,2026-02-19 21:14:10,5.000880,BARREL,304,2,77,60,11.997889
1771535650,2026-02-19 21:14:10,5.000880,BARREL,22,1,78,1642,328.342236
1771535650,2026-02-19 21:14:10,5.000880,BARREL,22,2,79,53,10.598136
1771535650,2026-02-19 21:14:10,5.000880,BARREL,4,1,80,48,9.598311
1771535650,2026-02-19 21:14:10,5.000880,BARREL,4,2,81,71,14.197502
1771535650,2026-02-19 21:14:10,5.000880,BARREL,12,1,82,53,10.598136
1771535650,2026-02-19 21:14:10,5.000880,BARREL,12,2,83,44,8.798452
1771535650,2026-02-19 21:14:10,5.000880,BARREL,99,1,84,46,9.198382
1771535650,2026-02-19 21:14:10,5.000880,BARREL,99,2,85,0,0.000000
1771535650,2026-02-19 21:14:10,5.000880,BARREL,56,1,86,43,8.598487
1771535650,2026-02-19 21:14:10,5.000880,BARREL,56,2,87,57,11.397995
1771535650,2026-02-19 21:14:10,5.000880,BARREL,122,1,88,41,8.198558
1771535650,2026-02-19 21:14:10,5.000880,BARREL,122,2,89,54,10.798100
1771535650,2026-02-19 21:14:10,5.000880,BARREL,55,1,90,36,7.198734
1771535650,2026-02-19 21:14:10,5.000880,BARREL,55,2,91,12,2.399578
1771535650,2026-02-19 21:14:10,5.000880,BARREL,83,1,92,13,2.599543
1771535650,2026-02-19 21:14:10,5.000880,BARREL,83,2,93,0,0.000000
1771535650,2026-02-19 21:14:10,5.000880,BARREL,97,1,94,10,1.999648
1771535650,2026-02-19 21:14:10,5.000880,BARREL,97,2,95,51,10.198206
1771535650,2026-02-19 21:14:10,5.000880,BARREL,84,1,96,47,9.398347
1771535650,2026-02-19 21:14:10,5.000880,BARREL,84,2,97,32,6.398874
1771535650,2026-02-19 21:14:10,5.000880,BARREL,305,1,98,62,12.397819
1771535650,2026-02-19 21:14:10,5.000880,BARREL,305,2,99,61,12.197854
1771535650,2026-02-19 21:14:10,5.000880,BARREL,2,1,100,28,5.599015
1771535650,2026-02-19 21:14:10,5.000880,BARREL,2,2,101,41,8.198558
1771535650,2026-02-19 21:14:10,5.000880,BARREL,45,1,102,46,9.198382
1771535650,2026-02-19 21:14:10,5.000880,BARREL,45,2,103,46,9.198382
1771535650,2026-02-19 21:14:10,5.000880,BARREL,77,1,-1,0,0.000000
1771535650,2026-02-19 21:14:10,5.000880,BARREL,77,2,-1,0,0.000000
1771535650,2026-02-19 21:14:10,5.000880,BOTTOM,11,1,2,37,7.398698
1771535650,2026-02-19 21:14:10,5.000880,BOTTOM,11,2,3,69,13.797573
1771535650,2026-02-19 21:14:10,5.000880,BOTTOM,38,1,4,178,35.593738
1771535650,2026-02-19 21:14:10,5.000880,BOTTOM,38,2,5,331,66.188356
1771535650,2026-02-19 21:14:10,5.000880,BOTTOM,96,1,6,203,40.592859
1771535650,2026-02-19 21:14:10,5.000880,BOTTOM,96,2,7,1709,341.739879
1771535650,2026-02-19 21:14:10,5.000880,BOTTOM,307,1,8,134,26.795286
1771535650,2026-02-19 21:14:10,5.000880,BOTTOM,307,2,9,650,129.977134
1771535650,2026-02-19 21:14:10,5.000880,BOTTOM,52,1,10,110,21.996130
1771535650,2026-02-19 21:14:10,5.000880,BOTTOM,52,2,11,213,42.592507
1771535650,2026-02-19 21:14:10,5.000880,BOTTOM,102,1,12,133,26.595321
1771535650,2026-02-19 21:14:10,5.000880,BOTTOM,102,2,13,260,51.990853
1771535650,2026-02-19 21:14:10,5.000880,BOTTOM,124,2,14,17,3.399402
1771535650,2026-02-19 21:14:10,5.000880,BOTTOM,124,1,15,111,22.196095
1771535650,2026-02-19 21:14:10,5.000880,BOTTOM,48,2,16,205,40.992788
1771535650,2026-02-19 21:14:10,5.000880,BOTTOM,48,1,17,120,23.995779
1771535650,2026-02-19 21:14:10,5.000880,BOTTOM,75,2,18,0,0.000000
1771535650,2026-02-19 21:14:10,5.000880,BOTTOM,75,1,19,7,1.399754
1771535650,2026-02-19 21:14:10,5.000880,BOTTOM,109,2,20,191,38.193281
1771535650,2026-02-19 21:14:10,5.000880,BOTTOM,109,1,21,176,35.193808
1771535650,2026-02-19 21:14:10,5.000880,BOTTOM,123,2,22,45,8.998417
1771535650,2026-02-19 21:14:10,5.000880,BOTTOM,123,1,23,15,2.999472
1771535655,2026-02-19 21:14:15,5.000924,TOP,103,1,63,0,0.000000
1771535655,2026-02-19 21:14:15,5.000924,TOP,103,2,62,0,0.000000
1771535655,2026-02-19 21:14:15,5.000924,TOP,300,1,58,0,0.000000
1771535655,2026-02-19 21:14:15,5.000924,TOP,300,2,59,0,0.000000
1771535655,2026-02-19 21:14:15,5.000924,TOP,80,1,60,220,43.991874
1771535655,2026-02-19 21:14:15,5.000924,TOP,80,2,61,195,38.992797
1771535655,2026-02-19 21:14:15,5.000924,TOP,303,1,50,200,39.992612
1771535655,2026-02-19 21:14:15,5.000924,TOP,303,2,57,116,23.195715
1771535655,2026-02-19 21:14:15,5.000924,TOP,88,1,56,34,6.798744
1771535655,2026-02-19 21:14:15,5.000924,TOP,88,2,54,2,0.399926
1771535655,2026-02-19 21:14:15,5.000924,TOP,30,1,127,0,0.000000
1771535655,2026-02-19 21:14:15,5.000924,TOP,30,2,126,176,35.193499
1771535655,2026-02-19 21:14:15,5.000924,TOP,34,1,106,0,0.000000
1771535655,2026-02-19 21:14:15,5.000924,TOP,34,2,107,0,0.000000
1771535655,2026-02-19 21:14:15,5.000924,TOP,74,1,108,98,19.596380
1771535655,2026-02-19 21:14:15,5.000924,TOP,74,2,110,211,42.192206
1771535655,2026-02-19 21:14:15,5.000924,TOP,47,1,112,18,3.599335
1771535655,2026-02-19 21:14:15,5.000924,TOP,47,2,114,230,45.991504
1771535655,2026-02-19 21:14:15,5.000924,TOP,115,1,116,40,7.998522
1771535655,2026-02-19 21:14:15,5.000924,TOP,115,2,118,221,44.191837
1771535655,2026-02-19 21:14:15,5.000924,TOP,46,1,119,0,0.000000
1771535655,2026-02-19 21:14:15,5.000924,TOP,46,2,117,11,2.199594
1771535655,2026-02-19 21:14:15,5.000924,TOP,167,1,115,125,24.995383
1771535655,2026-02-19 21:14:15,5.000924,TOP,167,2,113,75,14.997230
1771535655,2026-02-19 21:14:15,5.000924,TOP,90,1,111,199,39.792649
1771535655,2026-02-19 21:14:15,5.000924,TOP,90,2,109,7,1.399741
1771535655,2026-02-19 21:14:15,5.000924,TOP,302,1,120,0,0.000000
1771535655,2026-02-19 21:14:15,5.000924,TOP,302,2,121,0,0.000000
1771535655,2026-02-19 21:14:15,5.000924,TOP,62,1,122,0,0.000000
1771535655,2026-02-19 21:14:15,5.000924,TOP,62,2,123,0,0.000000
1771535655,2026-02-19 21:14:15,5.000924,TOP,44,1,124,0,0.000000
1771535655,2026-02-19 21:14:15,5.000924,TOP,44,2,125,0,0.000000
1771535655,2026-02-19 21:14:15,5.000924,TOP,61,1,55,198,39.592686
1771535655,2026-02-19 21:14:15,5.000924,TOP,61,2,51,0,0.000000
1771535655,2026-02-19 21:14:15,5.000924,BARREL,26,1,24,61,12.197747
1771535655,2026-02-19 21:14:15,5.000924,BARREL,26,2,25,46,9.198301
1771535655,2026-02-19 21:14:15,5.000924,BARREL,66,1,26,65,12.997599
1771535655,2026-02-19 21:14:15,5.000924,BARREL,66,2,27,34,6.798744
1771535655,2026-02-19 21:14:15,5.000924,BARREL,10,1,28,60,11.997784
1771535655,2026-02-19 21:14:15,5.000924,BARREL,10,2,29,45,8.998338
1771535655,2026-02-19 21:14:15,5.000924,BARREL,58,1,30,0,0.000000
1771535655,2026-02-19 21:14:15,5.000924,BARREL,58,2,31,0,0.000000
1771535655,2026-02-19 21:14:15,5.000924,BARREL,306,1,32,42,8.398449
1771535655,2026-02-19 21:14:15,5.000924,BARREL,306,2,33,28,5.598966
1771535655,2026-02-19 21:14:15,5.000924,BARREL,9,1,34,37,7.398633
1771535655,2026-02-19 21:14:15,5.000924,BARREL,9,2,35,0,0.000000
1771535655,2026-02-19 21:14:15,5.000924,BARREL,57,1,36,52,10.398079
1771535655,2026-02-19 21:14:15,5.000924,BARREL,57,2,37,19,3.799298
1771535655,2026-02-19 21:14:15,5.000924,BARREL,79,1,38,48,9.598227
1771535655,2026-02-19 21:14:15,5.000924,BARREL,79,2,39,50,9.998153
1771535655,2026-02-19 21:14:15,5.000924,BARREL,116,1,40,0,0.000000
1771535655,2026-02-19 21:14:15,5.000924,BARREL,116,2,41,60,11.997784
1771535655,2026-02-19 21:14:15,5.000924,BARREL,13,1,42,0,0.000000
1771535655,2026-02-19 21:14:15,5.000924,BARREL,13,2,43,0,0.000000
1771535655,2026-02-19 21:14:15,5.000924,BARREL,76,1,44,66,13.197562
1771535655,2026-02-19 21:14:15,5.000924,BARREL,76,2,45,53,10.598042
1771535655,2026-02-19 21:14:15,5.000924,BARREL,17,1,46,18,3.599335
1771535655,2026-02-19 21:14:15,5.000924,BARREL,17,2,47,51,10.198116
1771535655,2026-02-19 21:14:15,5.000924,BARREL,125,1,48,54,10.798005
1771535655,2026-02-19 21:14:15,5.000924,BARREL,125,2,49,21,4.199224
1771535655,2026-02-19 21:14:15,5.000924,BARREL,104,1,52,0,0.000000
1771535655,2026-02-19 21:14:15,5.000924,BARREL,104,2,53,567,113.379056
1771535655,2026-02-19 21:14:15,5.000924,BARREL,37,1,64,0,0.000000
1771535655,2026-02-19 21:14:15,5.000924,BARREL,37,2,65,0,0.000000
1771535655,2026-02-19 21:14:15,5.000924,BARREL,70,1,66,40,7.998522
1771535655,2026-02-19 21:14:15,5.000924,BARREL,70,2,67,0,0.000000
1771535655,2026-02-19 21:14:15,5.000924,BARREL,28,1,68,59,11.797821
1771535655,2026-02-19 21:14:15,5.000924,BARREL,28,2,69,72,14.397340
1771535655,2026-02-19 21:14:15,5.000924,BARREL,54,1,70,54,10.798005
1771535655,2026-02-19 21:14:15,5.000924,BARREL,54,2,71,1,0.199963
1771535655,2026-02-19 21:14:15,5.000924,BARREL,25,1,72,65,12.997599
1771535655,2026-02-19 21:14:15,5.000924,BARREL,25,2,73,0,0.000000
1771535655,2026-02-19 21:14:15,5.000924,BARREL,301,1,74,47,9.398264
1771535655,2026-02-19 21:14:15,5.000924,BARREL,301,2,75,67,13.397525
1771535655,2026-02-19 21:14:15,5.000924,BARREL,304,1,76,47,9.398264
1771535655,2026-02-19 21:14:15,5.000924,BARREL,304,2,77,61,12.197747
1771535655,2026-02-19 21:14:15,5.000924,BARREL,22,1,78,1609,321.740567
1771535655,2026-02-19 21:14:15,5.000924,BARREL,22,2,79,52,10.398079
1771535655,2026-02-19 21:14:15,5.000924,BARREL,4,1,80,67,13.397525
1771535655,2026-02-19 21:14:15,5.000924,BARREL,4,2,81,68,13.597488
1771535655,2026-02-19 21:14:15,5.000924,BARREL,12,1,82,51,10.198116
1771535655,2026-02-19 21:14:15,5.000924,BARREL,12,2,83,51,10.198116
1771535655,2026-02-19 21:14:15,5.000924,BARREL,99,1,84,56,11.197931
1771535655,2026-02-19 21:14:15,5.000924,BARREL,99,2,85,0,0.000000
1771535655,2026-02-19 21:14:15,5.000924,BARREL,56,1,86,51,10.198116
1771535655,2026-02-19 21:14:15,5.000924,BARREL,56,2,87,63,12.597673
1771535655,2026-02-19 21:14:15,5.000924,BARREL,122,1,88,27,5.399003
1771535655,2026-02-19 21:14:15,5.000924,BARREL,122,2,89,48,9.598227
1771535655,2026-02-19 21:14:15,5.000924,BARREL,55,1,90,47,9.398264
1771535655,2026-02-19 21:14:15,5.000924,BARREL,55,2,91,10,1.999631
1771535655,2026-02-19 21:14:15,5.000924,BARREL,83,1,92,16,3.199409
1771535655,2026-02-19 21:14:15,5.000924,BARREL,83,2,93,0,0.000000
1771535655,2026-02-19 21:14:15,5.000924,BARREL,97,1,94,5,0.999815
1771535655,2026-02-19 21:14:15,5.000924,BARREL,97,2,95,45,8.998338
1771535655,2026-02-19 21:14:15,5.000924,BARREL,84,1,96,66,13.197562
1771535655,2026-02-19 21:14:15,5.000924,BARREL,84,2,97,38,7.598596
1771535655,2026-02-19 21:14:15,5.000924,BARREL,305,1,98,50,9.998153
1771535655,2026-02-19 21:14:15,5.000924,BARREL,305,2,99,52,10.398079
1771535655,2026-02-19 21:14:15,5.000924,BARREL,2,1,100,31,6.198855
1771535655,2026-02-19 21:14:15,5.000924,BARREL,2,2,101,64,12.797636
1771535655,2026-02-19 21:14:15,5.000924,BARREL,45,1,102,51,10.198116
1771535655,2026-02-19 21:14:15,5.000924,BARREL,45,2,103,35,6.998707
1771535655,2026-02-19 21:14:15,5.000924,BARREL,77,1,-1,0,0.000000
1771535655,2026-02-19 21:14:15,5.000924,BARREL,77,2,-1,0,0.000000
1771535655,2026-02-19 21:14:15,5.000924,BOTTOM,11,1,2,43,8.598412
1771535655,2026-02-19 21:14:15,5.000924,BOTTOM,11,2,3,78,15.597119
1771535655,2026-02-19 21:14:15,5.000924,BOTTOM,38,1,4,192,38.392908
1771535655,2026-02-19 21:14:15,5.000924,BOTTOM,38,2,5,338,67.587515
1771535655,2026-02-19 21:14:15,5.000924,BOTTOM,96,1,6,203,40.592502
1771535655,2026-02-19 21:14:15,5.000924,BOTTOM,96,2,7,1719,343.736504
1771535655,2026-02-19 21:14:15,5.000924,BOTTOM,307,1,8,156,31.194238
1771535655,2026-02-19 21:14:15,5.000924,BOTTOM,307,2,9,716,143.173553
1771535655,2026-02-19 21:14:15,5.000924,BOTTOM,52,1,10,82,16.396971
1771535655,2026-02-19 21:14:15,5.000924,BOTTOM,52,2,11,204,40.792465
1771535655,2026-02-19 21:14:15,5.000924,BOTTOM,102,1,12,135,26.995013
1771535655,2026-02-19 21:14:15,5.000924,BOTTOM,102,2,13,282,56.389584
1771535655,2026-02-19 21:14:15,5.000924,BOTTOM,124,2,14,20,3.999261
1771535655,2026-02-19 21:14:15,5.000924,BOTTOM,124,1,15,107,21.396048
1771535655,2026-02-19 21:14:15,5.000924,BOTTOM,48,2,16,215,42.992058
1771535655,2026-02-19 21:14:15,5.000924,BOTTOM,48,1,17,153,30.594349
1771535655,2026-02-19 21:14:15,5.000924,BOTTOM,75,2,18,0,0.000000
1771535655,2026-02-19 21:14:15,5.000924,BOTTOM,75,1,19,7,1.399741
1771535655,2026-02-19 21:14:15,5.000924,BOTTOM,109,2,20,161,32.194053
1771535655,2026-02-19 21:14:15,5.000924,BOTTOM,109,1,21,183,36.593240
1771535655,2026-02-19 21:14:15,5.000924,BOTTOM,123,2,22,39,7.798559
1771535655,2026-02-19 21:14:15,5.000924,BOTTOM,123,1,23,18,3.599335
1771535660,2026-02-19 21:14:20,5.002450,TOP,103,1,63,0,0.000000
1771535660,2026-02-19 21:14:20,5.002450,TOP,103,2,62,0,0.000000
1771535660,2026-02-19 21:14:20,5.002450,TOP,300,1,58,0,0.000000
1771535660,2026-02-19 21:14:20,5.002450,TOP,300,2,59,0,0.000000
1771535660,2026-02-19 21:14:20,5.002450,TOP,80,1,60,240,47.976495
1771535660,2026-02-19 21:14:20,5.002450,TOP,80,2,61,215,42.978944
1771535660,2026-02-19 21:14:20,5.002450,TOP,303,1,50,195,38.980902
1771535660,2026-02-19 21:14:20,5.002450,TOP,303,2,57,108,21.589423
1771535660,2026-02-19 21:14:20,5.002450,TOP,88,1,56,24,4.797650
1771535660,2026-02-19 21:14:20,5.002450,TOP,88,2,54,7,1.399314
1771535660,2026-02-19 21:14:20,5.002450,TOP,30,1,127,0,0.000000
1771535660,2026-02-19 21:14:20,5.002450,TOP,30,2,126,178,35.582567
1771535660,2026-02-19 21:14:20,5.002450,TOP,34,1,106,0,0.000000
1771535660,2026-02-19 21:14:20,5.002450,TOP,34,2,107,0,0.000000
1771535660,2026-02-19 21:14:20,5.002450,TOP,74,1,108,87,17.391480
1771535660,2026-02-19 21:14:20,5.002450,TOP,74,2,110,177,35.382665
1771535660,2026-02-19 21:14:20,5.002450,TOP,47,1,112,19,3.798139
1771535660,2026-02-19 21:14:20,5.002450,TOP,47,2,114,217,43.378748
1771535660,2026-02-19 21:14:20,5.002450,TOP,115,1,116,45,8.995593
1771535660,2026-02-19 21:14:20,5.002450,TOP,115,2,118,222,44.378258
1771535660,2026-02-19 21:14:20,5.002450,TOP,46,1,119,0,0.000000
1771535660,2026-02-19 21:14:20,5.002450,TOP,46,2,117,7,1.399314
1771535660,2026-02-19 21:14:20,5.002450,TOP,167,1,115,122,24.388052
1771535660,2026-02-19 21:14:20,5.002450,TOP,167,2,113,96,19.190598
1771535660,2026-02-19 21:14:20,5.002450,TOP,90,1,111,189,37.781490
1771535660,2026-02-19 21:14:20,5.002450,TOP,90,2,109,13,2.598727
1771535660,2026-02-19 21:14:20,5.002450,TOP,302,1,120,0,0.000000
1771535660,2026-02-19 21:14:20,5.002450,TOP,302,2,121,0,0.000000
1771535660,2026-02-19 21:14:20,5.002450,TOP,62,1,122,0,0.000000
1771535660,2026-02-19 21:14:20,5.002450,TOP,62,2,123,0,0.000000
1771535660,2026-02-19 21:14:20,5.002450,TOP,44,1,124,0,0.000000
1771535660,2026-02-19 21:14:20,5.002450,TOP,44,2,125,0,0.000000
1771535660,2026-02-19 21:14:20,5.002450,TOP,61,1,55,164,32.783939
1771535660,2026-02-19 21:14:20,5.002450,TOP,61,2,51,1,0.199902
1771535660,2026-02-19 21:14:20,5.002450,BARREL,26,1,24,49,9.795201
1771535660,2026-02-19 21:14:20,5.002450,BARREL,26,2,25,40,7.996083
1771535660,2026-02-19 21:14:20,5.002450,BARREL,66,1,26,62,12.393928
1771535660,2026-02-19 21:14:20,5.002450,BARREL,66,2,27,31,6.196964
1771535660,2026-02-19 21:14:20,5.002450,BARREL,10,1,28,57,11.394418
1771535660,2026-02-19 21:14:20,5.002450,BARREL,10,2,29,41,8.195985
1771535660,2026-02-19 21:14:20,5.002450,BARREL,58,1,30,0,0.000000
1771535660,2026-02-19 21:14:20,5.002450,BARREL,58,2,31,0,0.000000
1771535660,2026-02-19 21:14:20,5.002450,BARREL,306,1,32,50,9.995103
1771535660,2026-02-19 21:14:20,5.002450,BARREL,306,2,33,35,6.996572
1771535660,2026-02-19 21:14:20,5.002450,BARREL,9,1,34,37,7.396376
1771535660,2026-02-19 21:14:20,5.002450,BARREL,9,2,35,0,0.000000
1771535660,2026-02-19 21:14:20,5.002450,BARREL,57,1,36,58,11.594320
1771535660,2026-02-19 21:14:20,5.002450,BARREL,57,2,37,13,2.598727
1771535660,2026-02-19 21:14:20,5.002450,BARREL,79,1,38,39,7.796180
1771535660,2026-02-19 21:14:20,5.002450,BARREL,79,2,39,68,13.593340
1771535660,2026-02-19 21:14:20,5.002450,BARREL,116,1,40,0,0.000000
1771535660,2026-02-19 21:14:20,5.002450,BARREL,116,2,41,69,13.793242
1771535660,2026-02-19 21:14:20,5.002450,BARREL,13,1,42,0,0.000000
1771535660,2026-02-19 21:14:20,5.002450,BARREL,13,2,43,0,0.000000
1771535660,2026-02-19 21:14:20,5.002450,BARREL,76,1,44,67,13.393438
1771535660,2026-02-19 21:14:20,5.002450,BARREL,76,2,45,35,6.996572
1771535660,2026-02-19 21:14:20,5.002450,BARREL,17,1,46,12,2.398825
1771535660,2026-02-19 21:14:20,5.002450,BARREL,17,2,47,37,7.396376
1771535660,2026-02-19 21:14:20,5.002450,BARREL,125,1,48,65,12.993634
1771535660,2026-02-19 21:14:20,5.002450,BARREL,125,2,49,28,5.597258
1771535660,2026-02-19 21:14:20,5.002450,BARREL,104,1,52,0,0.000000
1771535660,2026-02-19 21:14:20,5.002450,BARREL,104,2,53,468,93.554166
1771535660,2026-02-19 21:14:20,5.002450,BARREL,37,1,64,0,0.000000
1771535660,2026-02-19 21:14:20,5.002450,BARREL,37,2,65,0,0.000000
1771535660,2026-02-19 21:14:20,5.002450,BARREL,70,1,66,50,9.995103
1771535660,2026-02-19 21:14:20,5.002450,BARREL,70,2,67,0,0.000000
1771535660,2026-02-19 21:14:20,5.002450,BARREL,28,1,68,43,8.595789
1771535660,2026-02-19 21:14:20,5.002450,BARREL,28,2,69,58,11.594320
1771535660,2026-02-19 21:14:20,5.002450,BARREL,54,1,70,35,6.996572
1771535660,2026-02-19 21:14:20,5.002450,BARREL,54,2,71,0,0.000000
1771535660,2026-02-19 21:14:20,5.002450,BARREL,25,1,72,55,10.994614
1771535660,2026-02-19 21:14:20,5.002450,BARREL,25,2,73,0,0.000000
1771535660,2026-02-19 21:14:20,5.002450,BARREL,301,1,74,52,10.394907
1771535660,2026-02-19 21:14:20,5.002450,BARREL,301,2,75,56,11.194516
1771535660,2026-02-19 21:14:20,5.002450,BARREL,304,1,76,51,10.195005
1771535660,2026-02-19 21:14:20,5.002450,BARREL,304,2,77,56,11.194516
1771535660,2026-02-19 21:14:20,5.002450,BARREL,22,1,78,2105,420.793845
1771535660,2026-02-19 21:14:20,5.002450,BARREL,22,2,79,68,13.593340
1771535660,2026-02-19 21:14:20,5.002450,BARREL,4,1,80,62,12.393928
1771535660,2026-02-19 21:14:20,5.002450,BARREL,4,2,81,85,16.991675
1771535660,2026-02-19 21:14:20,5.002450,BARREL,12,1,82,50,9.995103
1771535660,2026-02-19 21:14:20,5.002450,BARREL,12,2,83,50,9.995103
1771535660,2026-02-19 21:14:20,5.002450,BARREL,99,1,84,61,12.194026
1771535660,2026-02-19 21:14:20,5.002450,BARREL,99,2,85,0,0.000000
1771535660,2026-02-19 21:14:20,5.002450,BARREL,56,1,86,65,12.993634
1771535660,2026-02-19 21:14:20,5.002450,BARREL,56,2,87,72,14.392949
1771535660,2026-02-19 21:14:20,5.002450,BARREL,122,1,88,41,8.195985
1771535660,2026-02-19 21:14:20,5.002450,BARREL,122,2,89,51,10.195005
1771535660,2026-02-19 21:14:20,5.002450,BARREL,55,1,90,50,9.995103
1771535660,2026-02-19 21:14:20,5.002450,BARREL,55,2,91,9,1.799119
1771535660,2026-02-19 21:14:20,5.002450,BARREL,83,1,92,14,2.798629
1771535660,2026-02-19 21:14:20,5.002450,BARREL,83,2,93,0,0.000000
1771535660,2026-02-19 21:14:20,5.002450,BARREL,97,1,94,6,1.199412
1771535660,2026-02-19 21:14:20,5.002450,BARREL,97,2,95,47,9.395397
1771535660,2026-02-19 21:14:20,5.002450,BARREL,84,1,96,53,10.594809
1771535660,2026-02-19 21:14:20,5.002450,BARREL,84,2,97,35,6.996572
1771535660,2026-02-19 21:14:20,5.002450,BARREL,305,1,98,59,11.794222
1771535660,2026-02-19 21:14:20,5.002450,BARREL,305,2,99,48,9.595299
1771535660,2026-02-19 21:14:20,5.002450,BARREL,2,1,100,38,7.596278
1771535660,2026-02-19 21:14:20,5.002450,BARREL,2,2,101,53,10.594809
1771535660,2026-02-19 21:14:20,5.002450,BARREL,45,1,102,48,9.595299
1771535660,2026-02-19 21:14:20,5.002450,BARREL,45,2,103,28,5.597258
1771535660,2026-02-19 21:14:20,5.002450,BARREL,77,1,-1,0,0.000000
1771535660,2026-02-19 21:14:20,5.002450,BARREL,77,2,-1,0,0.000000
1771535660,2026-02-19 21:14:20,5.002450,BOTTOM,11,1,2,50,9.995103
1771535660,2026-02-19 21:14:20,5.002450,BOTTOM,11,2,3,67,13.393438
1771535660,2026-02-19 21:14:20,5.002450,BOTTOM,38,1,4,163,32.584036
1771535660,2026-02-19 21:14:20,5.002450,BOTTOM,38,2,5,344,68.766310
1771535660,2026-02-19 21:14:20,5.002450,BOTTOM,96,1,6,193,38.581098
1771535660,2026-02-19 21:14:20,5.002450,BOTTOM,96,2,7,1678,335.435663
1771535660,2026-02-19 21:14:20,5.002450,BOTTOM,307,1,8,150,29.985310
1771535660,2026-02-19 21:14:20,5.002450,BOTTOM,307,2,9,749,149.726646
1771535660,2026-02-19 21:14:20,5.002450,BOTTOM,52,1,10,97,19.390500
1771535660,2026-02-19 21:14:20,5.002450,BOTTOM,52,2,11,211,42.179336
1771535660,2026-02-19 21:14:20,5.002450,BOTTOM,102,1,12,139,27.786387
1771535660,2026-02-19 21:14:20,5.002450,BOTTOM,102,2,13,287,57.371892
1771535660,2026-02-19 21:14:20,5.002450,BOTTOM,124,2,14,13,2.598727
1771535660,2026-02-19 21:14:20,5.002450,BOTTOM,124,1,15,101,20.190108
1771535660,2026-02-19 21:14:20,5.002450,BOTTOM,48,2,16,246,49.175908
1771535660,2026-02-19 21:14:20,5.002450,BOTTOM,48,1,17,124,24.787856
1771535660,2026-02-19 21:14:20,5.002450,BOTTOM,75,2,18,0,0.000000
1771535660,2026-02-19 21:14:20,5.002450,BOTTOM,75,1,19,9,1.799119
1771535660,2026-02-19 21:14:20,5.002450,BOTTOM,109,2,20,160,31.984330
1771535660,2026-02-19 21:14:20,5.002450,BOTTOM,109,1,21,189,37.781490
1771535660,2026-02-19 21:14:20,5.002450,BOTTOM,123,2,22,47,9.395397
1771535660,2026-02-19 21:14:20,5.002450,BOTTOM,123,1,23,17,3.398335
1771535665,2026-02-19 21:14:25,5.000915,TOP,103,1,63,0,0.000000
1771535665,2026-02-19 21:14:25,5.000915,TOP,103,2,62,0,0.000000
1771535665,2026-02-19 21:14:25,5.000915,TOP,300,1,58,0,0.000000
1771535665,2026-02-19 21:14:25,5.000915,TOP,300,2,59,0,0.000000
1771535665,2026-02-19 21:14:25,5.000915,TOP,80,1,60,201,40.192648
1771535665,2026-02-19 21:14:25,5.000915,TOP,80,2,61,192,38.392977
1771535665,2026-02-19 21:14:25,5.000915,TOP,303,1,50,207,41.392429
1771535665,2026-02-19 21:14:25,5.000915,TOP,303,2,57,124,24.795464
1771535665,2026-02-19 21:14:25,5.000915,TOP,88,1,56,34,6.798756
1771535665,2026-02-19 21:14:25,5.000915,TOP,88,2,54,5,0.999817
1771535665,2026-02-19 21:14:25,5.000915,TOP,30,1,127,0,0.000000
1771535665,2026-02-19 21:14:25,5.000915,TOP,30,2,126,166,33.193928
1771535665,2026-02-19 21:14:25,5.000915,TOP,34,1,106,0,0.000000
1771535665,2026-02-19 21:14:25,5.000915,TOP,34,2,107,0,0.000000
1771535665,2026-02-19 21:14:25,5.000915,TOP,74,1,108,82,16.397001
1771535665,2026-02-19 21:14:25,5.000915,TOP,74,2,110,217,43.392063
1771535665,2026-02-19 21:14:25,5.000915,TOP,47,1,112,19,3.799305
1771535665,2026-02-19 21:14:25,5.000915,TOP,47,2,114,202,40.392611
1771535665,2026-02-19 21:14:25,5.000915,TOP,115,1,116,44,8.798391
1771535665,2026-02-19 21:14:25,5.000915,TOP,115,2,118,250,49.990856
1771535665,2026-02-19 21:14:25,5.000915,TOP,46,1,119,0,0.000000
1771535665,2026-02-19 21:14:25,5.000915,TOP,46,2,117,10,1.999634
1771535665,2026-02-19 21:14:25,5.000915,TOP,167,1,115,132,26.395172
1771535665,2026-02-19 21:14:25,5.000915,TOP,167,2,113,83,16.596964
1771535665,2026-02-19 21:14:25,5.000915,TOP,90,1,111,203,40.592575
1771535665,2026-02-19 21:14:25,5.000915,TOP,90,2,109,12,2.399561
1771535665,2026-02-19 21:14:25,5.000915,TOP,302,1,120,0,0.000000
1771535665,2026-02-19 21:14:25,5.000915,TOP,302,2,121,0,0.000000
1771535665,2026-02-19 21:14:25,5.000915,TOP,62,1,122,0,0.000000
1771535665,2026-02-19 21:14:25,5.000915,TOP,62,2,123,0,0.000000
1771535665,2026-02-19 21:14:25,5.000915,TOP,44,1,124,0,0.000000
1771535665,2026-02-19 21:14:25,5.000915,TOP,44,2,125,0,0.000000
1771535665,2026-02-19 21:14:25,5.000915,TOP,61,1,55,161,32.194111
1771535665,2026-02-19 21:14:25,5.000915,TOP,61,2,51,0,0.000000
1771535665,2026-02-19 21:14:25,5.000915,BARREL,26,1,24,55,10.997988
1771535665,2026-02-19 21:14:25,5.000915,BARREL,26,2,25,54,10.798025
1771535665,2026-02-19 21:14:25,5.000915,BARREL,66,1,26,53,10.598061
1771535665,2026-02-19 21:14:25,5.000915,BARREL,66,2,27,32,6.398830
1771535665,2026-02-19 21:14:25,5.000915,BARREL,10,1,28,64,12.797659
1771535665,2026-02-19 21:14:25,5.000915,BARREL,10,2,29,51,10.198135
1771535665,2026-02-19 21:14:25,5.000915,BARREL,58,1,30,0,0.000000
1771535665,2026-02-19 21:14:25,5.000915,BARREL,58,2,31,0,0.000000
1771535665,2026-02-19 21:14:25,5.000915,BARREL,306,1,32,47,9.398281
1771535665,2026-02-19 21:14:25,5.000915,BARREL,306,2,33,30,5.998903
1771535665,2026-02-19 21:14:25,5.000915,BARREL,9,1,34,33,6.598793
1771535665,2026-02-19 21:14:25,5.000915,BARREL,9,2,35,0,0.000000
1771535665,2026-02-19 21:14:25,5.000915,BARREL,57,1,36,53,10.598061
1771535665,2026-02-19 21:14:25,5.000915,BARREL,57,2,37,25,4.999086
1771535665,2026-02-19 21:14:25,5.000915,BARREL,79,1,38,40,7.998537
1771535665,2026-02-19 21:14:25,5.000915,BARREL,79,2,39,77,15.397184
1771535665,2026-02-19 21:14:25,5.000915,BARREL,116,1,40,0,0.000000
1771535665,2026-02-19 21:14:25,5.000915,BARREL,116,2,41,65,12.997622
1771535665,2026-02-19 21:14:25,5.000915,BARREL,13,1,42,0,0.000000
1771535665,2026-02-19 21:14:25,5.000915,BARREL,13,2,43,0,0.000000
1771535665,2026-02-19 21:14:25,5.000915,BARREL,76,1,44,68,13.597513
1771535665,2026-02-19 21:14:25,5.000915,BARREL,76,2,45,42,8.398464
1771535665,2026-02-19 21:14:25,5.000915,BARREL,17,1,46,24,4.799122
1771535665,2026-02-19 21:14:25,5.000915,BARREL,17,2,47,48,9.598244
1771535665,2026-02-19 21:14:25,5.000915,BARREL,125,1,48,56,11.197952
1771535665,2026-02-19 21:14:25,5.000915,BARREL,125,2,49,21,4.199232
1771535665,2026-02-19 21:14:25,5.000915,BARREL,104,1,52,0,0.000000
1771535665,2026-02-19 21:14:25,5.000915,BARREL,104,2,53,470,93.982809
1771535665,2026-02-19 21:14:25,5.000915,BARREL,37,1,64,0,0.000000
1771535665,2026-02-19 21:14:25,5.000915,BARREL,37,2,65,0,0.000000
1771535665,2026-02-19 21:14:25,5.000915,BARREL,70,1,66,50,9.998171
1771535665,2026-02-19 21:14:25,5.000915,BARREL,70,2,67,0,0.000000
1771535665,2026-02-19 21:14:25,5.000915,BARREL,28,1,68,67,13.397549
1771535665,2026-02-19 21:14:25,5.000915,BARREL,28,2,69,76,15.197220
1771535665,2026-02-19 21:14:25,5.000915,BARREL,54,1,70,46,9.198317
1771535665,2026-02-19 21:14:25,5.000915,BARREL,54,2,71,0,0.000000
1771535665,2026-02-19 21:14:25,5.000915,BARREL,25,1,72,46,9.198317
1771535665,2026-02-19 21:14:25,5.000915,BARREL,25,2,73,0,0.000000
1771535665,2026-02-19 21:14:25,5.000915,BARREL,301,1,74,49,9.798208
1771535665,2026-02-19 21:14:25,5.000915,BARREL,301,2,75,64,12.797659
1771535665,2026-02-19 21:14:25,5.000915,BARREL,304,1,76,53,10.598061
1771535665,2026-02-19 21:14:25,5.000915,BARREL,304,2,77,49,9.798208
1771535665,2026-02-19 21:14:25,5.000915,BARREL,22,1,78,1762,352.335551
1771535665,2026-02-19 21:14:25,5.000915,BARREL,22,2,79,57,11.397915
1771535665,2026-02-19 21:14:25,5.000915,BARREL,4,1,80,63,12.597696
1771535665,2026-02-19 21:14:25,5.000915,BARREL,4,2,81,68,13.597513
1771535665,2026-02-19 21:14:25,5.000915,BARREL,12,1,82,46,9.198317
1771535665,2026-02-19 21:14:25,5.000915,BARREL,12,2,83,51,10.198135
1771535665,2026-02-19 21:14:25,5.000915,BARREL,99,1,84,70,13.997440
1771535665,2026-02-19 21:14:25,5.000915,BARREL,99,2,85,0,0.000000
1771535665,2026-02-19 21:14:25,5.000915,BARREL,56,1,86,64,12.797659
1771535665,2026-02-19 21:14:25,5.000915,BARREL,56,2,87,66,13.197586
1771535665,2026-02-19 21:14:25,5.000915,BARREL,122,1,88,26,5.199049
1771535665,2026-02-19 21:14:25,5.000915,BARREL,122,2,89,58,11.597879
1771535665,2026-02-19 21:14:25,5.000915,BARREL,55,1,90,52,10.398098
1771535665,2026-02-19 21:14:25,5.000915,BARREL,55,2,91,15,2.999451
1771535665,2026-02-19 21:14:25,5.000915,BARREL,83,1,92,11,2.199598
1771535665,2026-02-19 21:14:25,5.000915,BARREL,83,2,93,0,0.000000
1771535665,2026-02-19 21:14:25,5.000915,BARREL,97,1,94,11,2.199598
1771535665,2026-02-19 21:14:25,5.000915,BARREL,97,2,95,54,10.798025
1771535665,2026-02-19 21:14:25,5.000915,BARREL,84,1,96,57,11.397915
1771535665,2026-02-19 21:14:25,5.000915,BARREL,84,2,97,37,7.398647
1771535665,2026-02-19 21:14:25,5.000915,BARREL,305,1,98,59,11.797842
1771535665,2026-02-19 21:14:25,5.000915,BARREL,305,2,99,61,12.197769
1771535665,2026-02-19 21:14:25,5.000915,BARREL,2,1,100,23,4.599159
1771535665,2026-02-19 21:14:25,5.000915,BARREL,2,2,101,66,13.197586
1771535665,2026-02-19 21:14:25,5.000915,BARREL,45,1,102,53,10.598061
1771535665,2026-02-19 21:14:25,5.000915,BARREL,45,2,103,32,6.398830
1771535665,2026-02-19 21:14:25,5.000915,BARREL,77,1,-1,0,0.000000
1771535665,2026-02-19 21:14:25,5.000915,BARREL,77,2,-1,0,0.000000
1771535665,2026-02-19 21:14:25,5.000915,BOTTOM,11,1,2,42,8.398464
1771535665,2026-02-19 21:14:25,5.000915,BOTTOM,11,2,3,81,16.197037
1771535665,2026-02-19 21:14:25,5.000915,BOTTOM,38,1,4,176,35.193562
1771535665,2026-02-19 21:14:25,5.000915,BOTTOM,38,2,5,301,60.188990
1771535665,2026-02-19 21:14:25,5.000915,BOTTOM,96,1,6,211,42.192282
1771535665,2026-02-19 21:14:25,5.000915,BOTTOM,96,2,7,1608,321.541184
1771535665,2026-02-19 21:14:25,5.000915,BOTTOM,307,1,8,134,26.795099
1771535665,2026-02-19 21:14:25,5.000915,BOTTOM,307,2,9,752,150.372494
1771535665,2026-02-19 21:14:25,5.000915,BOTTOM,52,1,10,100,19.996342
1771535665,2026-02-19 21:14:25,5.000915,BOTTOM,52,2,11,197,39.392794
1771535665,2026-02-19 21:14:25,5.000915,BOTTOM,102,1,12,160,31.994148
1771535665,2026-02-19 21:14:25,5.000915,BOTTOM,102,2,13,280,55.989758
1771535665,2026-02-19 21:14:25,5.000915,BOTTOM,124,2,14,16,3.199415
1771535665,2026-02-19 21:14:25,5.000915,BOTTOM,124,1,15,106,21.196123
1771535665,2026-02-19 21:14:25,5.000915,BOTTOM,48,2,16,228,45.591660
1771535665,2026-02-19 21:14:25,5.000915,BOTTOM,48,1,17,129,25.795282
1771535665,2026-02-19 21:14:25,5.000915,BOTTOM,75,2,18,0,0.000000
1771535665,2026-02-19 21:14:25,5.000915,BOTTOM,75,1,19,5,0.999817
1771535665,2026-02-19 21:14:25,5.000915,BOTTOM,109,2,20,210,41.992319
1771535665,2026-02-19 21:14:25,5.000915,BOTTOM,109,1,21,198,39.592758
1771535665,2026-02-19 21:14:25,5.000915,BOTTOM,123,2,22,49,9.798208
1771535665,2026-02-19 21:14:25,5.000915,BOTTOM,123,1,23,8,1.599707
1771535670,2026-02-19 21:14:30,5.000914,TOP,103,1,63,0,0.000000
1771535670,2026-02-19 21:14:30,5.000914,TOP,103,2,62,0,0.000000
1771535670,2026-02-19 21:14:30,5.000914,TOP,300,1,58,0,0.000000
1771535670,2026-02-19 21:14:30,5.000914,TOP,300,2,59,0,0.000000
1771535670,2026-02-19 21:14:30,5.000914,TOP,80,1,60,231,46.191554
1771535670,2026-02-19 21:14:30,5.000914,TOP,80,2,61,206,41.192468
1771535670,2026-02-19 21:14:30,5.000914,TOP,303,1,50,232,46.391517
1771535670,2026-02-19 21:14:30,5.000914,TOP,303,2,57,115,22.995795
1771535670,2026-02-19 21:14:30,5.000914,TOP,88,1,56,44,8.798391
1771535670,2026-02-19 21:14:30,5.000914,TOP,88,2,54,7,1.399744
1771535670,2026-02-19 21:14:30,5.000914,TOP,30,1,127,0,0.000000
1771535670,2026-02-19 21:14:30,5.000914,TOP,30,2,126,178,35.593492
1771535670,2026-02-19 21:14:30,5.000914,TOP,34,1,106,0,0.000000
1771535670,2026-02-19 21:14:30,5.000914,TOP,34,2,107,0,0.000000
1771535670,2026-02-19 21:14:30,5.000914,TOP,74,1,108,91,18.196673
1771535670,2026-02-19 21:14:30,5.000914,TOP,74,2,110,220,43.991956
1771535670,2026-02-19 21:14:30,5.000914,TOP,47,1,112,18,3.599342
1771535670,2026-02-19 21:14:30,5.000914,TOP,47,2,114,194,38.792907
1771535670,2026-02-19 21:14:30,5.000914,TOP,115,1,116,48,9.598245
1771535670,2026-02-19 21:14:30,5.000914,TOP,115,2,118,236,47.191371
1771535670,2026-02-19 21:14:30,5.000914,TOP,46,1,119,0,0.000000
1771535670,2026-02-19 21:14:30,5.000914,TOP,46,2,117,12,2.399561
1771535670,2026-02-19 21:14:30,5.000914,TOP,167,1,115,149,29.794552
1771535670,2026-02-19 21:14:30,5.000914,TOP,167,2,113,93,18.596600
1771535670,2026-02-19 21:14:30,5.000914,TOP,90,1,111,206,41.192468
1771535670,2026-02-19 21:14:30,5.000914,TOP,90,2,109,6,1.199781
1771535670,2026-02-19 21:14:30,5.000914,TOP,302,1,120,0,0.000000
1771535670,2026-02-19 21:14:30,5.000914,TOP,302,2,121,0,0.000000
1771535670,2026-02-19 21:14:30,5.000914,TOP,62,1,122,0,0.000000
1771535670,2026-02-19 21:14:30,5.000914,TOP,62,2,123,0,0.000000
1771535670,2026-02-19 21:14:30,5.000914,TOP,44,1,124,0,0.000000
1771535670,2026-02-19 21:14:30,5.000914,TOP,44,2,125,0,0.000000
1771535670,2026-02-19 21:14:30,5.000914,TOP,61,1,55,166,33.193931
1771535670,2026-02-19 21:14:30,5.000914,TOP,61,2,51,1,0.199963
1771535670,2026-02-19 21:14:30,5.000914,BARREL,26,1,24,58,11.597879
1771535670,2026-02-19 21:14:30,5.000914,BARREL,26,2,25,40,7.998537
1771535670,2026-02-19 21:14:30,5.000914,BARREL,66,1,26,65,12.997623
1771535670,2026-02-19 21:14:30,5.000914,BARREL,66,2,27,31,6.198867
1771535670,2026-02-19 21:14:30,5.000914,BARREL,10,1,28,53,10.598062
1771535670,2026-02-19 21:14:30,5.000914,BARREL,10,2,29,39,7.798574
1771535670,2026-02-19 21:14:30,5.000914,BARREL,58,1,30,0,0.000000
1771535670,2026-02-19 21:14:30,5.000914,BARREL,58,2,31,0,0.000000
1771535670,2026-02-19 21:14:30,5.000914,BARREL,306,1,32,47,9.398282
1771535670,2026-02-19 21:14:30,5.000914,BARREL,306,2,33,28,5.598976
1771535670,2026-02-19 21:14:30,5.000914,BARREL,9,1,34,36,7.198684
1771535670,2026-02-19 21:14:30,5.000914,BARREL,9,2,35,0,0.000000
1771535670,2026-02-19 21:14:30,5.000914,BARREL,57,1,36,55,10.997989
1771535670,2026-02-19 21:14:30,5.000914,BARREL,57,2,37,14,2.799488
1771535670,2026-02-19 21:14:30,5.000914,BARREL,79,1,38,35,6.998720
1771535670,2026-02-19 21:14:30,5.000914,BARREL,79,2,39,76,15.197221
1771535670,2026-02-19 21:14:30,5.000914,BARREL,116,1,40,0,0.000000
1771535670,2026-02-19 21:14:30,5.000914,BARREL,116,2,41,66,13.197587
1771535670,2026-02-19 21:14:30,5.000914,BARREL,13,1,42,0,0.000000
1771535670,2026-02-19 21:14:30,5.000914,BARREL,13,2,43,0,0.000000
1771535670,2026-02-19 21:14:30,5.000914,BARREL,76,1,44,60,11.997806
1771535670,2026-02-19 21:14:30,5.000914,BARREL,76,2,45,44,8.798391
1771535670,2026-02-19 21:14:30,5.000914,BARREL,17,1,46,22,4.399196
1771535670,2026-02-19 21:14:30,5.000914,BARREL,17,2,47,55,10.997989
1771535670,2026-02-19 21:14:30,5.000914,BARREL,125,1,48,76,15.197221
1771535670,2026-02-19 21:14:30,5.000914,BARREL,125,2,49,18,3.599342
1771535670,2026-02-19 21:14:30,5.000914,BARREL,104,1,52,0,0.000000
1771535670,2026-02-19 21:14:30,5.000914,BARREL,104,2,53,488,97.582157
1771535670,2026-02-19 21:14:30,5.000914,BARREL,37,1,64,0,0.000000
1771535670,2026-02-19 21:14:30,5.000914,BARREL,37,2,65,0,0.000000
1771535670,2026-02-19 21:14:30,5.000914,BARREL,70,1,66,50,9.998172
1771535670,2026-02-19 21:14:30,5.000914,BARREL,70,2,67,0,0.000000
1771535670,2026-02-19 21:14:30,5.000914,BARREL,28,1,68,47,9.398282
1771535670,2026-02-19 21:14:30,5.000914,BARREL,28,2,69,63,12.597697
1771535670,2026-02-19 21:14:30,5.000914,BARREL,54,1,70,47,9.398282
1771535670,2026-02-19 21:14:30,5.000914,BARREL,54,2,71,0,0.000000
1771535670,2026-02-19 21:14:30,5.000914,BARREL,25,1,72,56,11.197952
1771535670,2026-02-19 21:14:30,5.000914,BARREL,25,2,73,0,0.000000
1771535670,2026-02-19 21:14:30,5.000914,BARREL,301,1,74,54,10.798026
1771535670,2026-02-19 21:14:30,5.000914,BARREL,301,2,75,53,10.598062
1771535670,2026-02-19 21:14:30,5.000914,BARREL,304,1,76,48,9.598245
1771535670,2026-02-19 21:14:30,5.000914,BARREL,304,2,77,49,9.798208
1771535670,2026-02-19 21:14:30,5.000914,BARREL,22,1,78,1731,346.136709
1771535670,2026-02-19 21:14:30,5.000914,BARREL,22,2,79,56,11.197952
1771535670,2026-02-19 21:14:30,5.000914,BARREL,4,1,80,48,9.598245
1771535670,2026-02-19 21:14:30,5.000914,BARREL,4,2,81,55,10.997989
1771535670,2026-02-19 21:14:30,5.000914,BARREL,12,1,82,43,8.598428
1771535670,2026-02-19 21:14:30,5.000914,BARREL,12,2,83,40,7.998537
1771535670,2026-02-19 21:14:30,5.000914,BARREL,99,1,84,72,14.397367
1771535670,2026-02-19 21:14:30,5.000914,BARREL,99,2,85,0,0.000000
1771535670,2026-02-19 21:14:30,5.000914,BARREL,56,1,86,64,12.797660
1771535670,2026-02-19 21:14:30,5.000914,BARREL,56,2,87,56,11.197952
1771535670,2026-02-19 21:14:30,5.000914,BARREL,122,1,88,42,8.398464
1771535670,2026-02-19 21:14:30,5.000914,BARREL,122,2,89,55,10.997989
1771535670,2026-02-19 21:14:30,5.000914,BARREL,55,1,90,42,8.398464
1771535670,2026-02-19 21:14:30,5.000914,BARREL,55,2,91,9,1.799671
1771535670,2026-02-19 21:14:30,5.000914,BARREL,83,1,92,26,5.199049
1771535670,2026-02-19 21:14:30,5.000914,BARREL,83,2,93,0,0.000000
1771535670,2026-02-19 21:14:30,5.000914,BARREL,97,1,94,8,1.599707
1771535670,2026-02-19 21:14:30,5.000914,BARREL,97,2,95,47,9.398282
1771535670,2026-02-19 21:14:30,5.000914,BARREL,84,1,96,41,8.198501
1771535670,2026-02-19 21:14:30,5.000914,BARREL,84,2,97,34,6.798757
1771535670,2026-02-19 21:14:30,5.000914,BARREL,305,1,98,55,10.997989
1771535670,2026-02-19 21:14:30,5.000914,BARREL,305,2,99,78,15.597148
1771535670,2026-02-19 21:14:30,5.000914,BARREL,2,1,100,30,5.998903
1771535670,2026-02-19 21:14:30,5.000914,BARREL,2,2,101,68,13.597514
1771535670,2026-02-19 21:14:30,5.000914,BARREL,45,1,102,67,13.397550
1771535670,2026-02-19 21:14:30,5.000914,BARREL,45,2,103,44,8.798391
1771535670,2026-02-19 21:14:30,5.000914,BARREL,77,1,-1,0,0.000000
1771535670,2026-02-19 21:14:30,5.000914,BARREL,77,2,-1,0,0.000000
1771535670,2026-02-19 21:14:30,5.000914,BOTTOM,11,1,2,47,9.398282
1771535670,2026-02-19 21:14:30,5.000914,BOTTOM,11,2,3,74,14.797294
1771535670,2026-02-19 21:14:30,5.000914,BOTTOM,38,1,4,177,35.393528
1771535670,2026-02-19 21:14:30,5.000914,BOTTOM,38,2,5,274,54.789982
1771535670,2026-02-19 21:14:30,5.000914,BOTTOM,96,1,6,210,41.992322
1771535670,2026-02-19 21:14:30,5.000914,BOTTOM,96,2,7,1526,305.144205
1771535670,2026-02-19 21:14:30,5.000914,BOTTOM,307,1,8,155,30.994333
1771535670,2026-02-19 21:14:30,5.000914,BOTTOM,307,2,9,683,136.575027
1771535670,2026-02-19 21:14:30,5.000914,BOTTOM,52,1,10,107,21.396088
1771535670,2026-02-19 21:14:30,5.000914,BOTTOM,52,2,11,181,36.193382
1771535670,2026-02-19 21:14:30,5.000914,BOTTOM,102,1,12,118,23.595686
1771535670,2026-02-19 21:14:30,5.000914,BOTTOM,102,2,13,273,54.590018
1771535670,2026-02-19 21:14:30,5.000914,BOTTOM,124,2,14,15,2.999452
1771535670,2026-02-19 21:14:30,5.000914,BOTTOM,124,1,15,107,21.396088
1771535670,2026-02-19 21:14:30,5.000914,BOTTOM,48,2,16,124,24.795466
1771535670,2026-02-19 21:14:30,5.000914,BOTTOM,48,1,17,124,24.795466
1771535670,2026-02-19 21:14:30,5.000914,BOTTOM,75,2,18,0,0.000000
1771535670,2026-02-19 21:14:30,5.000914,BOTTOM,75,1,19,6,1.199781
1771535670,2026-02-19 21:14:30,5.000914,BOTTOM,109,2,20,165,32.993967
1771535670,2026-02-19 21:14:30,5.000914,BOTTOM,109,1,21,185,36.993236
1771535670,2026-02-19 21:14:30,5.000914,BOTTOM,123,2,22,41,8.198501
1771535670,2026-02-19 21:14:30,5.000914,BOTTOM,123,1,23,12,2.399561
1771535675,2026-02-19 21:14:35,5.000878,TOP,103,1,63,0,0.000000
1771535675,2026-02-19 21:14:35,5.000878,TOP,103,2,62,0,0.000000
1771535675,2026-02-19 21:14:35,5.000878,TOP,300,1,58,0,0.000000
1771535675,2026-02-19 21:14:35,5.000878,TOP,300,2,59,0,0.000000
1771535675,2026-02-19 21:14:35,5.000878,TOP,80,1,60,209,41.792665
1771535675,2026-02-19 21:14:35,5.000878,TOP,80,2,61,226,45.192069
1771535675,2026-02-19 21:14:35,5.000878,TOP,303,1,50,202,40.392911
1771535675,2026-02-19 21:14:35,5.000878,TOP,303,2,57,116,23.195929
1771535675,2026-02-19 21:14:35,5.000878,TOP,88,1,56,37,7.398702
1771535675,2026-02-19 21:14:35,5.000878,TOP,88,2,54,3,0.599895
1771535675,2026-02-19 21:14:35,5.000878,TOP,30,1,127,0,0.000000
1771535675,2026-02-19 21:14:35,5.000878,TOP,30,2,126,158,31.594455
1771535675,2026-02-19 21:14:35,5.000878,TOP,34,1,106,0,0.000000
1771535675,2026-02-19 21:14:35,5.000878,TOP,34,2,107,0,0.000000
1771535675,2026-02-19 21:14:35,5.000878,TOP,74,1,108,101,20.196456
1771535675,2026-02-19 21:14:35,5.000878,TOP,74,2,110,232,46.391858
1771535675,2026-02-19 21:14:35,5.000878,TOP,47,1,112,21,4.199263
1771535675,2026-02-19 21:14:35,5.000878,TOP,47,2,114,239,47.791613
1771535675,2026-02-19 21:14:35,5.000878,TOP,115,1,116,36,7.198737
1771535675,2026-02-19 21:14:35,5.000878,TOP,115,2,118,223,44.592174
1771535675,2026-02-19 21:14:35,5.000878,TOP,46,1,119,0,0.000000
1771535675,2026-02-19 21:14:35,5.000878,TOP,46,2,117,11,2.199614
1771535675,2026-02-19 21:14:35,5.000878,TOP,167,1,115,121,24.195754
1771535675,2026-02-19 21:14:35,5.000878,TOP,167,2,113,81,16.197157
1771535675,2026-02-19 21:14:35,5.000878,TOP,90,1,111,204,40.792841
1771535675,2026-02-19 21:14:35,5.000878,TOP,90,2,109,8,1.599719
1771535675,2026-02-19 21:14:35,5.000878,TOP,302,1,120,0,0.000000
1771535675,2026-02-19 21:14:35,5.000878,TOP,302,2,121,0,0.000000
1771535675,2026-02-19 21:14:35,5.000878,TOP,62,1,122,0,0.000000
1771535675,2026-02-19 21:14:35,5.000878,TOP,62,2,123,0,0.000000
1771535675,2026-02-19 21:14:35,5.000878,TOP,44,1,124,0,0.000000
1771535675,2026-02-19 21:14:35,5.000878,TOP,44,2,125,0,0.000000
1771535675,2026-02-19 21:14:35,5.000878,TOP,61,1,55,152,30.394666
1771535675,2026-02-19 21:14:35,5.000878,TOP,61,2,51,0,0.000000
1771535675,2026-02-19 21:14:35,5.000878,BARREL,26,1,24,67,13.397649
1771535675,2026-02-19 21:14:35,5.000878,BARREL,26,2,25,42,8.398526
1771535675,2026-02-19 21:14:35,5.000878,BARREL,66,1,26,45,8.998421
1771535675,2026-02-19 21:14:35,5.000878,BARREL,66,2,27,37,7.398702
1771535675,2026-02-19 21:14:35,5.000878,BARREL,10,1,28,47,9.398351
1771535675,2026-02-19 21:14:35,5.000878,BARREL,10,2,29,57,11.398000
1771535675,2026-02-19 21:14:35,5.000878,BARREL,58,1,30,0,0.000000
1771535675,2026-02-19 21:14:35,5.000878,BARREL,58,2,31,0,0.000000
1771535675,2026-02-19 21:14:35,5.000878,BARREL,306,1,32,64,12.797754
1771535675,2026-02-19 21:14:35,5.000878,BARREL,306,2,33,25,4.999123
1771535675,2026-02-19 21:14:35,5.000878,BARREL,9,1,34,43,8.598491
1771535675,2026-02-19 21:14:35,5.000878,BARREL,9,2,35,0,0.000000
1771535675,2026-02-19 21:14:35,5.000878,BARREL,57,1,36,53,10.598140
1771535675,2026-02-19 21:14:35,5.000878,BARREL,57,2,37,15,2.999474
1771535675,2026-02-19 21:14:35,5.000878,BARREL,79,1,38,47,9.398351
1771535675,2026-02-19 21:14:35,5.000878,BARREL,79,2,39,58,11.597965
1771535675,2026-02-19 21:14:35,5.000878,BARREL,116,1,40,0,0.000000
1771535675,2026-02-19 21:14:35,5.000878,BARREL,116,2,41,61,12.197859
1771535675,2026-02-19 21:14:35,5.000878,BARREL,13,1,42,0,0.000000
1771535675,2026-02-19 21:14:35,5.000878,BARREL,13,2,43,0,0.000000
1771535675,2026-02-19 21:14:35,5.000878,BARREL,76,1,44,64,12.797754
1771535675,2026-02-19 21:14:35,5.000878,BARREL,76,2,45,28,5.599017
1771535675,2026-02-19 21:14:35,5.000878,BARREL,17,1,46,24,4.799158
1771535675,2026-02-19 21:14:35,5.000878,BARREL,17,2,47,48,9.598315
1771535675,2026-02-19 21:14:35,5.000878,BARREL,125,1,48,54,10.798105
1771535675,2026-02-19 21:14:35,5.000878,BARREL,125,2,49,22,4.399228
1771535675,2026-02-19 21:14:35,5.000878,BARREL,104,1,52,0,0.000000
1771535675,2026-02-19 21:14:35,5.000878,BARREL,104,2,53,426,85.185050
1771535675,2026-02-19 21:14:35,5.000878,BARREL,37,1,64,0,0.000000
1771535675,2026-02-19 21:14:35,5.000878,BARREL,37,2,65,0,0.000000
1771535675,2026-02-19 21:14:35,5.000878,BARREL,70,1,66,51,10.198210
1771535675,2026-02-19 21:14:35,5.000878,BARREL,70,2,67,0,0.000000
1771535675,2026-02-19 21:14:35,5.000878,BARREL,28,1,68,46,9.198386
1771535675,2026-02-19 21:14:35,5.000878,BARREL,28,2,69,58,11.597965
1771535675,2026-02-19 21:14:35,5.000878,BARREL,54,1,70,33,6.598842
1771535675,2026-02-19 21:14:35,5.000878,BARREL,54,2,71,0,0.000000
1771535675,2026-02-19 21:14:35,5.000878,BARREL,25,1,72,59,11.797929
1771535675,2026-02-19 21:14:35,5.000878,BARREL,25,2,73,0,0.000000
1771535675,2026-02-19 21:14:35,5.000878,BARREL,301,1,74,44,8.798456
1771535675,2026-02-19 21:14:35,5.000878,BARREL,301,2,75,66,13.197684
1771535675,2026-02-19 21:14:35,5.000878,BARREL,304,1,76,62,12.397824
1771535675,2026-02-19 21:14:35,5.000878,BARREL,304,2,77,44,8.798456
1771535675,2026-02-19 21:14:35,5.000878,BARREL,22,1,78,1915,382.932795
1771535675,2026-02-19 21:14:35,5.000878,BARREL,22,2,79,62,12.397824
1771535675,2026-02-19 21:14:35,5.000878,BARREL,4,1,80,65,12.997719
1771535675,2026-02-19 21:14:35,5.000878,BARREL,4,2,81,67,13.397649
1771535675,2026-02-19 21:14:35,5.000878,BARREL,12,1,82,56,11.198035
1771535675,2026-02-19 21:14:35,5.000878,BARREL,12,2,83,42,8.398526
1771535675,2026-02-19 21:14:35,5.000878,BARREL,99,1,84,57,11.398000
1771535675,2026-02-19 21:14:35,5.000878,BARREL,99,2,85,0,0.000000
1771535675,2026-02-19 21:14:35,5.000878,BARREL,56,1,86,54,10.798105
1771535675,2026-02-19 21:14:35,5.000878,BARREL,56,2,87,70,13.997543
1771535675,2026-02-19 21:14:35,5.000878,BARREL,122,1,88,29,5.798982
1771535675,2026-02-19 21:14:35,5.000878,BARREL,122,2,89,52,10.398175
1771535675,2026-02-19 21:14:35,5.000878,BARREL,55,1,90,33,6.598842
1771535675,2026-02-19 21:14:35,5.000878,BARREL,55,2,91,10,1.999649
1771535675,2026-02-19 21:14:35,5.000878,BARREL,83,1,92,14,2.799509
1771535675,2026-02-19 21:14:35,5.000878,BARREL,83,2,93,0,0.000000
1771535675,2026-02-19 21:14:35,5.000878,BARREL,97,1,94,12,2.399579
1771535675,2026-02-19 21:14:35,5.000878,BARREL,97,2,95,45,8.998421
1771535675,2026-02-19 21:14:35,5.000878,BARREL,84,1,96,60,11.997894
1771535675,2026-02-19 21:14:35,5.000878,BARREL,84,2,97,37,7.398702
1771535675,2026-02-19 21:14:35,5.000878,BARREL,305,1,98,53,10.598140
1771535675,2026-02-19 21:14:35,5.000878,BARREL,305,2,99,56,11.198035
1771535675,2026-02-19 21:14:35,5.000878,BARREL,2,1,100,23,4.599193
1771535675,2026-02-19 21:14:35,5.000878,BARREL,2,2,101,52,10.398175
1771535675,2026-02-19 21:14:35,5.000878,BARREL,45,1,102,66,13.197684
1771535675,2026-02-19 21:14:35,5.000878,BARREL,45,2,103,38,7.598666
1771535675,2026-02-19 21:14:35,5.000878,BARREL,77,1,-1,0,0.000000
1771535675,2026-02-19 21:14:35,5.000878,BARREL,77,2,-1,0,0.000000
1771535675,2026-02-19 21:14:35,5.000878,BOTTOM,11,1,2,36,7.198737
1771535675,2026-02-19 21:14:35,5.000878,BOTTOM,11,2,3,74,14.797403
1771535675,2026-02-19 21:14:35,5.000878,BOTTOM,38,1,4,156,31.194525
1771535675,2026-02-19 21:14:35,5.000878,BOTTOM,38,2,5,310,61.989121
1771535675,2026-02-19 21:14:35,5.000878,BOTTOM,96,1,6,198,39.593051
1771535675,2026-02-19 21:14:35,5.000878,BOTTOM,96,2,7,1553,310.545499
1771535675,2026-02-19 21:14:35,5.000878,BOTTOM,307,1,8,168,33.594104
1771535675,2026-02-19 21:14:35,5.000878,BOTTOM,307,2,9,644,128.777399
1771535675,2026-02-19 21:14:35,5.000878,BOTTOM,52,1,10,103,20.596385
1771535675,2026-02-19 21:14:35,5.000878,BOTTOM,52,2,11,203,40.592876
1771535675,2026-02-19 21:14:35,5.000878,BOTTOM,102,1,12,130,25.995438
1771535675,2026-02-19 21:14:35,5.000878,BOTTOM,102,2,13,289,57.789858
1771535675,2026-02-19 21:14:35,5.000878,BOTTOM,124,2,14,25,4.999123
1771535675,2026-02-19 21:14:35,5.000878,BOTTOM,124,1,15,121,24.195754
1771535675,2026-02-19 21:14:35,5.000878,BOTTOM,48,2,16,237,47.391683
1771535675,2026-02-19 21:14:35,5.000878,BOTTOM,48,1,17,118,23.595859
1771535675,2026-02-19 21:14:35,5.000878,BOTTOM,75,2,18,0,0.000000
1771535675,2026-02-19 21:14:35,5.000878,BOTTOM,75,1,19,7,1.399754
1771535675,2026-02-19 21:14:35,5.000878,BOTTOM,109,2,20,160,31.994385
1771535675,2026-02-19 21:14:35,5.000878,BOTTOM,109,1,21,153,30.594631
1771535675,2026-02-19 21:14:35,5.000878,BOTTOM,123,2,22,47,9.398351
1771535675,2026-02-19 21:14:35,5.000878,BOTTOM,123,1,23,20,3.999298
1771535680,2026-02-19 21:14:40,5.000883,TOP,103,1,63,0,0.000000
1771535680,2026-02-19 21:14:40,5.000883,TOP,103,2,62,0,0.000000
1771535680,2026-02-19 21:14:40,5.000883,TOP,300,1,58,0,0.000000
1771535680,2026-02-19 21:14:40,5.000883,TOP,300,2,59,0,0.000000
1771535680,2026-02-19 21:14:40,5.000883,TOP,80,1,60,190,37.993287
1771535680,2026-02-19 21:14:40,5.000883,TOP,80,2,61,195,38.993110
1771535680,2026-02-19 21:14:40,5.000883,TOP,303,1,50,220,43.992227
1771535680,2026-02-19 21:14:40,5.000883,TOP,303,2,57,91,18.196785
1771535680,2026-02-19 21:14:40,5.000883,TOP,88,1,56,37,7.398693
1771535680,2026-02-19 21:14:40,5.000883,TOP,88,2,54,5,0.999823
1771535680,2026-02-19 21:14:40,5.000883,TOP,30,1,127,0,0.000000
1771535680,2026-02-19 21:14:40,5.000883,TOP,30,2,126,184,36.793499
1771535680,2026-02-19 21:14:40,5.000883,TOP,34,1,106,0,0.000000
1771535680,2026-02-19 21:14:40,5.000883,TOP,34,2,107,0,0.000000
1771535680,2026-02-19 21:14:40,5.000883,TOP,74,1,108,93,18.596714
1771535680,2026-02-19 21:14:40,5.000883,TOP,74,2,110,184,36.793499
1771535680,2026-02-19 21:14:40,5.000883,TOP,47,1,112,17,3.399399
1771535680,2026-02-19 21:14:40,5.000883,TOP,47,2,114,229,45.791909
1771535680,2026-02-19 21:14:40,5.000883,TOP,115,1,116,48,9.598304
1771535680,2026-02-19 21:14:40,5.000883,TOP,115,2,118,211,42.192545
1771535680,2026-02-19 21:14:40,5.000883,TOP,46,1,119,0,0.000000
1771535680,2026-02-19 21:14:40,5.000883,TOP,46,2,117,14,2.799505
1771535680,2026-02-19 21:14:40,5.000883,TOP,167,1,115,128,25.595478
1771535680,2026-02-19 21:14:40,5.000883,TOP,167,2,113,81,16.197138
1771535680,2026-02-19 21:14:40,5.000883,TOP,90,1,111,199,39.792969
1771535680,2026-02-19 21:14:40,5.000883,TOP,90,2,109,11,2.199611
1771535680,2026-02-19 21:14:40,5.000883,TOP,302,1,120,0,0.000000
1771535680,2026-02-19 21:14:40,5.000883,TOP,302,2,121,0,0.000000
1771535680,2026-02-19 21:14:40,5.000883,TOP,62,1,122,0,0.000000
1771535680,2026-02-19 21:14:40,5.000883,TOP,62,2,123,0,0.000000
1771535680,2026-02-19 21:14:40,5.000883,TOP,44,1,124,0,0.000000
1771535680,2026-02-19 21:14:40,5.000883,TOP,44,2,125,0,0.000000
1771535680,2026-02-19 21:14:40,5.000883,TOP,61,1,55,156,31.194488
1771535680,2026-02-19 21:14:40,5.000883,TOP,61,2,51,0,0.000000
1771535680,2026-02-19 21:14:40,5.000883,BARREL,26,1,24,59,11.797915
1771535680,2026-02-19 21:14:40,5.000883,BARREL,26,2,25,41,8.198551
1771535680,2026-02-19 21:14:40,5.000883,BARREL,66,1,26,58,11.597951
1771535680,2026-02-19 21:14:40,5.000883,BARREL,66,2,27,22,4.399223
1771535680,2026-02-19 21:14:40,5.000883,BARREL,10,1,28,53,10.598127
1771535680,2026-02-19 21:14:40,5.000883,BARREL,10,2,29,62,12.397809
1771535680,2026-02-19 21:14:40,5.000883,BARREL,58,1,30,0,0.000000
1771535680,2026-02-19 21:14:40,5.000883,BARREL,58,2,31,0,0.000000
1771535680,2026-02-19 21:14:40,5.000883,BARREL,306,1,32,39,7.798622
1771535680,2026-02-19 21:14:40,5.000883,BARREL,306,2,33,44,8.798445
1771535680,2026-02-19 21:14:40,5.000883,BARREL,9,1,34,32,6.398869
1771535680,2026-02-19 21:14:40,5.000883,BARREL,9,2,35,0,0.000000
1771535680,2026-02-19 21:14:40,5.000883,BARREL,57,1,36,64,12.797739
1771535680,2026-02-19 21:14:40,5.000883,BARREL,57,2,37,17,3.399399
1771535680,2026-02-19 21:14:40,5.000883,BARREL,79,1,38,47,9.398339
1771535680,2026-02-19 21:14:40,5.000883,BARREL,79,2,39,73,14.597421
1771535680,2026-02-19 21:14:40,5.000883,BARREL,116,1,40,0,0.000000
1771535680,2026-02-19 21:14:40,5.000883,BARREL,116,2,41,56,11.198021
1771535680,2026-02-19 21:14:40,5.000883,BARREL,13,1,42,0,0.000000
1771535680,2026-02-19 21:14:40,5.000883,BARREL,13,2,43,0,0.000000
1771535680,2026-02-19 21:14:40,5.000883,BARREL,76,1,44,75,14.997350
1771535680,2026-02-19 21:14:40,5.000883,BARREL,76,2,45,38,7.598657
1771535680,2026-02-19 21:14:40,5.000883,BARREL,17,1,46,21,4.199258
1771535680,2026-02-19 21:14:40,5.000883,BARREL,17,2,47,45,8.998410
1771535680,2026-02-19 21:14:40,5.000883,BARREL,125,1,48,66,13.197668
1771535680,2026-02-19 21:14:40,5.000883,BARREL,125,2,49,22,4.399223
1771535680,2026-02-19 21:14:40,5.000883,BARREL,104,1,52,0,0.000000
1771535680,2026-02-19 21:14:40,5.000883,BARREL,104,2,53,432,86.384737
1771535680,2026-02-19 21:14:40,5.000883,BARREL,37,1,64,0,0.000000
1771535680,2026-02-19 21:14:40,5.000883,BARREL,37,2,65,0,0.000000
1771535680,2026-02-19 21:14:40,5.000883,BARREL,70,1,66,56,11.198021
1771535680,2026-02-19 21:14:40,5.000883,BARREL,70,2,67,0,0.000000
1771535680,2026-02-19 21:14:40,5.000883,BARREL,28,1,68,43,8.598481
1771535680,2026-02-19 21:14:40,5.000883,BARREL,28,2,69,62,12.397809
1771535680,2026-02-19 21:14:40,5.000883,BARREL,54,1,70,52,10.398163
1771535680,2026-02-19 21:14:40,5.000883,BARREL,54,2,71,0,0.000000
1771535680,2026-02-19 21:14:40,5.000883,BARREL,25,1,72,61,12.197845
1771535680,2026-02-19 21:14:40,5.000883,BARREL,25,2,73,0,0.000000
1771535680,2026-02-19 21:14:40,5.000883,BARREL,301,1,74,46,9.198375
1771535680,2026-02-19 21:14:40,5.000883,BARREL,301,2,75,56,11.198021
1771535680,2026-02-19 21:14:40,5.000883,BARREL,304,1,76,63,12.597774
1771535680,2026-02-19 21:14:40,5.000883,BARREL,304,2,77,53,10.598127
1771535680,2026-02-19 21:14:40,5.000883,BARREL,22,1,78,2133,426.524637
1771535680,2026-02-19 21:14:40,5.000883,BARREL,22,2,79,69,13.797562
1771535680,2026-02-19 21:14:40,5.000883,BARREL,4,1,80,50,9.998233
1771535680,2026-02-19 21:14:40,5.000883,BARREL,4,2,81,78,15.597244
1771535680,2026-02-19 21:14:40,5.000883,BARREL,12,1,82,55,10.998057
1771535680,2026-02-19 21:14:40,5.000883,BARREL,12,2,83,60,11.997880
1771535680,2026-02-19 21:14:40,5.000883,BARREL,99,1,84,56,11.198021
1771535680,2026-02-19 21:14:40,5.000883,BARREL,99,2,85,0,0.000000
1771535680,2026-02-19 21:14:40,5.000883,BARREL,56,1,86,50,9.998233
1771535680,2026-02-19 21:14:40,5.000883,BARREL,56,2,87,79,15.797209
1771535680,2026-02-19 21:14:40,5.000883,BARREL,122,1,88,39,7.798622
1771535680,2026-02-19 21:14:40,5.000883,BARREL,122,2,89,45,8.998410
1771535680,2026-02-19 21:14:40,5.000883,BARREL,55,1,90,41,8.198551
1771535680,2026-02-19 21:14:40,5.000883,BARREL,55,2,91,7,1.399753
1771535680,2026-02-19 21:14:40,5.000883,BARREL,83,1,92,13,2.599541
1771535680,2026-02-19 21:14:40,5.000883,BARREL,83,2,93,0,0.000000
1771535680,2026-02-19 21:14:40,5.000883,BARREL,97,1,94,6,1.199788
1771535680,2026-02-19 21:14:40,5.000883,BARREL,97,2,95,47,9.398339
1771535680,2026-02-19 21:14:40,5.000883,BARREL,84,1,96,47,9.398339
1771535680,2026-02-19 21:14:40,5.000883,BARREL,84,2,97,30,5.998940
1771535680,2026-02-19 21:14:40,5.000883,BARREL,305,1,98,53,10.598127
1771535680,2026-02-19 21:14:40,5.000883,BARREL,305,2,99,52,10.398163
1771535680,2026-02-19 21:14:40,5.000883,BARREL,2,1,100,37,7.398693
1771535680,2026-02-19 21:14:40,5.000883,BARREL,2,2,101,52,10.398163
1771535680,2026-02-19 21:14:40,5.000883,BARREL,45,1,102,60,11.997880
1771535680,2026-02-19 21:14:40,5.000883,BARREL,45,2,103,47,9.398339
1771535680,2026-02-19 21:14:40,5.000883,BARREL,77,1,-1,0,0.000000
1771535680,2026-02-19 21:14:40,5.000883,BARREL,77,2,-1,0,0.000000
1771535680,2026-02-19 21:14:40,5.000883,BOTTOM,11,1,2,37,7.398693
1771535680,2026-02-19 21:14:40,5.000883,BOTTOM,11,2,3,77,15.397279
1771535680,2026-02-19 21:14:40,5.000883,BOTTOM,38,1,4,183,36.593534
1771535680,2026-02-19 21:14:40,5.000883,BOTTOM,38,2,5,321,64.188658
1771535680,2026-02-19 21:14:40,5.000883,BOTTOM,96,1,6,182,36.393570
1771535680,2026-02-19 21:14:40,5.000883,BOTTOM,96,2,7,1530,305.945942
1771535680,2026-02-19 21:14:40,5.000883,BOTTOM,307,1,8,158,31.594418
1771535680,2026-02-19 21:14:40,5.000883,BOTTOM,307,2,9,656,131.176822
1771535680,2026-02-19 21:14:40,5.000883,BOTTOM,52,1,10,130,25.995407
1771535680,2026-02-19 21:14:40,5.000883,BOTTOM,52,2,11,206,41.192722
1771535680,2026-02-19 21:14:40,5.000883,BOTTOM,102,1,12,141,28.195018
1771535680,2026-02-19 21:14:40,5.000883,BOTTOM,102,2,13,248,49.591238
1771535680,2026-02-19 21:14:40,5.000883,BOTTOM,124,2,14,15,2.999470
1771535680,2026-02-19 21:14:40,5.000883,BOTTOM,124,1,15,93,18.596714
1771535680,2026-02-19 21:14:40,5.000883,BOTTOM,48,2,16,172,34.393923
1771535680,2026-02-19 21:14:40,5.000883,BOTTOM,48,1,17,127,25.395513
1771535680,2026-02-19 21:14:40,5.000883,BOTTOM,75,2,18,0,0.000000
1771535680,2026-02-19 21:14:40,5.000883,BOTTOM,75,1,19,17,3.399399
1771535680,2026-02-19 21:14:40,5.000883,BOTTOM,109,2,20,162,32.394276
1771535680,2026-02-19 21:14:40,5.000883,BOTTOM,109,1,21,179,35.793676
1771535680,2026-02-19 21:14:40,5.000883,BOTTOM,123,2,22,29,5.798975
1771535680,2026-02-19 21:14:40,5.000883,BOTTOM,123,1,23,17,3.399399
1771535685,2026-02-19 21:14:45,5.000933,TOP,103,1,63,0,0.000000
1771535685,2026-02-19 21:14:45,5.000933,TOP,103,2,62,0,0.000000
1771535685,2026-02-19 21:14:45,5.000933,TOP,300,1,58,0,0.000000
1771535685,2026-02-19 21:14:45,5.000933,TOP,300,2,59,0,0.000000
1771535685,2026-02-19 21:14:45,5.000933,TOP,80,1,60,219,43.791829
1771535685,2026-02-19 21:14:45,5.000933,TOP,80,2,61,217,43.391904
1771535685,2026-02-19 21:14:45,5.000933,TOP,303,1,50,235,46.991232
1771535685,2026-02-19 21:14:45,5.000933,TOP,303,2,57,120,23.995523
1771535685,2026-02-19 21:14:45,5.000933,TOP,88,1,56,38,7.598582
1771535685,2026-02-19 21:14:45,5.000933,TOP,88,2,54,12,2.399552
1771535685,2026-02-19 21:14:45,5.000933,TOP,30,1,127,0,0.000000
1771535685,2026-02-19 21:14:45,5.000933,TOP,30,2,126,198,39.592612
1771535685,2026-02-19 21:14:45,5.000933,TOP,34,1,106,0,0.000000
1771535685,2026-02-19 21:14:45,5.000933,TOP,34,2,107,0,0.000000
1771535685,2026-02-19 21:14:45,5.000933,TOP,74,1,108,83,16.596903
1771535685,2026-02-19 21:14:45,5.000933,TOP,74,2,110,200,39.992538
1771535685,2026-02-19 21:14:45,5.000933,TOP,47,1,112,18,3.599328
1771535685,2026-02-19 21:14:45,5.000933,TOP,47,2,114,238,47.591120
1771535685,2026-02-19 21:14:45,5.000933,TOP,115,1,116,42,8.398433
1771535685,2026-02-19 21:14:45,5.000933,TOP,115,2,118,222,44.391717
1771535685,2026-02-19 21:14:45,5.000933,TOP,46,1,119,0,0.000000
1771535685,2026-02-19 21:14:45,5.000933,TOP,46,2,117,16,3.199403
1771535685,2026-02-19 21:14:45,5.000933,TOP,167,1,115,137,27.394888
1771535685,2026-02-19 21:14:45,5.000933,TOP,167,2,113,83,16.596903
1771535685,2026-02-19 21:14:45,5.000933,TOP,90,1,111,211,42.192127
1771535685,2026-02-19 21:14:45,5.000933,TOP,90,2,109,8,1.599702
1771535685,2026-02-19 21:14:45,5.000933,TOP,302,1,120,0,0.000000
1771535685,2026-02-19 21:14:45,5.000933,TOP,302,2,121,0,0.000000
1771535685,2026-02-19 21:14:45,5.000933,TOP,62,1,122,0,0.000000
1771535685,2026-02-19 21:14:45,5.000933,TOP,62,2,123,0,0.000000
1771535685,2026-02-19 21:14:45,5.000933,TOP,44,1,124,0,0.000000
1771535685,2026-02-19 21:14:45,5.000933,TOP,44,2,125,0,0.000000
1771535685,2026-02-19 21:14:45,5.000933,TOP,61,1,55,170,33.993657
1771535685,2026-02-19 21:14:45,5.000933,TOP,61,2,51,0,0.000000
1771535685,2026-02-19 21:14:45,5.000933,BARREL,26,1,24,49,9.798172
1771535685,2026-02-19 21:14:45,5.000933,BARREL,26,2,25,40,7.998508
1771535685,2026-02-19 21:14:45,5.000933,BARREL,66,1,26,57,11.397873
1771535685,2026-02-19 21:14:45,5.000933,BARREL,66,2,27,42,8.398433
1771535685,2026-02-19 21:14:45,5.000933,BARREL,10,1,28,49,9.798172
1771535685,2026-02-19 21:14:45,5.000933,BARREL,10,2,29,47,9.398246
1771535685,2026-02-19 21:14:45,5.000933,BARREL,58,1,30,0,0.000000
1771535685,2026-02-19 21:14:45,5.000933,BARREL,58,2,31,0,0.000000
1771535685,2026-02-19 21:14:45,5.000933,BARREL,306,1,32,54,10.797985
1771535685,2026-02-19 21:14:45,5.000933,BARREL,306,2,33,35,6.998694
1771535685,2026-02-19 21:14:45,5.000933,BARREL,9,1,34,40,7.998508
1771535685,2026-02-19 21:14:45,5.000933,BARREL,9,2,35,0,0.000000
1771535685,2026-02-19 21:14:45,5.000933,BARREL,57,1,36,55,10.997948
1771535685,2026-02-19 21:14:45,5.000933,BARREL,57,2,37,14,2.799478
1771535685,2026-02-19 21:14:45,5.000933,BARREL,79,1,38,56,11.197911
1771535685,2026-02-19 21:14:45,5.000933,BARREL,79,2,39,60,11.997761
1771535685,2026-02-19 21:14:45,5.000933,BARREL,116,1,40,0,0.000000
1771535685,2026-02-19 21:14:45,5.000933,BARREL,116,2,41,57,11.397873
1771535685,2026-02-19 21:14:45,5.000933,BARREL,13,1,42,0,0.000000
1771535685,2026-02-19 21:14:45,5.000933,BARREL,13,2,43,0,0.000000
1771535685,2026-02-19 21:14:45,5.000933,BARREL,76,1,44,44,8.798358
1771535685,2026-02-19 21:14:45,5.000933,BARREL,76,2,45,45,8.998321
1771535685,2026-02-19 21:14:45,5.000933,BARREL,17,1,46,18,3.599328
1771535685,2026-02-19 21:14:45,5.000933,BARREL,17,2,47,47,9.398246
1771535685,2026-02-19 21:14:45,5.000933,BARREL,125,1,48,51,10.198097
1771535685,2026-02-19 21:14:45,5.000933,BARREL,125,2,49,23,4.599142
1771535685,2026-02-19 21:14:45,5.000933,BARREL,104,1,52,0,0.000000
1771535685,2026-02-19 21:14:45,5.000933,BARREL,104,2,53,499,99.781382
1771535685,2026-02-19 21:14:45,5.000933,BARREL,37,1,64,0,0.000000
1771535685,2026-02-19 21:14:45,5.000933,BARREL,37,2,65,0,0.000000
1771535685,2026-02-19 21:14:45,5.000933,BARREL,70,1,66,32,6.398806
1771535685,2026-02-19 21:14:45,5.000933,BARREL,70,2,67,0,0.000000
1771535685,2026-02-19 21:14:45,5.000933,BARREL,28,1,68,54,10.797985
1771535685,2026-02-19 21:14:45,5.000933,BARREL,28,2,69,56,11.197911
1771535685,2026-02-19 21:14:45,5.000933,BARREL,54,1,70,36,7.198657
1771535685,2026-02-19 21:14:45,5.000933,BARREL,54,2,71,0,0.000000
1771535685,2026-02-19 21:14:45,5.000933,BARREL,25,1,72,57,11.397873
1771535685,2026-02-19 21:14:45,5.000933,BARREL,25,2,73,0,0.000000
1771535685,2026-02-19 21:14:45,5.000933,BARREL,301,1,74,44,8.798358
1771535685,2026-02-19 21:14:45,5.000933,BARREL,301,2,75,67,13.397500
1771535685,2026-02-19 21:14:45,5.000933,BARREL,304,1,76,55,10.997948
1771535685,2026-02-19 21:14:45,5.000933,BARREL,304,2,77,43,8.598396
1771535685,2026-02-19 21:14:45,5.000933,BARREL,22,1,78,2263,452.515566
1771535685,2026-02-19 21:14:45,5.000933,BARREL,22,2,79,73,14.597276
1771535685,2026-02-19 21:14:45,5.000933,BARREL,4,1,80,57,11.397873
1771535685,2026-02-19 21:14:45,5.000933,BARREL,4,2,81,69,13.797426
1771535685,2026-02-19 21:14:45,5.000933,BARREL,12,1,82,46,9.198284
1771535685,2026-02-19 21:14:45,5.000933,BARREL,12,2,83,50,9.998134
1771535685,2026-02-19 21:14:45,5.000933,BARREL,99,1,84,64,12.797612
1771535685,2026-02-19 21:14:45,5.000933,BARREL,99,2,85,0,0.000000
1771535685,2026-02-19 21:14:45,5.000933,BARREL,56,1,86,55,10.997948
1771535685,2026-02-19 21:14:45,5.000933,BARREL,56,2,87,62,12.397687
1771535685,2026-02-19 21:14:45,5.000933,BARREL,122,1,88,37,7.398620
1771535685,2026-02-19 21:14:45,5.000933,BARREL,122,2,89,53,10.598023
1771535685,2026-02-19 21:14:45,5.000933,BARREL,55,1,90,36,7.198657
1771535685,2026-02-19 21:14:45,5.000933,BARREL,55,2,91,6,1.199776
1771535685,2026-02-19 21:14:45,5.000933,BARREL,83,1,92,11,2.199590
1771535685,2026-02-19 21:14:45,5.000933,BARREL,83,2,93,0,0.000000
1771535685,2026-02-19 21:14:45,5.000933,BARREL,97,1,94,14,2.799478
1771535685,2026-02-19 21:14:45,5.000933,BARREL,97,2,95,45,8.998321
1771535685,2026-02-19 21:14:45,5.000933,BARREL,84,1,96,57,11.397873
1771535685,2026-02-19 21:14:45,5.000933,BARREL,84,2,97,43,8.598396
1771535685,2026-02-19 21:14:45,5.000933,BARREL,305,1,98,67,13.397500
1771535685,2026-02-19 21:14:45,5.000933,BARREL,305,2,99,54,10.797985
1771535685,2026-02-19 21:14:45,5.000933,BARREL,2,1,100,27,5.398993
1771535685,2026-02-19 21:14:45,5.000933,BARREL,2,2,101,59,11.797799
1771535685,2026-02-19 21:14:45,5.000933,BARREL,45,1,102,43,8.598396
1771535685,2026-02-19 21:14:45,5.000933,BARREL,45,2,103,24,4.799105
1771535685,2026-02-19 21:14:45,5.000933,BARREL,77,1,-1,0,0.000000
1771535685,2026-02-19 21:14:45,5.000933,BARREL,77,2,-1,0,0.000000
1771535685,2026-02-19 21:14:45,5.000933,BOTTOM,11,1,2,41,8.198470
1771535685,2026-02-19 21:14:45,5.000933,BOTTOM,11,2,3,69,13.797426
1771535685,2026-02-19 21:14:45,5.000933,BOTTOM,38,1,4,171,34.193620
1771535685,2026-02-19 21:14:45,5.000933,BOTTOM,38,2,5,282,56.389478
1771535685,2026-02-19 21:14:45,5.000933,BOTTOM,96,1,6,196,39.192687
1771535685,2026-02-19 21:14:45,5.000933,BOTTOM,96,2,7,1584,316.740900
1771535685,2026-02-19 21:14:45,5.000933,BOTTOM,307,1,8,156,31.194180
1771535685,2026-02-19 21:14:45,5.000933,BOTTOM,307,2,9,652,130.375673
1771535685,2026-02-19 21:14:45,5.000933,BOTTOM,52,1,10,112,22.395821
1771535685,2026-02-19 21:14:45,5.000933,BOTTOM,52,2,11,173,34.593545
1771535685,2026-02-19 21:14:45,5.000933,BOTTOM,102,1,12,138,27.594851
1771535685,2026-02-19 21:14:45,5.000933,BOTTOM,102,2,13,269,53.789963
1771535685,2026-02-19 21:14:45,5.000933,BOTTOM,124,2,14,13,2.599515
1771535685,2026-02-19 21:14:45,5.000933,BOTTOM,124,1,15,114,22.795747
1771535685,2026-02-19 21:14:45,5.000933,BOTTOM,48,2,16,291,58.189143
1771535685,2026-02-19 21:14:45,5.000933,BOTTOM,48,1,17,119,23.795560
1771535685,2026-02-19 21:14:45,5.000933,BOTTOM,75,2,18,0,0.000000
1771535685,2026-02-19 21:14:45,5.000933,BOTTOM,75,1,19,5,0.999813
1771535685,2026-02-19 21:14:45,5.000933,BOTTOM,109,2,20,177,35.393396
1771535685,2026-02-19 21:14:45,5.000933,BOTTOM,109,1,21,184,36.793135
1771535685,2026-02-19 21:14:45,5.000933,BOTTOM,123,2,22,34,6.798731
1771535685,2026-02-19 21:14:45,5.000933,BOTTOM,123,1,23,13,2.599515
